miRNA,Lung_F1,Lung_F2,Lung_F3,Lung_M1,Lung_M2,Lung_M3
mmu-let-7a-1-3p/7c-2-3p,962.0,901.0,345.0,201.0,389.0,298.0
mmu-let-7a-2-3p,0.0,0.0,0.0,7.0,5.0,5.0
mmu-let-7a-5p,56102.0,42749.0,38150.0,78875.0,131515.0,111151.0
mmu-let-7b-3p,990.0,809.0,361.0,782.0,844.0,785.0
mmu-let-7b-5p,23479.0,19559.0,13924.0,40197.0,54801.0,58068.0
mmu-let-7c-1-3p,11.0,10.0,0.0,3.0,13.0,8.0
mmu-let-7c-5p,79417.0,60642.0,46252.0,157558.0,203035.0,226476.0
mmu-let-7d-3p,2572.0,2255.0,1142.0,1781.0,2833.0,2171.0
mmu-let-7d-5p,6948.0,5311.0,4223.0,19601.0,26700.0,27719.0
mmu-let-7e-3p,134.0,103.0,32.0,47.0,100.0,79.0
mmu-let-7e-5p/7k,4895.0,3427.0,2742.0,5954.0,10222.0,8669.0
mmu-let-7f-1-3p,0.0,0.0,0.0,0.0,92.0,109.0
mmu-let-7f-2-3p,0.0,0.0,0.0,0.0,0.0,0.0
mmu-let-7f-5p,159718.0,109494.0,115174.0,237334.0,333838.0,325136.0
mmu-let-7g-3p,81.0,94.0,29.0,28.0,32.0,41.0
mmu-let-7g-5p,28259.0,20843.0,17124.0,28579.0,38751.0,39538.0
mmu-let-7i-3p,47.0,166.0,66.0,38.0,71.0,88.0
mmu-let-7i-5p,65879.0,52008.0,41215.0,77651.0,117789.0,102428.0
mmu-let-7j,0.0,0.0,0.0,0.0,0.0,0.0
mmu-miR-100-3p,15.0,6.0,3.0,7.0,10.0,6.0
mmu-miR-100-5p,7059.0,7431.0,2463.0,12853.0,12985.0,16952.0
mmu-miR-101a-3p/101b-3p/101c,41253.0,64567.0,34137.0,29774.0,30393.0,41986.0
mmu-miR-101a-5p,84.0,96.0,19.0,95.0,94.0,184.0
mmu-miR-101b-5p,0.0,0.0,0.0,0.0,0.0,0.0
mmu-miR-103-1-5p/103-2-5p,5.0,4.0,2.0,0.0,9.0,10.0
mmu-miR-103-3p/107-3p,19773.0,17062.0,10215.0,12739.0,14354.0,17718.0
mmu-miR-105,0.0,0.0,0.0,0.0,0.0,0.0
mmu-miR-106a-3p,0.0,0.0,0.0,0.0,0.0,0.0
mmu-miR-106a-5p,12.0,8.0,0.0,0.0,16.0,10.0
mmu-miR-106b-3p,393.0,243.0,170.0,411.0,454.0,532.0
mmu-miR-106b-5p,700.0,744.0,299.0,481.0,570.0,735.0
mmu-miR-107-5p,3.0,6.0,0.0,2.0,0.0,0.0
mmu-miR-10a-3p,494.0,430.0,137.0,412.0,477.0,625.0
mmu-miR-10a-5p,2031829.0,1921170.0,995806.0,3272116.0,3433750.0,4534059.0
mmu-miR-10b-3p,6.0,20.0,4.0,15.0,13.0,19.0
mmu-miR-10b-5p,83890.0,171525.0,59815.0,74889.0,67203.0,111188.0
mmu-miR-1187,0.0,0.0,0.0,0.0,0.0,0.0
mmu-miR-1188-3p,0.0,0.0,0.0,0.0,0.0,0.0
mmu-miR-1188-5p,0.0,0.0,0.0,0.0,0.0,0.0
mmu-miR-1190,0.0,0.0,0.0,0.0,0.0,0.0
mmu-miR-1191a,0.0,0.0,0.0,0.0,18.0,21.0
mmu-miR-1191b-3p,0.0,0.0,0.0,0.0,0.0,0.0
mmu-miR-1191b-5p,12.0,24.0,16.0,35.0,24.0,35.0
mmu-miR-1192,0.0,0.0,0.0,0.0,0.0,0.0
mmu-miR-1193-3p,0.0,0.0,0.0,0.0,0.0,4.0
mmu-miR-1193-5p,0.0,0.0,0.0,0.0,0.0,0.0
mmu-miR-1194,0.0,0.0,0.0,0.0,0.0,5.0
mmu-miR-1195,0.0,0.0,0.0,20.0,0.0,0.0
mmu-miR-1197-3p,0.0,0.0,0.0,0.0,0.0,0.0
mmu-miR-1197-5p,0.0,0.0,0.0,0.0,0.0,0.0
mmu-miR-1198-3p,3.0,4.0,0.0,11.0,6.0,16.0
mmu-miR-1198-5p,286.0,241.0,114.0,306.0,419.0,422.0
mmu-miR-1199-3p,5.0,6.0,0.0,8.0,8.0,10.0
mmu-miR-1199-5p,0.0,11.0,18.0,24.0,46.0,51.0
mmu-miR-12178-3p,0.0,0.0,0.0,10.0,13.0,14.0
mmu-miR-12178-5p,0.0,0.0,0.0,0.0,0.0,0.0
mmu-miR-12179-5p,0.0,0.0,0.0,0.0,0.0,0.0
mmu-miR-12180-3p,0.0,0.0,0.0,0.0,0.0,0.0
mmu-miR-12181-3p,0.0,0.0,0.0,0.0,0.0,0.0
mmu-miR-12181-5p,0.0,0.0,0.0,0.0,0.0,0.0
mmu-miR-12182-3p,0.0,0.0,0.0,4.0,0.0,0.0
mmu-miR-12182-5p,0.0,0.0,0.0,0.0,0.0,0.0
mmu-miR-12183-5p,0.0,0.0,0.0,0.0,0.0,0.0
mmu-miR-12184-3p,0.0,0.0,0.0,0.0,0.0,0.0
mmu-miR-12184-5p,0.0,0.0,0.0,0.0,0.0,0.0
mmu-miR-12185-3p,0.0,0.0,0.0,0.0,0.0,0.0
mmu-miR-12185-5p,0.0,0.0,0.0,0.0,0.0,0.0
mmu-miR-12186-3p,0.0,0.0,0.0,0.0,0.0,0.0
mmu-miR-12186-5p,0.0,0.0,0.0,0.0,0.0,0.0
mmu-miR-12187-3p,0.0,0.0,0.0,0.0,0.0,0.0
mmu-miR-12187-5p,0.0,0.0,0.0,0.0,0.0,0.0
mmu-miR-12188-3p,0.0,0.0,0.0,0.0,0.0,0.0
mmu-miR-12188-5p,0.0,0.0,0.0,0.0,0.0,0.0
mmu-miR-12189-3p,0.0,0.0,0.0,0.0,0.0,3.0
mmu-miR-12190-3p,0.0,0.0,0.0,0.0,0.0,0.0
mmu-miR-12191-3p,9.0,0.0,0.0,17.0,11.0,5.0
mmu-miR-12191-5p,0.0,0.0,0.0,0.0,0.0,0.0
mmu-miR-12192-5p,0.0,0.0,0.0,0.0,0.0,0.0
mmu-miR-12193-3p,0.0,0.0,0.0,0.0,0.0,0.0
mmu-miR-12193-5p,0.0,0.0,0.0,0.0,0.0,0.0
mmu-miR-12194-3p,0.0,0.0,0.0,5.0,0.0,0.0
mmu-miR-12195-3p,8.0,0.0,0.0,0.0,8.0,12.0
mmu-miR-12195-5p,0.0,0.0,0.0,0.0,0.0,0.0
mmu-miR-12196-3p,0.0,0.0,0.0,0.0,0.0,0.0
mmu-miR-12196-5p,0.0,0.0,0.0,0.0,0.0,0.0
mmu-miR-12197-3p,0.0,0.0,0.0,0.0,0.0,0.0
mmu-miR-12198-3p,0.0,0.0,0.0,0.0,0.0,0.0
mmu-miR-12199-3p,18.0,14.0,8.0,18.0,32.0,21.0
mmu-miR-122-3p,0.0,0.0,0.0,0.0,4.0,2.0
mmu-miR-122-5p,22.0,54.0,36.0,137.0,403.0,250.0
mmu-miR-12200-3p,0.0,0.0,0.0,0.0,0.0,0.0
mmu-miR-12200-5p,0.0,0.0,0.0,0.0,0.0,0.0
mmu-miR-12201-3p,0.0,0.0,0.0,6.0,10.0,0.0
mmu-miR-12201-5p,0.0,0.0,0.0,0.0,0.0,0.0
mmu-miR-12202-3p,4.0,0.0,0.0,3.0,0.0,6.0
mmu-miR-12202-5p,0.0,0.0,0.0,0.0,0.0,0.0
mmu-miR-12203-3p,0.0,0.0,0.0,0.0,0.0,0.0
mmu-miR-12203-5p,0.0,0.0,0.0,0.0,0.0,0.0
mmu-miR-12204-5p,0.0,0.0,0.0,0.0,0.0,0.0
mmu-miR-12205-3p,0.0,0.0,0.0,0.0,0.0,0.0
mmu-miR-12205-5p,5.0,0.0,0.0,0.0,5.0,0.0
mmu-miR-12206-5p,0.0,0.0,0.0,0.0,0.0,0.0
mmu-miR-1224-3p,0.0,0.0,0.0,0.0,0.0,0.0
mmu-miR-1224-5p,0.0,0.0,0.0,0.0,0.0,0.0
mmu-miR-122b-3p,0.0,0.0,0.0,0.0,0.0,0.0
mmu-miR-122b-5p,0.0,0.0,0.0,0.0,0.0,0.0
mmu-miR-1231-3p,0.0,0.0,0.0,8.0,4.0,0.0
mmu-miR-1231-5p,0.0,2.0,0.0,0.0,0.0,0.0
mmu-miR-124-3p,0.0,0.0,0.0,0.0,0.0,0.0
mmu-miR-124-5p,0.0,0.0,0.0,0.0,0.0,0.0
mmu-miR-1247-3p,3.0,0.0,0.0,0.0,7.0,10.0
mmu-miR-1247-5p,0.0,48.0,31.0,209.0,298.0,215.0
mmu-miR-1249-3p,416.0,363.0,158.0,694.0,651.0,828.0
mmu-miR-1249-5p,0.0,0.0,0.0,0.0,0.0,0.0
mmu-miR-124b-3p,0.0,0.0,0.0,0.0,0.0,0.0
mmu-miR-1251-3p,0.0,0.0,0.0,0.0,0.0,0.0
mmu-miR-1251-5p,0.0,0.0,0.0,0.0,0.0,0.0
mmu-miR-1258-3p,0.0,0.0,0.0,0.0,0.0,0.0
mmu-miR-1258-5p,2.0,0.0,0.0,0.0,0.0,2.0
mmu-miR-125a-3p,48.0,56.0,29.0,140.0,205.0,202.0
mmu-miR-125a-5p,86924.0,62463.0,29395.0,232451.0,261477.0,278357.0
mmu-miR-125b-1-3p,393.0,234.0,121.0,710.0,906.0,1128.0
mmu-miR-125b-2-3p,1524.0,3227.0,1545.0,4353.0,4613.0,5651.0
mmu-miR-125b-5p,9560.0,7672.0,3204.0,27640.0,31409.0,36193.0
mmu-miR-1264-3p,161.0,88.0,39.0,114.0,120.0,181.0
mmu-miR-1264-5p,4.0,6.0,5.0,7.0,5.0,10.0
mmu-miR-126a-3p,77191.0,55299.0,21857.0,55697.0,72684.0,79035.0
mmu-miR-126a-5p,160292.0,96340.0,37654.0,33537.0,59881.0,39240.0
mmu-miR-126b-3p,0.0,0.0,0.0,0.0,0.0,0.0
mmu-miR-126b-5p,0.0,0.0,0.0,0.0,0.0,0.0
mmu-miR-127-3p,4553.0,4562.0,1277.0,3586.0,3150.0,5114.0
mmu-miR-127-5p,15.0,31.0,12.0,21.0,5.0,26.0
mmu-miR-1271-3p,0.0,0.0,0.0,0.0,0.0,0.0
mmu-miR-1271-5p,0.0,0.0,0.0,0.0,0.0,0.0
mmu-miR-128-1-5p,22.0,18.0,13.0,18.0,14.0,37.0
mmu-miR-128-2-5p,0.0,0.0,0.0,0.0,0.0,0.0
mmu-miR-128-3p,312.0,165.0,93.0,543.0,1206.0,590.0
mmu-miR-129-1-3p/129-2-3p,4.0,10.0,3.0,0.0,6.0,5.0
mmu-miR-129-5p,0.0,0.0,0.0,5.0,5.0,4.0
mmu-miR-1291,0.0,0.0,0.0,0.0,0.0,0.0
mmu-miR-1298-3p,48.0,46.0,31.0,32.0,30.0,37.0
mmu-miR-1298-5p,1455.0,1006.0,565.0,722.0,665.0,915.0
mmu-miR-129b-3p,0.0,0.0,0.0,0.0,0.0,0.0
mmu-miR-129b-5p,0.0,0.0,0.0,0.0,0.0,0.0
mmu-miR-1306-3p,0.0,0.0,0.0,8.0,18.0,18.0
mmu-miR-1306-5p,11.0,0.0,12.0,0.0,102.0,66.0
mmu-miR-130a-3p,10143.0,10595.0,2810.0,15592.0,18086.0,19721.0
mmu-miR-130a-5p,4.0,0.0,0.0,3.0,4.0,11.0
mmu-miR-130b-3p,313.0,249.0,45.0,687.0,991.0,871.0
mmu-miR-130b-5p,10.0,20.0,5.0,67.0,83.0,75.0
mmu-miR-130c,0.0,0.0,0.0,0.0,0.0,0.0
mmu-miR-132-3p,122.0,166.0,93.0,104.0,184.0,141.0
mmu-miR-132-5p,10.0,12.0,4.0,12.0,14.0,21.0
mmu-miR-133a-3p/133b-3p,1334.0,7748.0,1535.0,12095.0,2280.0,29347.0
mmu-miR-133a-5p,6.0,22.0,7.0,16.0,3.0,43.0
mmu-miR-133b-5p,0.0,0.0,0.0,0.0,0.0,0.0
mmu-miR-133c,0.0,0.0,0.0,0.0,0.0,0.0
mmu-miR-134-3p,0.0,0.0,0.0,0.0,0.0,0.0
mmu-miR-134-5p,55.0,0.0,25.0,26.0,23.0,44.0
mmu-miR-135a-1-3p,0.0,0.0,0.0,0.0,0.0,0.0
mmu-miR-135a-2-3p,0.0,0.0,0.0,0.0,0.0,0.0
mmu-miR-135a-5p,8.0,14.0,0.0,3.0,7.0,8.0
mmu-miR-135b-3p,0.0,0.0,0.0,0.0,0.0,0.0
mmu-miR-135b-5p,8.0,5.0,3.0,3.0,5.0,12.0
mmu-miR-136-3p,965.0,1136.0,337.0,302.0,298.0,454.0
mmu-miR-136-5p,129.0,173.0,50.0,162.0,151.0,236.0
mmu-miR-137-3p,0.0,2.0,0.0,0.0,0.0,6.0
mmu-miR-137-5p,0.0,0.0,0.0,0.0,0.0,0.0
mmu-miR-138-1-3p,0.0,0.0,0.0,7.0,0.0,0.0
mmu-miR-138-2-3p,0.0,0.0,0.0,3.0,0.0,0.0
mmu-miR-138-5p,31.0,23.0,6.0,9.0,25.0,44.0
mmu-miR-139-3p,13.0,9.0,0.0,64.0,45.0,90.0
mmu-miR-139-5p,101.0,124.0,25.0,148.0,209.0,236.0
mmu-miR-140-3p,6687.0,15323.0,12960.0,11042.0,11486.0,16369.0
mmu-miR-140-5p,712.0,827.0,215.0,588.0,539.0,855.0
mmu-miR-141-3p,103902.0,97163.0,31640.0,160544.0,147797.0,219725.0
mmu-miR-141-5p,153.0,189.0,110.0,204.0,219.0,273.0
mmu-miR-142a-3p,2064.0,2338.0,660.0,3450.0,3522.0,5359.0
mmu-miR-142a-5p,33724.0,23761.0,5512.0,49845.0,58542.0,72439.0
mmu-miR-142b,0.0,0.0,0.0,0.0,0.0,0.0
mmu-miR-143-3p,412838.0,1120099.0,712542.0,1460653.0,1433349.0,2202540.0
mmu-miR-143-5p,228.0,287.0,216.0,394.0,439.0,609.0
mmu-miR-144-3p,2100.0,1577.0,465.0,3634.0,3644.0,4623.0
mmu-miR-144-5p,2780.0,1669.0,1547.0,1474.0,1590.0,1748.0
mmu-miR-145a-3p,3193.0,3329.0,1247.0,5279.0,6296.0,8131.0
mmu-miR-145a-5p,12046.0,16441.0,4713.0,13536.0,12741.0,24858.0
mmu-miR-145b,0.0,0.0,0.0,0.0,0.0,11.0
mmu-miR-146a-3p,5.0,0.0,0.0,0.0,8.0,0.0
mmu-miR-146a-5p,233220.0,140476.0,64331.0,355477.0,440253.0,463368.0
mmu-miR-146b-3p,9.0,13.0,6.0,22.0,26.0,22.0
mmu-miR-146b-5p,438586.0,265497.0,196634.0,324490.0,314006.0,383046.0
mmu-miR-147-3p,39.0,12.0,7.0,10.0,4.0,20.0
mmu-miR-147-5p,65.0,27.0,4.0,24.0,30.0,29.0
mmu-miR-148a-3p,51287.0,91800.0,48514.0,50982.0,56320.0,69507.0
mmu-miR-148a-5p,934.0,1213.0,829.0,924.0,951.0,1235.0
mmu-miR-148b-3p,9122.0,10711.0,4262.0,9549.0,10882.0,13075.0
mmu-miR-148b-5p,309.0,250.0,159.0,378.0,447.0,498.0
mmu-miR-149-3p,0.0,0.0,0.0,0.0,0.0,0.0
mmu-miR-149-5p,56.0,103.0,28.0,172.0,125.0,307.0
mmu-miR-150-3p,24.0,29.0,8.0,84.0,59.0,147.0
mmu-miR-150-5p,4467.0,3846.0,1059.0,12669.0,11000.0,18164.0
mmu-miR-151-3p,78278.0,56632.0,24275.0,97433.0,114379.0,122322.0
mmu-miR-151-5p,15398.0,11686.0,3774.0,42501.0,52155.0,56097.0
mmu-miR-152-3p,3392.0,2839.0,1536.0,3980.0,4591.0,5690.0
mmu-miR-152-5p,1409.0,1595.0,1030.0,627.0,713.0,734.0
mmu-miR-153-3p,363.0,389.0,100.0,354.0,451.0,518.0
mmu-miR-153-5p,26.0,10.0,6.0,6.0,11.0,21.0
mmu-miR-154-3p,0.0,0.0,0.0,0.0,2.0,2.0
mmu-miR-154-5p,0.0,13.0,0.0,9.0,6.0,6.0
mmu-miR-155-3p,0.0,0.0,0.0,0.0,0.0,0.0
mmu-miR-155-5p,616.0,628.0,284.0,716.0,587.0,808.0
mmu-miR-15a-3p,80.0,73.0,26.0,165.0,186.0,240.0
mmu-miR-15a-5p,1608.0,1737.0,511.0,2252.0,2462.0,3207.0
mmu-miR-15b-3p,156.0,149.0,54.0,67.0,69.0,102.0
mmu-miR-15b-5p,1815.0,1545.0,603.0,4029.0,4814.0,5203.0
mmu-miR-16-1-3p,80.0,86.0,54.0,75.0,76.0,107.0
mmu-miR-16-2-3p,113.0,77.0,36.0,79.0,140.0,149.0
mmu-miR-16-5p,96607.0,74972.0,23249.0,133586.0,148735.0,179841.0
mmu-miR-1668,0.0,0.0,0.0,0.0,0.0,0.0
mmu-miR-17-3p,57.0,70.0,30.0,199.0,206.0,226.0
mmu-miR-17-5p,743.0,742.0,276.0,547.0,727.0,763.0
mmu-miR-181a-1-3p,1534.0,1332.0,679.0,722.0,858.0,989.0
mmu-miR-181a-2-3p,339.0,314.0,263.0,516.0,508.0,704.0
mmu-miR-181a-5p,437405.0,272951.0,229005.0,591031.0,687336.0,754396.0
mmu-miR-181b-1-3p,0.0,0.0,0.0,0.0,0.0,0.0
mmu-miR-181b-2-3p,0.0,0.0,0.0,0.0,0.0,8.0
mmu-miR-181b-5p,13077.0,11745.0,7977.0,20408.0,24249.0,26034.0
mmu-miR-181c-3p,472.0,745.0,418.0,528.0,573.0,731.0
mmu-miR-181c-5p,56734.0,57772.0,28903.0,46689.0,54750.0,61872.0
mmu-miR-181d-3p,0.0,5.0,0.0,0.0,0.0,0.0
mmu-miR-181d-5p,3911.0,3844.0,2432.0,4190.0,4940.0,5454.0
mmu-miR-182-3p,0.0,0.0,0.0,0.0,5.0,7.0
mmu-miR-182-5p,32110.0,27718.0,20497.0,27819.0,34880.0,36383.0
mmu-miR-183-3p,15.0,6.0,0.0,24.0,19.0,34.0
mmu-miR-183-5p,17958.0,17236.0,3545.0,11890.0,12798.0,14580.0
mmu-miR-1839-3p,210.0,166.0,85.0,126.0,143.0,208.0
mmu-miR-1839-5p,1640.0,1141.0,1079.0,2486.0,3091.0,3344.0
mmu-miR-184-3p,51.0,145.0,55.0,122.0,144.0,162.0
mmu-miR-184-5p,0.0,0.0,0.0,0.0,0.0,0.0
mmu-miR-1843a-3p,19.0,26.0,14.0,87.0,82.0,84.0
mmu-miR-1843a-5p/1843b-5p,2339.0,1867.0,1302.0,2429.0,2815.0,3196.0
mmu-miR-1843b-3p,183.0,88.0,60.0,161.0,164.0,209.0
mmu-miR-185-3p,0.0,13.0,8.0,16.0,23.0,26.0
mmu-miR-185-5p,262.0,220.0,101.0,589.0,784.0,834.0
mmu-miR-186-3p,6.0,19.0,0.0,0.0,11.0,12.0
mmu-miR-186-5p,43988.0,32012.0,10367.0,34432.0,40094.0,44430.0
mmu-miR-187-3p,310.0,275.0,85.0,302.0,324.0,426.0
mmu-miR-187-5p,0.0,24.0,14.0,76.0,99.0,95.0
mmu-miR-188-3p,12.0,15.0,2.0,22.0,35.0,34.0
mmu-miR-188-5p,25.0,32.0,11.0,19.0,15.0,17.0
mmu-miR-1892,0.0,0.0,0.0,0.0,0.0,0.0
mmu-miR-1893,0.0,0.0,0.0,0.0,0.0,0.0
mmu-miR-1894-3p,0.0,0.0,0.0,0.0,0.0,0.0
mmu-miR-1894-5p,0.0,0.0,0.0,0.0,0.0,0.0
mmu-miR-1895,0.0,0.0,0.0,0.0,0.0,0.0
mmu-miR-1896,0.0,0.0,0.0,0.0,0.0,0.0
mmu-miR-1897-3p,0.0,0.0,0.0,0.0,0.0,0.0
mmu-miR-1897-5p,0.0,0.0,0.0,0.0,0.0,0.0
mmu-miR-1898,0.0,0.0,0.0,0.0,0.0,0.0
mmu-miR-1899,0.0,0.0,0.0,0.0,0.0,0.0
mmu-miR-18a-3p,110.0,72.0,38.0,402.0,288.0,421.0
mmu-miR-18a-5p,82.0,66.0,15.0,50.0,62.0,84.0
mmu-miR-18b-3p,4.0,0.0,0.0,23.0,6.0,21.0
mmu-miR-18b-5p,6.0,6.0,0.0,5.0,0.0,10.0
mmu-miR-1900,0.0,0.0,0.0,0.0,0.0,0.0
mmu-miR-1901,0.0,0.0,0.0,0.0,0.0,0.0
mmu-miR-1902,0.0,0.0,0.0,0.0,0.0,0.0
mmu-miR-1903,0.0,0.0,0.0,0.0,0.0,0.0
mmu-miR-1904,0.0,0.0,0.0,0.0,0.0,0.0
mmu-miR-1905,0.0,0.0,0.0,0.0,0.0,0.0
mmu-miR-1906,0.0,0.0,0.0,0.0,0.0,0.0
mmu-miR-1907,0.0,0.0,0.0,0.0,0.0,0.0
mmu-miR-190a-3p,10.0,18.0,3.0,7.0,12.0,5.0
mmu-miR-190a-5p,162.0,193.0,98.0,66.0,84.0,101.0
mmu-miR-190b-3p,0.0,0.0,0.0,8.0,7.0,8.0
mmu-miR-190b-5p,32.0,38.0,21.0,24.0,25.0,53.0
mmu-miR-191-3p,20.0,14.0,6.0,25.0,39.0,45.0
mmu-miR-191-5p,147321.0,100556.0,34453.0,185338.0,231499.0,219015.0
mmu-miR-1911-3p,0.0,0.0,0.0,0.0,0.0,0.0
mmu-miR-1911-5p,0.0,0.0,0.0,0.0,0.0,0.0
mmu-miR-1912-3p,53.0,42.0,13.0,57.0,35.0,59.0
mmu-miR-1912-5p,55.0,37.0,14.0,15.0,0.0,16.0
mmu-miR-192-3p,8.0,0.0,0.0,0.0,0.0,11.0
mmu-miR-192-5p,26406.0,23030.0,13005.0,17475.0,17932.0,23204.0
mmu-miR-1927,0.0,0.0,0.0,12.0,20.0,11.0
mmu-miR-1928,0.0,0.0,0.0,0.0,0.0,0.0
mmu-miR-1929-3p,0.0,0.0,0.0,0.0,0.0,0.0
mmu-miR-1929-5p,0.0,0.0,0.0,0.0,0.0,0.0
mmu-miR-1930-3p,0.0,0.0,0.0,0.0,0.0,0.0
mmu-miR-1930-5p,0.0,0.0,0.0,0.0,0.0,2.0
mmu-miR-1931,0.0,0.0,0.0,0.0,0.0,0.0
mmu-miR-1932,0.0,0.0,0.0,0.0,0.0,0.0
mmu-miR-1933-3p,5.0,4.0,0.0,6.0,7.0,11.0
mmu-miR-1933-5p,0.0,0.0,0.0,0.0,0.0,0.0
mmu-miR-1934-3p,0.0,0.0,0.0,0.0,0.0,0.0
mmu-miR-1934-5p,0.0,5.0,0.0,6.0,8.0,7.0
mmu-miR-1936,0.0,0.0,0.0,0.0,0.0,0.0
mmu-miR-1938,0.0,0.0,0.0,0.0,0.0,2.0
mmu-miR-193a-3p,77.0,302.0,39.0,97.0,107.0,158.0
mmu-miR-193a-5p,6.0,13.0,5.0,31.0,30.0,28.0
mmu-miR-193b-3p,317.0,604.0,134.0,212.0,248.0,307.0
mmu-miR-193b-5p,0.0,0.0,0.0,0.0,0.0,5.0
mmu-miR-194-1-3p,0.0,0.0,0.0,0.0,0.0,0.0
mmu-miR-194-2-3p,0.0,0.0,0.0,0.0,4.0,0.0
mmu-miR-194-5p,596.0,541.0,180.0,751.0,809.0,1087.0
mmu-miR-1941-3p,41.0,27.0,9.0,32.0,46.0,45.0
mmu-miR-1941-5p,12.0,4.0,9.0,24.0,45.0,44.0
mmu-miR-1942,0.0,0.0,0.0,0.0,0.0,0.0
mmu-miR-1943-3p,3.0,0.0,0.0,8.0,3.0,8.0
mmu-miR-1943-5p,158.0,136.0,111.0,498.0,564.0,667.0
mmu-miR-1945,0.0,0.0,0.0,0.0,4.0,0.0
mmu-miR-1946a,0.0,0.0,0.0,0.0,0.0,0.0
mmu-miR-1946b,0.0,0.0,0.0,0.0,0.0,0.0
mmu-miR-1947-3p,0.0,0.0,0.0,0.0,0.0,0.0
mmu-miR-1947-5p,45.0,28.0,21.0,89.0,87.0,89.0
mmu-miR-1948-3p,3.0,4.0,0.0,10.0,7.0,10.0
mmu-miR-1948-5p,3.0,0.0,0.0,0.0,6.0,4.0
mmu-miR-1949,0.0,0.0,0.0,0.0,0.0,0.0
mmu-miR-1950,0.0,0.0,0.0,0.0,0.0,0.0
mmu-miR-1951,0.0,0.0,0.0,0.0,0.0,0.0
mmu-miR-1952,0.0,0.0,0.0,0.0,0.0,0.0
mmu-miR-1953,0.0,3.0,0.0,2.0,5.0,0.0
mmu-miR-1954,2.0,0.0,0.0,8.0,8.0,8.0
mmu-miR-1955-3p,11.0,7.0,4.0,9.0,10.0,9.0
mmu-miR-1955-5p,13.0,12.0,9.0,37.0,59.0,58.0
mmu-miR-1956,0.0,0.0,0.0,0.0,0.0,0.0
mmu-miR-1958,0.0,0.0,0.0,0.0,0.0,0.0
mmu-miR-195a-3p,383.0,267.0,196.0,285.0,415.0,397.0
mmu-miR-195a-5p,14568.0,13204.0,4480.0,20676.0,22688.0,27209.0
mmu-miR-195b,0.0,0.0,0.0,0.0,0.0,0.0
mmu-miR-1960,0.0,0.0,2.0,6.0,9.0,12.0
mmu-miR-1961,0.0,0.0,0.0,0.0,0.0,0.0
mmu-miR-1962,0.0,0.0,0.0,0.0,0.0,0.0
mmu-miR-1963,0.0,0.0,0.0,0.0,0.0,0.0
mmu-miR-1964-3p,68.0,58.0,27.0,102.0,126.0,115.0
mmu-miR-1964-5p,0.0,0.0,0.0,0.0,0.0,8.0
mmu-miR-1966-3p,11.0,0.0,0.0,0.0,29.0,0.0
mmu-miR-1966-5p,0.0,0.0,0.0,0.0,0.0,0.0
mmu-miR-1967,0.0,0.0,0.0,0.0,0.0,0.0
mmu-miR-1968-3p,0.0,0.0,0.0,9.0,0.0,0.0
mmu-miR-1968-5p,11.0,12.0,14.0,33.0,79.0,38.0
mmu-miR-1969,0.0,0.0,0.0,0.0,2.0,0.0
mmu-miR-196a-1-3p,0.0,0.0,0.0,0.0,0.0,0.0
mmu-miR-196a-2-3p,0.0,0.0,0.0,0.0,0.0,0.0
mmu-miR-196a-5p,0.0,0.0,0.0,0.0,0.0,0.0
mmu-miR-196b-3p,0.0,0.0,0.0,0.0,0.0,0.0
mmu-miR-196b-5p,7.0,0.0,0.0,24.0,35.0,21.0
mmu-miR-1970,0.0,0.0,0.0,0.0,0.0,7.0
mmu-miR-1970b-5p,0.0,0.0,0.0,0.0,0.0,0.0
mmu-miR-1970c-3p,0.0,2.0,0.0,0.0,4.0,0.0
mmu-miR-1970c-5p,0.0,0.0,0.0,0.0,0.0,0.0
mmu-miR-1971,0.0,0.0,0.0,0.0,0.0,0.0
mmu-miR-1981-3p,85.0,66.0,25.0,88.0,91.0,106.0
mmu-miR-1981-5p,53.0,40.0,38.0,81.0,109.0,89.0
mmu-miR-1982-3p,19.0,13.0,6.0,23.0,18.0,30.0
mmu-miR-1982-5p,0.0,0.0,0.0,0.0,0.0,0.0
mmu-miR-1983,11.0,6.0,0.0,0.0,11.0,0.0
mmu-miR-199a-3p/199b-3p,48879.0,35359.0,12700.0,36987.0,39860.0,50842.0
mmu-miR-199a-5p,4964.0,4802.0,1658.0,6336.0,6329.0,8329.0
mmu-miR-199b-5p,713.0,872.0,228.0,496.0,558.0,774.0
mmu-miR-19a-3p,573.0,592.0,143.0,207.0,229.0,328.0
mmu-miR-19a-5p,12.0,5.0,0.0,0.0,12.0,9.0
mmu-miR-19b-1-5p,0.0,0.0,0.0,0.0,0.0,0.0
mmu-miR-19b-2-5p,0.0,0.0,0.0,0.0,0.0,0.0
mmu-miR-19b-3p,4028.0,4473.0,1483.0,1461.0,1686.0,2252.0
mmu-miR-1a-1-5p,0.0,0.0,0.0,0.0,0.0,0.0
mmu-miR-1a-2-5p,0.0,0.0,0.0,0.0,0.0,0.0
mmu-miR-1a-3p,1038.0,4811.0,2806.0,9525.0,1885.0,26091.0
mmu-miR-1b-3p,0.0,6.0,2.0,6.0,3.0,6.0
mmu-miR-1b-5p,0.0,0.0,0.0,0.0,0.0,0.0
mmu-miR-200a-3p,10965.0,12217.0,6885.0,8175.0,9560.0,11907.0
mmu-miR-200a-5p,181.0,162.0,110.0,116.0,142.0,188.0
mmu-miR-200b-3p,14730.0,12864.0,5516.0,8437.0,9941.0,11475.0
mmu-miR-200b-5p,66.0,70.0,27.0,95.0,153.0,138.0
mmu-miR-200c-3p,3247.0,3298.0,1992.0,2247.0,2918.0,2743.0
mmu-miR-200c-5p,4.0,8.0,0.0,0.0,5.0,7.0
mmu-miR-201-3p,0.0,0.0,0.0,0.0,0.0,0.0
mmu-miR-201-5p,10.0,10.0,0.0,4.0,8.0,9.0
mmu-miR-202-3p,0.0,0.0,0.0,0.0,0.0,0.0
mmu-miR-202-5p,0.0,0.0,0.0,0.0,0.0,0.0
mmu-miR-203-3p,5633.0,3954.0,2029.0,3267.0,3529.0,4756.0
mmu-miR-203-5p,0.0,7.0,3.0,15.0,10.0,18.0
mmu-miR-203b-3p,0.0,36.0,3.0,0.0,0.0,0.0
mmu-miR-203b-5p,0.0,0.0,0.0,0.0,0.0,0.0
mmu-miR-204-3p,0.0,0.0,0.0,0.0,0.0,0.0
mmu-miR-204-5p,180.0,177.0,44.0,99.0,200.0,219.0
mmu-miR-205-3p,0.0,5.0,0.0,6.0,0.0,13.0
mmu-miR-205-5p,102.0,208.0,62.0,130.0,117.0,522.0
mmu-miR-206-3p,0.0,0.0,0.0,0.0,0.0,8.0
mmu-miR-206-5p,0.0,0.0,0.0,0.0,0.0,0.0
mmu-miR-207,0.0,0.0,0.0,0.0,0.0,0.0
mmu-miR-208a-3p,9.0,144.0,31.0,213.0,21.0,504.0
mmu-miR-208a-5p,0.0,7.0,0.0,12.0,0.0,21.0
mmu-miR-208b-3p,915.0,477.0,156.0,422.0,406.0,461.0
mmu-miR-208b-5p,0.0,0.0,0.0,0.0,0.0,0.0
mmu-miR-20a-3p,49.0,45.0,9.0,79.0,64.0,89.0
mmu-miR-20a-5p,861.0,900.0,393.0,610.0,704.0,763.0
mmu-miR-20b-3p,0.0,0.0,0.0,0.0,0.0,0.0
mmu-miR-20b-5p,22.0,22.0,0.0,24.0,18.0,26.0
mmu-miR-210-3p,209.0,356.0,131.0,213.0,287.0,317.0
mmu-miR-210-5p,8.0,11.0,3.0,20.0,16.0,11.0
mmu-miR-211-3p,0.0,0.0,0.0,0.0,0.0,4.0
mmu-miR-211-5p,43.0,63.0,5.0,110.0,91.0,210.0
mmu-miR-212-3p,42.0,18.0,6.0,30.0,65.0,49.0
mmu-miR-212-5p,39.0,25.0,9.0,84.0,101.0,70.0
mmu-miR-2136,0.0,0.0,0.0,0.0,0.0,0.0
mmu-miR-2137,0.0,0.0,0.0,0.0,0.0,0.0
mmu-miR-2139,0.0,0.0,0.0,0.0,0.0,0.0
mmu-miR-214-3p,960.0,808.0,341.0,1495.0,1533.0,1873.0
mmu-miR-214-5p,103.0,113.0,30.0,83.0,75.0,107.0
mmu-miR-215-3p,6.0,0.0,0.0,0.0,0.0,0.0
mmu-miR-215-5p,122.0,77.0,59.0,112.0,98.0,193.0
mmu-miR-216a-3p,0.0,0.0,0.0,0.0,0.0,0.0
mmu-miR-216a-5p,0.0,0.0,0.0,0.0,0.0,0.0
mmu-miR-216b-3p,0.0,0.0,0.0,0.0,0.0,0.0
mmu-miR-216b-5p,0.0,0.0,0.0,0.0,0.0,0.0
mmu-miR-216c-3p,0.0,0.0,0.0,0.0,0.0,0.0
mmu-miR-216c-5p,0.0,0.0,0.0,0.0,0.0,0.0
mmu-miR-217-3p,0.0,0.0,0.0,0.0,0.0,0.0
mmu-miR-217-5p,0.0,0.0,0.0,0.0,0.0,0.0
mmu-miR-218-1-3p,31.0,26.0,9.0,52.0,56.0,47.0
mmu-miR-218-2-3p,0.0,0.0,0.0,0.0,0.0,0.0
mmu-miR-218-5p,1240.0,1219.0,470.0,937.0,916.0,1191.0
mmu-miR-2183,0.0,0.0,0.0,0.0,0.0,0.0
mmu-miR-219a-1-3p,42.0,28.0,8.0,43.0,50.0,40.0
mmu-miR-219a-2-3p,0.0,0.0,0.0,0.0,0.0,0.0
mmu-miR-219a-5p,44.0,63.0,18.0,36.0,17.0,42.0
mmu-miR-219b-3p,0.0,0.0,0.0,0.0,0.0,0.0
mmu-miR-219b-5p,0.0,0.0,0.0,0.0,0.0,0.0
mmu-miR-219c-3p,0.0,7.0,0.0,6.0,5.0,4.0
mmu-miR-219c-5p,0.0,0.0,0.0,0.0,0.0,0.0
mmu-miR-21a-3p,126.0,665.0,432.0,1126.0,1339.0,1700.0
mmu-miR-21a-5p,130927.0,97877.0,55658.0,62230.0,74279.0,88105.0
mmu-miR-21b,0.0,0.0,0.0,0.0,0.0,0.0
mmu-miR-21c,0.0,0.0,0.0,0.0,0.0,0.0
mmu-miR-22-3p,92896.0,93894.0,37015.0,177489.0,221656.0,236958.0
mmu-miR-22-5p,121.0,123.0,43.0,84.0,138.0,124.0
mmu-miR-221-3p,7724.0,6209.0,3415.0,5228.0,7034.0,7094.0
mmu-miR-221-5p,280.0,266.0,96.0,668.0,809.0,778.0
mmu-miR-222-3p,4454.0,2995.0,2784.0,4214.0,5707.0,4880.0
mmu-miR-222-5p,20.0,19.0,10.0,26.0,25.0,37.0
mmu-miR-223-3p,825.0,806.0,297.0,1199.0,1441.0,2330.0
mmu-miR-223-5p,19.0,15.0,8.0,55.0,81.0,91.0
mmu-miR-224-3p,0.0,5.0,0.0,5.0,5.0,0.0
mmu-miR-224-5p,285.0,196.0,75.0,439.0,531.0,546.0
mmu-miR-23a-3p/23b-3p,41233.0,33753.0,15796.0,57734.0,76945.0,74267.0
mmu-miR-23a-5p,0.0,0.0,0.0,0.0,0.0,0.0
mmu-miR-23b-5p,7.0,5.0,3.0,8.0,9.0,13.0
mmu-miR-24-1-5p,187.0,183.0,85.0,266.0,245.0,350.0
mmu-miR-24-2-5p,4924.0,4160.0,1986.0,11362.0,13201.0,14771.0
mmu-miR-24-3p,74199.0,74850.0,39191.0,142989.0,119689.0,205570.0
mmu-miR-25-3p,9636.0,8751.0,5102.0,8526.0,9782.0,11306.0
mmu-miR-25-5p,14.0,7.0,6.0,28.0,37.0,28.0
mmu-miR-26a-1-3p,12.0,9.0,3.0,0.0,8.0,5.0
mmu-miR-26a-2-3p,53.0,56.0,21.0,27.0,30.0,65.0
mmu-miR-26a-5p,1020040.0,719891.0,303685.0,1904331.0,2211675.0,2440008.0
mmu-miR-26b-3p,61.0,42.0,21.0,191.0,262.0,247.0
mmu-miR-26b-5p,106833.0,90333.0,48461.0,92107.0,90931.0,138842.0
mmu-miR-27a-3p/27b-3p,237639.0,229545.0,98711.0,349907.0,397920.0,450295.0
mmu-miR-27a-5p,48.0,54.0,44.0,81.0,105.0,108.0
mmu-miR-27b-5p,172.0,117.0,71.0,158.0,257.0,201.0
mmu-miR-2861,0.0,0.0,0.0,0.0,0.0,0.0
mmu-miR-28a-3p,292.0,549.0,342.0,458.0,565.0,600.0
mmu-miR-28a-5p/28c,789.0,677.0,260.0,1015.0,1258.0,1504.0
mmu-miR-28b,0.0,0.0,0.0,0.0,0.0,0.0
mmu-miR-290a-3p,0.0,0.0,0.0,0.0,0.0,0.0
mmu-miR-290a-5p,0.0,0.0,0.0,0.0,0.0,0.0
mmu-miR-290b-3p,0.0,0.0,0.0,0.0,0.0,0.0
mmu-miR-290b-5p,0.0,0.0,0.0,0.0,0.0,0.0
mmu-miR-291a-3p,0.0,0.0,0.0,0.0,0.0,0.0
mmu-miR-291a-5p/291b-5p,0.0,0.0,0.0,0.0,0.0,0.0
mmu-miR-291b-3p,0.0,0.0,0.0,0.0,0.0,0.0
mmu-miR-292a-3p,0.0,0.0,0.0,0.0,4.0,0.0
mmu-miR-292a-5p,0.0,0.0,0.0,0.0,0.0,0.0
mmu-miR-292b-3p,0.0,0.0,0.0,0.0,0.0,0.0
mmu-miR-292b-5p,0.0,0.0,0.0,0.0,0.0,0.0
mmu-miR-293-3p,0.0,0.0,0.0,0.0,0.0,4.0
mmu-miR-293-5p,0.0,0.0,0.0,0.0,0.0,0.0
mmu-miR-294-3p,0.0,0.0,0.0,0.0,0.0,0.0
mmu-miR-294-5p,0.0,0.0,0.0,0.0,0.0,0.0
mmu-miR-295-3p,0.0,5.0,4.0,3.0,9.0,5.0
mmu-miR-295-5p,0.0,0.0,0.0,0.0,0.0,0.0
mmu-miR-296-3p,0.0,0.0,0.0,7.0,11.0,8.0
mmu-miR-296-5p,12.0,12.0,6.0,5.0,11.0,18.0
mmu-miR-297a-3p/297b-3p/297c-3p,2.0,3.0,0.0,3.0,0.0,8.0
mmu-miR-297a-5p,0.0,0.0,0.0,0.0,11.0,9.0
mmu-miR-297b-5p,4.0,0.0,0.0,5.0,7.0,0.0
mmu-miR-297c-5p,0.0,0.0,0.0,0.0,0.0,0.0
mmu-miR-298-3p,0.0,0.0,0.0,0.0,0.0,0.0
mmu-miR-298-5p,15.0,18.0,10.0,55.0,52.0,70.0
mmu-miR-299a-3p/299b-3p,7.0,22.0,8.0,6.0,5.0,15.0
mmu-miR-299a-5p/299b-5p,8.0,19.0,5.0,2.0,4.0,6.0
mmu-miR-29a-3p,25330.0,20732.0,5444.0,30422.0,33866.0,43289.0
mmu-miR-29a-5p,135.0,135.0,42.0,64.0,73.0,85.0
mmu-miR-29b-1-5p,9.0,10.0,0.0,17.0,19.0,19.0
mmu-miR-29b-2-5p,40.0,37.0,12.0,20.0,29.0,31.0
mmu-miR-29b-3p,2350.0,2867.0,549.0,2511.0,2727.0,3466.0
mmu-miR-29c-3p,3898.0,3534.0,895.0,3859.0,4182.0,5451.0
mmu-miR-29c-5p,170.0,185.0,73.0,121.0,112.0,137.0
mmu-miR-300-3p,143.0,172.0,61.0,131.0,125.0,196.0
mmu-miR-300-5p,4.0,0.0,0.0,0.0,0.0,0.0
mmu-miR-301a-3p,5118.0,4528.0,1226.0,1963.0,2224.0,2665.0
mmu-miR-301a-5p,6.0,7.0,4.0,8.0,8.0,14.0
mmu-miR-301b-3p,32.0,15.0,7.0,23.0,41.0,42.0
mmu-miR-301b-5p,0.0,0.0,0.0,0.0,0.0,0.0
mmu-miR-302a-3p,0.0,0.0,0.0,0.0,0.0,0.0
mmu-miR-302a-5p,0.0,0.0,0.0,0.0,0.0,0.0
mmu-miR-302b-3p,0.0,0.0,0.0,0.0,0.0,0.0
mmu-miR-302b-5p,0.0,0.0,0.0,0.0,0.0,0.0
mmu-miR-302c-3p,0.0,0.0,0.0,0.0,0.0,0.0
mmu-miR-302c-5p,0.0,0.0,0.0,0.0,0.0,0.0
mmu-miR-302d-3p,0.0,0.0,0.0,0.0,0.0,0.0
mmu-miR-302d-5p,0.0,0.0,0.0,0.0,0.0,0.0
mmu-miR-3057-3p,3.0,0.0,0.0,0.0,8.0,0.0
mmu-miR-3057-5p,71.0,47.0,47.0,134.0,139.0,133.0
mmu-miR-3058-3p,0.0,0.0,0.0,6.0,4.0,9.0
mmu-miR-3058-5p,0.0,0.0,0.0,0.0,5.0,6.0
mmu-miR-3059-3p,0.0,0.0,0.0,0.0,0.0,0.0
mmu-miR-3059-5p,0.0,0.0,0.0,0.0,0.0,0.0
mmu-miR-3060-3p,0.0,0.0,0.0,15.0,15.0,11.0
mmu-miR-3060-5p,0.0,0.0,0.0,0.0,0.0,0.0
mmu-miR-3061-3p,31.0,15.0,11.0,32.0,33.0,37.0
mmu-miR-3061-5p,7.0,6.0,4.0,15.0,13.0,16.0
mmu-miR-3062-3p,0.0,0.0,0.0,0.0,0.0,0.0
mmu-miR-3062-5p,0.0,0.0,0.0,0.0,0.0,0.0
mmu-miR-3063-3p,0.0,0.0,0.0,0.0,0.0,0.0
mmu-miR-3063-5p,0.0,0.0,0.0,0.0,0.0,0.0
mmu-miR-3064-3p,7.0,4.0,2.0,0.0,2.0,8.0
mmu-miR-3064-5p,0.0,0.0,0.0,0.0,7.0,0.0
mmu-miR-3065-3p,0.0,0.0,0.0,0.0,0.0,0.0
mmu-miR-3065-5p,0.0,0.0,0.0,0.0,4.0,9.0
mmu-miR-3066-3p,0.0,0.0,0.0,0.0,0.0,0.0
mmu-miR-3066-5p,19.0,12.0,6.0,8.0,13.0,10.0
mmu-miR-3067-3p,0.0,0.0,0.0,0.0,0.0,0.0
mmu-miR-3067-5p,0.0,0.0,0.0,0.0,0.0,0.0
mmu-miR-3068-3p,248.0,166.0,79.0,192.0,235.0,318.0
mmu-miR-3068-5p,209.0,244.0,78.0,26.0,52.0,69.0
mmu-miR-3069-3p,0.0,0.0,0.0,0.0,6.0,0.0
mmu-miR-3069-5p,0.0,4.0,0.0,0.0,0.0,0.0
mmu-miR-3070-2-3p,0.0,0.0,0.0,0.0,0.0,0.0
mmu-miR-3070-3p,0.0,0.0,0.0,0.0,0.0,0.0
mmu-miR-3070-5p,0.0,0.0,0.0,0.0,0.0,0.0
mmu-miR-3071-3p,0.0,0.0,0.0,0.0,0.0,0.0
mmu-miR-3071-5p,0.0,0.0,0.0,0.0,0.0,0.0
mmu-miR-3072-3p,0.0,0.0,0.0,0.0,2.0,0.0
mmu-miR-3072-5p,0.0,0.0,0.0,0.0,0.0,0.0
mmu-miR-3073a-3p,0.0,0.0,0.0,0.0,0.0,0.0
mmu-miR-3073a-5p,0.0,0.0,0.0,0.0,0.0,0.0
mmu-miR-3073b-3p,0.0,2.0,0.0,0.0,0.0,0.0
mmu-miR-3073b-5p,0.0,0.0,0.0,0.0,0.0,0.0
mmu-miR-3074-1-3p,15.0,17.0,0.0,18.0,19.0,33.0
mmu-miR-3074-2-3p,0.0,0.0,0.0,0.0,0.0,0.0
mmu-miR-3074-5p,15.0,10.0,0.0,29.0,37.0,47.0
mmu-miR-3075-3p,0.0,0.0,0.0,0.0,0.0,0.0
mmu-miR-3075-5p,0.0,0.0,0.0,0.0,0.0,0.0
mmu-miR-3076-3p,6.0,0.0,0.0,14.0,8.0,0.0
mmu-miR-3076-5p,0.0,0.0,0.0,0.0,0.0,0.0
mmu-miR-3077-3p,0.0,0.0,0.0,0.0,0.0,4.0
mmu-miR-3077-5p,0.0,0.0,0.0,0.0,0.0,0.0
mmu-miR-3078-3p,0.0,0.0,0.0,0.0,0.0,0.0
mmu-miR-3078-5p,0.0,0.0,0.0,0.0,0.0,0.0
mmu-miR-3079-3p,0.0,0.0,0.0,0.0,6.0,0.0
mmu-miR-3079-5p,7.0,0.0,0.0,10.0,8.0,8.0
mmu-miR-3080-3p,0.0,0.0,0.0,0.0,0.0,0.0
mmu-miR-3080-5p,0.0,0.0,0.0,0.0,0.0,0.0
mmu-miR-3081-3p,0.0,0.0,7.0,11.0,4.0,0.0
mmu-miR-3081-5p,0.0,0.0,0.0,0.0,0.0,0.0
mmu-miR-3082-3p,108.0,0.0,0.0,267.0,228.0,346.0
mmu-miR-3082-5p,0.0,0.0,0.0,0.0,0.0,0.0
mmu-miR-3083-3p,0.0,0.0,0.0,5.0,0.0,0.0
mmu-miR-3083-5p,0.0,2.0,0.0,4.0,6.0,7.0
mmu-miR-3083b-3p,0.0,0.0,0.0,0.0,0.0,0.0
mmu-miR-3083b-5p,0.0,0.0,0.0,0.0,0.0,0.0
mmu-miR-3084-3p,67.0,60.0,10.0,191.0,163.0,193.0
mmu-miR-3084-5p,3.0,4.0,0.0,9.0,7.0,12.0
mmu-miR-3085-3p,0.0,0.0,0.0,0.0,0.0,0.0
mmu-miR-3085-5p,0.0,0.0,0.0,0.0,0.0,0.0
mmu-miR-3086-3p,4.0,0.0,0.0,0.0,0.0,0.0
mmu-miR-3086-5p,44.0,31.0,21.0,34.0,43.0,42.0
mmu-miR-3087-3p,0.0,0.0,0.0,0.0,0.0,7.0
mmu-miR-3087-5p,0.0,0.0,0.0,0.0,0.0,0.0
mmu-miR-3088-3p,4.0,5.0,0.0,6.0,0.0,18.0
mmu-miR-3088-5p,0.0,0.0,0.0,0.0,0.0,0.0
mmu-miR-3089-3p,0.0,0.0,0.0,0.0,0.0,0.0
mmu-miR-3089-5p,0.0,0.0,0.0,0.0,0.0,0.0
mmu-miR-3090-3p,0.0,0.0,0.0,0.0,0.0,0.0
mmu-miR-3090-5p,0.0,0.0,0.0,0.0,0.0,0.0
mmu-miR-3091-3p,0.0,0.0,0.0,0.0,0.0,0.0
mmu-miR-3091-5p,0.0,0.0,0.0,0.0,0.0,0.0
mmu-miR-3092-3p,0.0,0.0,0.0,0.0,0.0,0.0
mmu-miR-3092-5p,0.0,0.0,0.0,0.0,0.0,0.0
mmu-miR-3093-3p,0.0,0.0,0.0,0.0,0.0,0.0
mmu-miR-3093-5p,0.0,0.0,0.0,0.0,0.0,0.0
mmu-miR-3094-3p,0.0,0.0,0.0,0.0,0.0,3.0
mmu-miR-3094-5p,0.0,0.0,0.0,0.0,0.0,0.0
mmu-miR-3095-3p,6.0,0.0,0.0,3.0,2.0,0.0
mmu-miR-3095-5p,0.0,0.0,0.0,0.0,0.0,0.0
mmu-miR-3097-3p,0.0,0.0,0.0,0.0,0.0,10.0
mmu-miR-3097-5p,0.0,0.0,0.0,0.0,0.0,3.0
mmu-miR-3098-3p,0.0,0.0,0.0,0.0,12.0,10.0
mmu-miR-3098-5p,0.0,0.0,0.0,3.0,0.0,6.0
mmu-miR-3099-3p,0.0,0.0,0.0,0.0,0.0,0.0
mmu-miR-3099-5p,0.0,0.0,0.0,0.0,0.0,0.0
mmu-miR-30a-3p,6100.0,11888.0,6007.0,7381.0,12552.0,9416.0
mmu-miR-30a-5p,2041665.0,1893587.0,838941.0,1837774.0,1923336.0,2535211.0
mmu-miR-30b-3p,585.0,553.0,271.0,517.0,702.0,772.0
mmu-miR-30b-5p,32168.0,31242.0,10523.0,20460.0,27305.0,27360.0
mmu-miR-30c-1-3p,35.0,18.0,6.0,104.0,107.0,137.0
mmu-miR-30c-2-3p,417.0,597.0,416.0,683.0,1108.0,911.0
mmu-miR-30c-5p,95782.0,76016.0,29440.0,57419.0,76378.0,78324.0
mmu-miR-30d-3p,1543.0,1202.0,518.0,1160.0,1276.0,1530.0
mmu-miR-30d-5p,432994.0,357096.0,179073.0,491162.0,524018.0,647880.0
mmu-miR-30e-3p,2137.0,2555.0,1418.0,1590.0,2809.0,2018.0
mmu-miR-30e-5p,133905.0,122150.0,46057.0,81618.0,89765.0,112925.0
mmu-miR-30f,0.0,0.0,0.0,0.0,0.0,0.0
mmu-miR-31-3p,41.0,48.0,15.0,20.0,21.0,33.0
mmu-miR-31-5p,830.0,635.0,417.0,1649.0,2039.0,2276.0
mmu-miR-3100-3p,0.0,0.0,0.0,0.0,0.0,0.0
mmu-miR-3100-5p,0.0,0.0,0.0,0.0,0.0,0.0
mmu-miR-3101-3p,0.0,0.0,0.0,0.0,0.0,0.0
mmu-miR-3101-5p,0.0,0.0,0.0,0.0,0.0,0.0
mmu-miR-3102-3p,306.0,209.0,98.0,281.0,406.0,354.0
mmu-miR-3102-3p.2-3p,0.0,0.0,0.0,0.0,0.0,0.0
mmu-miR-3102-5p,0.0,0.0,0.0,0.0,0.0,0.0
mmu-miR-3102-5p.2-5p,2.0,0.0,0.0,7.0,10.0,16.0
mmu-miR-3103-3p,14.0,4.0,4.0,13.0,10.0,19.0
mmu-miR-3103-5p,0.0,0.0,0.0,0.0,6.0,7.0
mmu-miR-3104-3p,0.0,0.0,0.0,0.0,0.0,0.0
mmu-miR-3104-5p,0.0,0.0,0.0,0.0,0.0,0.0
mmu-miR-3105-3p,17.0,21.0,5.0,26.0,23.0,29.0
mmu-miR-3105-5p,0.0,0.0,0.0,0.0,3.0,4.0
mmu-miR-3106-3p,0.0,0.0,0.0,0.0,0.0,0.0
mmu-miR-3106-5p,0.0,0.0,0.0,0.0,0.0,0.0
mmu-miR-3108-3p,0.0,0.0,0.0,0.0,0.0,0.0
mmu-miR-3108-5p,0.0,0.0,0.0,2.0,0.0,0.0
mmu-miR-3109-3p,6.0,5.0,4.0,23.0,25.0,30.0
mmu-miR-3109-5p,0.0,3.0,0.0,0.0,4.0,6.0
mmu-miR-3110-3p,0.0,0.0,0.0,0.0,0.0,0.0
mmu-miR-3110-5p,4.0,0.0,0.0,0.0,0.0,0.0
mmu-miR-3112-3p,0.0,0.0,0.0,0.0,0.0,0.0
mmu-miR-3112-5p,0.0,0.0,0.0,0.0,0.0,0.0
mmu-miR-3113-3p,0.0,0.0,0.0,0.0,0.0,0.0
mmu-miR-3113-5p,0.0,0.0,0.0,0.0,0.0,0.0
mmu-miR-3154,0.0,0.0,0.0,0.0,0.0,0.0
mmu-miR-32-3p,17.0,15.0,6.0,29.0,34.0,37.0
mmu-miR-32-5p,316.0,322.0,104.0,190.0,241.0,305.0
mmu-miR-320-3p,2273.0,1712.0,1208.0,2146.0,2746.0,3098.0
mmu-miR-320-5p,0.0,0.0,0.0,0.0,0.0,0.0
mmu-miR-322-3p,1568.0,1601.0,671.0,2208.0,2533.0,3154.0
mmu-miR-322-5p,12202.0,14888.0,4964.0,25115.0,25657.0,34331.0
mmu-miR-323-3p,0.0,0.0,0.0,0.0,0.0,0.0
mmu-miR-323-5p,0.0,0.0,0.0,0.0,0.0,0.0
mmu-miR-324-3p,76.0,114.0,0.0,94.0,118.0,97.0
mmu-miR-324-5p,399.0,366.0,203.0,303.0,401.0,455.0
mmu-miR-325-3p,0.0,0.0,0.0,0.0,0.0,0.0
mmu-miR-325-5p,0.0,0.0,0.0,0.0,0.0,0.0
mmu-miR-326-3p,326.0,396.0,125.0,1304.0,1387.0,1672.0
mmu-miR-326-5p,0.0,0.0,0.0,0.0,0.0,0.0
mmu-miR-327,0.0,0.0,0.0,0.0,0.0,0.0
mmu-miR-328-3p,3012.0,2367.0,1155.0,8062.0,10607.0,10861.0
mmu-miR-328-5p,0.0,0.0,0.0,0.0,0.0,0.0
mmu-miR-329-3p,11.0,13.0,4.0,4.0,2.0,8.0
mmu-miR-329-5p,9.0,38.0,10.0,9.0,18.0,22.0
mmu-miR-33-3p,23.0,38.0,10.0,24.0,32.0,29.0
mmu-miR-33-5p,17.0,24.0,12.0,30.0,41.0,51.0
mmu-miR-330-3p,89.0,83.0,23.0,109.0,158.0,167.0
mmu-miR-330-5p,284.0,319.0,118.0,659.0,889.0,784.0
mmu-miR-331-3p,115.0,129.0,57.0,61.0,91.0,68.0
mmu-miR-331-5p,6.0,18.0,8.0,47.0,57.0,62.0
mmu-miR-335-3p,697.0,620.0,172.0,232.0,298.0,337.0
mmu-miR-335-5p,2033.0,1849.0,787.0,1856.0,1903.0,2582.0
mmu-miR-337-3p,12.0,20.0,7.0,10.0,13.0,24.0
mmu-miR-337-5p,12.0,20.0,8.0,20.0,25.0,36.0
mmu-miR-338-3p,2671.0,2396.0,522.0,4505.0,5402.0,6246.0
mmu-miR-338-5p,84.0,75.0,27.0,109.0,159.0,164.0
mmu-miR-339-3p,146.0,198.0,86.0,276.0,265.0,378.0
mmu-miR-339-5p,438.0,441.0,162.0,742.0,790.0,1021.0
mmu-miR-340-3p,121.0,92.0,50.0,305.0,338.0,411.0
mmu-miR-340-5p,3302.0,3741.0,1872.0,2173.0,2323.0,3294.0
mmu-miR-341-3p,6.0,30.0,6.0,5.0,0.0,21.0
mmu-miR-341-5p,0.0,0.0,0.0,0.0,0.0,0.0
mmu-miR-342-3p,3033.0,2656.0,938.0,4708.0,4474.0,6453.0
mmu-miR-342-5p,0.0,12.0,7.0,49.0,79.0,78.0
mmu-miR-343,0.0,0.0,0.0,0.0,0.0,0.0
mmu-miR-344-3p,15.0,47.0,23.0,25.0,28.0,22.0
mmu-miR-344-5p/344b-5p/344i,0.0,0.0,0.0,0.0,0.0,0.0
mmu-miR-344b-3p,0.0,0.0,0.0,0.0,0.0,0.0
mmu-miR-344c-3p,0.0,0.0,0.0,0.0,0.0,0.0
mmu-miR-344c-5p,0.0,0.0,0.0,0.0,0.0,0.0
mmu-miR-344d-1-5p,0.0,0.0,0.0,0.0,0.0,0.0
mmu-miR-344d-2-5p,0.0,0.0,0.0,0.0,0.0,0.0
mmu-miR-344d-3-5p,0.0,0.0,0.0,2.0,0.0,0.0
mmu-miR-344d-3p,13.0,11.0,6.0,11.0,31.0,26.0
mmu-miR-344e-3p,0.0,0.0,0.0,0.0,0.0,0.0
mmu-miR-344e-5p/344h-5p,0.0,0.0,0.0,0.0,0.0,0.0
mmu-miR-344f-3p,0.0,0.0,0.0,0.0,0.0,0.0
mmu-miR-344f-5p,0.0,0.0,0.0,0.0,0.0,0.0
mmu-miR-344g-3p,0.0,0.0,0.0,0.0,0.0,0.0
mmu-miR-344g-5p,0.0,0.0,0.0,0.0,0.0,0.0
mmu-miR-344h-3p,0.0,0.0,0.0,0.0,0.0,0.0
mmu-miR-345-3p,165.0,324.0,222.0,420.0,535.0,534.0
mmu-miR-345-5p,332.0,411.0,129.0,169.0,215.0,259.0
mmu-miR-346-3p,0.0,0.0,0.0,0.0,0.0,0.0
mmu-miR-346-5p,0.0,0.0,0.0,0.0,0.0,9.0
mmu-miR-3470a,94.0,189.0,54.0,95.0,232.0,268.0
mmu-miR-3470b,506.0,977.0,250.0,218.0,453.0,636.0
mmu-miR-3471,15.0,24.0,0.0,18.0,23.0,34.0
mmu-miR-3472,0.0,0.0,0.0,0.0,0.0,0.0
mmu-miR-3473a,0.0,0.0,0.0,0.0,0.0,0.0
mmu-miR-3473b/3473e,0.0,0.0,0.0,0.0,0.0,11.0
mmu-miR-3473c,0.0,0.0,0.0,0.0,0.0,0.0
mmu-miR-3473d,30.0,50.0,0.0,43.0,59.0,42.0
mmu-miR-3473f,0.0,0.0,0.0,0.0,0.0,0.0
mmu-miR-3473g,0.0,0.0,0.0,0.0,0.0,0.0
mmu-miR-3473h-5p,0.0,0.0,0.0,0.0,0.0,0.0
mmu-miR-3474,0.0,0.0,0.0,0.0,0.0,0.0
mmu-miR-3475-3p,0.0,0.0,0.0,0.0,4.0,0.0
mmu-miR-3475-5p,0.0,0.0,0.0,0.0,0.0,0.0
mmu-miR-34a-3p,11.0,14.0,0.0,2.0,5.0,7.0
mmu-miR-34a-5p,1565.0,1464.0,630.0,809.0,981.0,1184.0
mmu-miR-34b-3p,1435.0,1320.0,666.0,3501.0,4330.0,4706.0
mmu-miR-34b-5p,2275.0,3059.0,674.0,1336.0,1155.0,2237.0
mmu-miR-34c-3p,541.0,506.0,289.0,860.0,994.0,1500.0
mmu-miR-34c-5p,65552.0,55767.0,23424.0,55669.0,51999.0,84841.0
mmu-miR-350-3p,119.0,94.0,41.0,113.0,219.0,202.0
mmu-miR-350-5p,41.0,62.0,28.0,76.0,99.0,111.0
mmu-miR-351-3p,13.0,18.0,10.0,46.0,68.0,77.0
mmu-miR-351-5p,26591.0,32081.0,24316.0,46752.0,57099.0,60204.0
mmu-miR-3535,239.0,154.0,78.0,354.0,366.0,472.0
mmu-miR-3544-3p,0.0,0.0,0.0,0.0,0.0,0.0
mmu-miR-3544-5p,0.0,0.0,0.0,0.0,0.0,0.0
mmu-miR-3547-3p,0.0,0.0,0.0,0.0,0.0,0.0
mmu-miR-3547-5p,0.0,0.0,0.0,0.0,0.0,0.0
mmu-miR-3552,0.0,0.0,0.0,3.0,2.0,5.0
mmu-miR-3569-3p,0.0,0.0,0.0,0.0,0.0,0.0
mmu-miR-3569-5p,0.0,0.0,0.0,0.0,0.0,0.0
mmu-miR-3572-3p,13.0,0.0,0.0,0.0,18.0,0.0
mmu-miR-3572-5p,0.0,0.0,0.0,0.0,0.0,0.0
mmu-miR-361-3p,1187.0,817.0,365.0,907.0,1068.0,1170.0
mmu-miR-361-5p,1457.0,1292.0,445.0,1882.0,2337.0,2459.0
mmu-miR-3618-3p,0.0,0.0,0.0,0.0,0.0,0.0
mmu-miR-3618-5p,0.0,0.0,0.0,0.0,0.0,0.0
mmu-miR-362-3p,106.0,134.0,34.0,68.0,68.0,111.0
mmu-miR-362-5p,60.0,54.0,16.0,74.0,90.0,119.0
mmu-miR-3620-3p,0.0,0.0,0.0,0.0,0.0,0.0
mmu-miR-3620-5p,0.0,0.0,0.0,0.0,0.0,0.0
mmu-miR-363-3p,33.0,28.0,0.0,103.0,128.0,142.0
mmu-miR-363-5p,3.0,0.0,0.0,3.0,0.0,3.0
mmu-miR-365-1-5p,0.0,0.0,0.0,0.0,0.0,0.0
mmu-miR-365-2-5p,0.0,7.0,6.0,52.0,97.0,94.0
mmu-miR-365-3p,1836.0,1652.0,520.0,1362.0,1640.0,1717.0
mmu-miR-367-3p,0.0,0.0,0.0,0.0,0.0,0.0
mmu-miR-367-5p,0.0,0.0,0.0,0.0,0.0,0.0
mmu-miR-369-3p,19.0,17.0,12.0,9.0,6.0,23.0
mmu-miR-369-5p,0.0,0.0,2.0,3.0,0.0,0.0
mmu-miR-370-3p,0.0,5.0,0.0,5.0,6.0,0.0
mmu-miR-370-5p,0.0,0.0,0.0,0.0,0.0,0.0
mmu-miR-374b-3p,0.0,0.0,0.0,0.0,0.0,0.0
mmu-miR-374b-5p,1300.0,1187.0,297.0,980.0,1306.0,1309.0
mmu-miR-374c-3p,0.0,0.0,0.0,0.0,0.0,0.0
mmu-miR-374c-5p,0.0,0.0,0.0,0.0,0.0,0.0
mmu-miR-375-3p,6476.0,6099.0,2550.0,6583.0,5521.0,9416.0
mmu-miR-375-5p,0.0,0.0,0.0,0.0,0.0,0.0
mmu-miR-376a-3p,2.0,3.0,0.0,8.0,0.0,8.0
mmu-miR-376a-5p,0.0,0.0,0.0,0.0,0.0,3.0
mmu-miR-376b-3p,9.0,7.0,0.0,9.0,3.0,8.0
mmu-miR-376b-5p,39.0,45.0,17.0,77.0,81.0,77.0
mmu-miR-376c-3p,14.0,13.0,6.0,10.0,16.0,11.0
mmu-miR-376c-5p,0.0,0.0,0.0,0.0,0.0,0.0
mmu-miR-377-3p,7.0,11.0,0.0,15.0,11.0,15.0
mmu-miR-377-5p,0.0,0.0,0.0,0.0,0.0,5.0
mmu-miR-378a-3p/378b/378c,10605.0,11055.0,6330.0,8950.0,8437.0,13628.0
mmu-miR-378a-5p,69.0,132.0,44.0,97.0,158.0,218.0
mmu-miR-378d,0.0,0.0,0.0,0.0,0.0,0.0
mmu-miR-379-3p,11.0,11.0,7.0,9.0,8.0,9.0
mmu-miR-379-5p,42.0,96.0,58.0,135.0,133.0,174.0
mmu-miR-380-3p,3.0,7.0,0.0,0.0,5.0,6.0
mmu-miR-380-5p,0.0,0.0,0.0,0.0,0.0,0.0
mmu-miR-381-3p,63.0,223.0,83.0,115.0,111.0,190.0
mmu-miR-381-5p,0.0,0.0,0.0,0.0,0.0,0.0
mmu-miR-382-3p,4.0,8.0,2.0,0.0,5.0,3.0
mmu-miR-382-5p,6.0,5.0,3.0,11.0,9.0,23.0
mmu-miR-383-3p,0.0,0.0,0.0,0.0,0.0,0.0
mmu-miR-383-5p,0.0,6.0,9.0,7.0,8.0,22.0
mmu-miR-384-3p,0.0,8.0,0.0,0.0,0.0,0.0
mmu-miR-384-5p,0.0,0.0,0.0,4.0,0.0,7.0
mmu-miR-3960,0.0,0.0,0.0,0.0,0.0,0.0
mmu-miR-3961,0.0,0.0,0.0,0.0,0.0,0.0
mmu-miR-3962,0.0,0.0,0.0,0.0,0.0,0.0
mmu-miR-3963,0.0,0.0,0.0,0.0,0.0,0.0
mmu-miR-3964,0.0,0.0,0.0,0.0,0.0,0.0
mmu-miR-3965,0.0,0.0,0.0,0.0,0.0,0.0
mmu-miR-3966,0.0,0.0,0.0,0.0,0.0,0.0
mmu-miR-3967,0.0,0.0,0.0,0.0,0.0,0.0
mmu-miR-3968,0.0,0.0,0.0,0.0,0.0,0.0
mmu-miR-3969,0.0,0.0,0.0,0.0,0.0,0.0
mmu-miR-3970,0.0,0.0,0.0,0.0,0.0,0.0
mmu-miR-3971,0.0,0.0,0.0,0.0,0.0,0.0
mmu-miR-409-3p,48.0,65.0,24.0,25.0,26.0,45.0
mmu-miR-409-5p,5.0,8.0,0.0,6.0,10.0,13.0
mmu-miR-410-3p,56.0,149.0,60.0,79.0,82.0,112.0
mmu-miR-410-5p,0.0,0.0,0.0,0.0,0.0,0.0
mmu-miR-411-3p,12.0,19.0,6.0,6.0,5.0,13.0
mmu-miR-411-5p,200.0,171.0,75.0,113.0,103.0,172.0
mmu-miR-412-3p,0.0,0.0,0.0,0.0,0.0,0.0
mmu-miR-412-5p,0.0,0.0,0.0,0.0,0.0,0.0
mmu-miR-421-3p,1119.0,696.0,381.0,1586.0,1986.0,0.0
mmu-miR-421-5p,0.0,6.0,0.0,0.0,0.0,0.0
mmu-miR-423-3p,773.0,1115.0,1072.0,4880.0,6034.0,6373.0
mmu-miR-423-5p,2456.0,1391.0,1211.0,10255.0,13656.0,13402.0
mmu-miR-425-3p,356.0,328.0,196.0,373.0,463.0,533.0
mmu-miR-425-5p,4473.0,3248.0,1067.0,6024.0,6637.0,8180.0
mmu-miR-429-3p,7430.0,5093.0,2170.0,4368.0,4505.0,6188.0
mmu-miR-429-5p,0.0,0.0,0.0,0.0,0.0,0.0
mmu-miR-431-3p,0.0,9.0,0.0,2.0,3.0,0.0
mmu-miR-431-5p,15.0,13.0,4.0,10.0,14.0,17.0
mmu-miR-432,0.0,0.0,0.0,0.0,0.0,0.0
mmu-miR-433-3p,0.0,12.0,3.0,11.0,9.0,26.0
mmu-miR-433-5p,0.0,0.0,0.0,0.0,0.0,0.0
mmu-miR-434-3p,83.0,181.0,76.0,191.0,245.0,273.0
mmu-miR-434-5p,72.0,160.0,50.0,199.0,199.0,322.0
mmu-miR-448-3p,0.0,0.0,43.0,39.0,0.0,0.0
mmu-miR-448-5p,0.0,0.0,0.0,0.0,0.0,0.0
mmu-miR-449a-3p,5.0,3.0,0.0,6.0,0.0,7.0
mmu-miR-449a-5p,3486.0,3027.0,1171.0,3090.0,2427.0,4284.0
mmu-miR-449b,0.0,0.0,0.0,0.0,0.0,0.0
mmu-miR-449c-3p,0.0,0.0,0.0,0.0,0.0,0.0
mmu-miR-449c-5p,62.0,167.0,60.0,146.0,99.0,225.0
mmu-miR-450a-1-3p,7.0,11.0,6.0,4.0,10.0,8.0
mmu-miR-450a-2-3p,3.0,0.0,0.0,3.0,5.0,8.0
mmu-miR-450a-5p,635.0,716.0,188.0,610.0,685.0,876.0
mmu-miR-450b-3p,18.0,19.0,14.0,7.0,11.0,13.0
mmu-miR-450b-5p,1177.0,1289.0,398.0,863.0,989.0,1270.0
mmu-miR-451a,31167.0,26026.0,8891.0,22072.0,21929.0,28940.0
mmu-miR-451b,0.0,0.0,0.0,0.0,0.0,0.0
mmu-miR-452-3p,0.0,0.0,0.0,0.0,0.0,0.0
mmu-miR-452-5p,0.0,0.0,0.0,19.0,0.0,0.0
mmu-miR-453,0.0,0.0,0.0,0.0,0.0,0.0
mmu-miR-455-3p,174.0,104.0,78.0,661.0,589.0,972.0
mmu-miR-455-5p,186.0,169.0,39.0,57.0,67.0,99.0
mmu-miR-463-3p,0.0,0.0,0.0,0.0,0.0,0.0
mmu-miR-463-5p,0.0,0.0,0.0,0.0,0.0,0.0
mmu-miR-465a-3p/465b-3p/465c-3p,0.0,0.0,0.0,0.0,0.0,0.0
mmu-miR-465a-5p,0.0,0.0,0.0,0.0,0.0,0.0
mmu-miR-465b-5p,0.0,0.0,0.0,0.0,0.0,0.0
mmu-miR-465c-5p,0.0,0.0,0.0,0.0,0.0,0.0
mmu-miR-465d-3p,0.0,0.0,0.0,0.0,0.0,0.0
mmu-miR-465d-5p,0.0,0.0,0.0,0.0,0.0,0.0
mmu-miR-466a-3p/466b-3p/466c-3p/466d-3p/466e-3p/466p-3p,13.0,18.0,0.0,20.0,41.0,33.0
mmu-miR-466a-5p/466b-5p/466e-5p/466o-5p/466p-5p,0.0,0.0,0.0,3.0,0.0,7.0
mmu-miR-466c-5p,5.0,6.0,2.0,11.0,13.0,13.0
mmu-miR-466d-5p/466n-5p,4.0,3.0,0.0,3.0,8.0,4.0
mmu-miR-466f-3p/466i-3p,0.0,0.0,0.0,0.0,6.0,7.0
mmu-miR-466f/466f-5p,0.0,0.0,0.0,0.0,0.0,0.0
mmu-miR-466g,0.0,6.0,0.0,0.0,20.0,24.0
mmu-miR-466h-3p,0.0,0.0,0.0,0.0,5.0,10.0
mmu-miR-466h-5p,0.0,4.0,3.0,5.0,8.0,12.0
mmu-miR-466i-5p,14.0,0.0,4.0,18.0,52.0,60.0
mmu-miR-466j/466m-5p/669m-5p,0.0,0.0,0.0,0.0,0.0,0.0
mmu-miR-466k/466l-5p,0.0,0.0,0.0,0.0,0.0,0.0
mmu-miR-466l-3p,0.0,0.0,0.0,0.0,0.0,0.0
mmu-miR-466m-3p,0.0,0.0,0.0,0.0,0.0,0.0
mmu-miR-466n-3p,0.0,4.0,0.0,0.0,0.0,0.0
mmu-miR-466o-3p,0.0,0.0,0.0,0.0,0.0,0.0
mmu-miR-466q,0.0,2.0,0.0,0.0,3.0,0.0
mmu-miR-467a-3p/467c-3p/467d-3p/467e-3p,19.0,7.0,0.0,0.0,10.0,8.0
mmu-miR-467a-5p/467b-5p,10.0,14.0,6.0,34.0,37.0,49.0
mmu-miR-467b-3p,3.0,2.0,5.0,3.0,5.0,14.0
mmu-miR-467c-5p,20.0,6.0,0.0,39.0,48.0,38.0
mmu-miR-467d-5p,6.0,4.0,4.0,14.0,18.0,13.0
mmu-miR-467e-5p,20.0,24.0,9.0,31.0,39.0,42.0
mmu-miR-467f,0.0,0.0,0.0,0.0,0.0,0.0
mmu-miR-467g,0.0,0.0,0.0,0.0,0.0,0.0
mmu-miR-467h,0.0,0.0,0.0,0.0,0.0,0.0
mmu-miR-468-3p,0.0,0.0,0.0,0.0,0.0,0.0
mmu-miR-468-5p,0.0,0.0,0.0,0.0,0.0,0.0
mmu-miR-470-3p,0.0,0.0,0.0,0.0,0.0,0.0
mmu-miR-470-5p,0.0,14.0,0.0,0.0,0.0,0.0
mmu-miR-471-3p,0.0,0.0,0.0,0.0,0.0,0.0
mmu-miR-471-5p,0.0,0.0,0.0,0.0,0.0,0.0
mmu-miR-483-3p,4.0,0.0,3.0,0.0,0.0,0.0
mmu-miR-483-5p,0.0,0.0,0.0,0.0,0.0,6.0
mmu-miR-484,4746.0,3426.0,1165.0,5341.0,6132.0,7120.0
mmu-miR-485-3p,7.0,0.0,2.0,5.0,6.0,7.0
mmu-miR-485-5p,5.0,0.0,0.0,10.0,7.0,6.0
mmu-miR-486a-3p/486b-3p,80.0,39.0,42.0,71.0,114.0,98.0
mmu-miR-486a-5p/486b-5p,505910.0,289389.0,202278.0,386863.0,408002.0,452838.0
mmu-miR-487b-3p,0.0,4.0,3.0,9.0,0.0,10.0
mmu-miR-487b-5p,0.0,0.0,0.0,0.0,0.0,0.0
mmu-miR-488-3p,7.0,0.0,0.0,0.0,8.0,7.0
mmu-miR-488-5p,0.0,0.0,0.0,0.0,0.0,0.0
mmu-miR-489-3p,36.0,18.0,9.0,14.0,32.0,25.0
mmu-miR-489-5p,0.0,0.0,0.0,0.0,0.0,0.0
mmu-miR-490-3p,902.0,1424.0,238.0,949.0,686.0,1792.0
mmu-miR-490-5p,12.0,11.0,5.0,23.0,37.0,47.0
mmu-miR-491-3p,0.0,4.0,0.0,0.0,0.0,0.0
mmu-miR-491-5p,6.0,8.0,3.0,9.0,13.0,20.0
mmu-miR-493-3p,0.0,0.0,0.0,0.0,0.0,0.0
mmu-miR-493-5p,0.0,0.0,0.0,4.0,0.0,0.0
mmu-miR-494-3p,21.0,17.0,0.0,0.0,8.0,19.0
mmu-miR-494-5p,0.0,0.0,0.0,0.0,0.0,0.0
mmu-miR-495-3p,5.0,15.0,6.0,0.0,5.0,5.0
mmu-miR-495-5p,0.0,0.0,0.0,0.0,0.0,0.0
mmu-miR-496a-3p,17.0,17.0,4.0,0.0,4.0,3.0
mmu-miR-496a-5p,0.0,0.0,0.0,0.0,0.0,0.0
mmu-miR-496b,0.0,0.0,0.0,0.0,0.0,0.0
mmu-miR-497a-3p,40.0,51.0,21.0,37.0,36.0,62.0
mmu-miR-497a-5p,2282.0,2023.0,537.0,2816.0,3278.0,4058.0
mmu-miR-497b,0.0,0.0,0.0,0.0,0.0,0.0
mmu-miR-499-3p,0.0,0.0,0.0,0.0,0.0,0.0
mmu-miR-499-5p,6.0,4.0,2.0,6.0,7.0,15.0
mmu-miR-500-3p,125.0,133.0,65.0,65.0,92.0,100.0
mmu-miR-500-5p,2.0,4.0,0.0,0.0,5.0,9.0
mmu-miR-501-3p,320.0,322.0,98.0,527.0,594.0,715.0
mmu-miR-501-5p,5.0,3.0,3.0,6.0,8.0,17.0
mmu-miR-503-3p,166.0,149.0,70.0,242.0,280.0,360.0
mmu-miR-503-5p,29.0,24.0,15.0,23.0,23.0,28.0
mmu-miR-504-3p,0.0,0.0,0.0,0.0,0.0,0.0
mmu-miR-504-5p,0.0,0.0,0.0,0.0,0.0,0.0
mmu-miR-5046,0.0,0.0,0.0,0.0,0.0,0.0
mmu-miR-505-3p,17.0,12.0,0.0,10.0,10.0,18.0
mmu-miR-505-5p,4.0,5.0,4.0,18.0,21.0,26.0
mmu-miR-509-3p,0.0,0.0,0.0,0.0,0.0,0.0
mmu-miR-509-5p,0.0,0.0,0.0,0.0,0.0,0.0
mmu-miR-5098,0.0,0.0,0.0,0.0,0.0,0.0
mmu-miR-5099,0.0,0.0,0.0,0.0,0.0,0.0
mmu-miR-5100,0.0,0.0,0.0,0.0,8.0,16.0
mmu-miR-5101,0.0,0.0,0.0,0.0,0.0,0.0
mmu-miR-5103,0.0,0.0,0.0,0.0,0.0,0.0
mmu-miR-5104,0.0,0.0,0.0,0.0,0.0,5.0
mmu-miR-5104b-5p,0.0,0.0,0.0,0.0,0.0,0.0
mmu-miR-5106,0.0,0.0,0.0,0.0,0.0,0.0
mmu-miR-5107-3p,9.0,8.0,0.0,15.0,11.0,31.0
mmu-miR-5107-5p,0.0,0.0,0.0,24.0,26.0,37.0
mmu-miR-5108,0.0,0.0,0.0,0.0,0.0,0.0
mmu-miR-511-3p,47.0,48.0,12.0,19.0,39.0,27.0
mmu-miR-511-5p,13.0,7.0,0.0,11.0,21.0,21.0
mmu-miR-5110,0.0,0.0,0.0,0.0,0.0,0.0
mmu-miR-5112,0.0,0.0,0.0,0.0,0.0,0.0
mmu-miR-5113,3.0,0.0,4.0,5.0,4.0,5.0
mmu-miR-5114,35.0,37.0,13.0,55.0,67.0,62.0
mmu-miR-5116,4.0,0.0,0.0,0.0,0.0,0.0
mmu-miR-5118,0.0,0.0,0.0,0.0,0.0,0.0
mmu-miR-5119,0.0,0.0,0.0,0.0,0.0,0.0
mmu-miR-5120,2.0,6.0,0.0,4.0,0.0,11.0
mmu-miR-5121,6.0,2.0,4.0,0.0,4.0,6.0
mmu-miR-5122,0.0,0.0,0.0,13.0,11.0,0.0
mmu-miR-5123,0.0,0.0,0.0,0.0,12.0,6.0
mmu-miR-5124a,0.0,0.0,0.0,0.0,0.0,0.0
mmu-miR-5124b,0.0,0.0,0.0,0.0,0.0,0.0
mmu-miR-5125,0.0,0.0,0.0,0.0,0.0,0.0
mmu-miR-5126,0.0,0.0,0.0,0.0,0.0,0.0
mmu-miR-5127,0.0,0.0,0.0,0.0,0.0,0.0
mmu-miR-5128,0.0,0.0,0.0,8.0,0.0,0.0
mmu-miR-5129-3p,17.0,15.0,0.0,11.0,10.0,20.0
mmu-miR-5129-5p,0.0,0.0,0.0,0.0,5.0,0.0
mmu-miR-5130,0.0,0.0,0.0,0.0,0.0,0.0
mmu-miR-5131,0.0,0.0,0.0,0.0,0.0,0.0
mmu-miR-5132-3p,0.0,0.0,0.0,0.0,0.0,0.0
mmu-miR-5132-5p,0.0,0.0,0.0,0.0,0.0,0.0
mmu-miR-5133,0.0,0.0,0.0,0.0,0.0,0.0
mmu-miR-5134-3p,0.0,0.0,0.0,0.0,0.0,0.0
mmu-miR-5134-5p,0.0,0.0,0.0,0.0,0.0,0.0
mmu-miR-5135,0.0,0.0,0.0,0.0,0.0,0.0
mmu-miR-5136,0.0,0.0,0.0,0.0,0.0,0.0
mmu-miR-532-3p,54.0,48.0,11.0,79.0,66.0,99.0
mmu-miR-532-5p,1497.0,2013.0,1070.0,1049.0,1135.0,1595.0
mmu-miR-539-3p,0.0,0.0,0.0,0.0,0.0,0.0
mmu-miR-539-5p,0.0,0.0,0.0,0.0,0.0,0.0
mmu-miR-540-3p,0.0,12.0,0.0,13.0,10.0,13.0
mmu-miR-540-5p,6.0,22.0,3.0,11.0,16.0,25.0
mmu-miR-541-3p,0.0,0.0,0.0,0.0,0.0,0.0
mmu-miR-541-5p,1823.0,2139.0,1141.0,1518.0,1696.0,2167.0
mmu-miR-542-3p,2399.0,2462.0,1581.0,1123.0,1318.0,1588.0
mmu-miR-542-5p,44.0,61.0,11.0,111.0,142.0,136.0
mmu-miR-543-3p,3.0,0.0,3.0,2.0,0.0,6.0
mmu-miR-543-5p,0.0,0.0,0.0,0.0,0.0,0.0
mmu-miR-544-3p,0.0,0.0,0.0,0.0,0.0,0.0
mmu-miR-544-5p,0.0,0.0,0.0,0.0,0.0,0.0
mmu-miR-546,0.0,0.0,0.0,0.0,0.0,0.0
mmu-miR-547-3p,7.0,0.0,0.0,0.0,0.0,9.0
mmu-miR-547-5p,0.0,0.0,0.0,0.0,0.0,0.0
mmu-miR-551b-3p,0.0,7.0,0.0,4.0,3.0,3.0
mmu-miR-551b-5p,0.0,0.0,0.0,0.0,0.0,0.0
mmu-miR-5615-3p,19.0,30.0,10.0,13.0,19.0,24.0
mmu-miR-5615-5p,6.0,0.0,0.0,4.0,0.0,0.0
mmu-miR-5616-3p,0.0,0.0,0.0,0.0,0.0,0.0
mmu-miR-5616-5p,0.0,0.0,0.0,2.0,0.0,0.0
mmu-miR-5617-3p,0.0,0.0,0.0,0.0,0.0,0.0
mmu-miR-5617-5p,0.0,0.0,0.0,0.0,0.0,0.0
mmu-miR-5618-3p,0.0,0.0,0.0,0.0,0.0,0.0
mmu-miR-5618-5p,0.0,0.0,0.0,0.0,0.0,0.0
mmu-miR-5619-3p,0.0,0.0,0.0,0.0,0.0,5.0
mmu-miR-5619-5p,0.0,0.0,0.0,0.0,0.0,0.0
mmu-miR-5620-3p,0.0,0.0,0.0,0.0,0.0,0.0
mmu-miR-5620-5p,0.0,0.0,0.0,0.0,0.0,0.0
mmu-miR-5621-3p,0.0,0.0,0.0,0.0,5.0,0.0
mmu-miR-5621-5p,0.0,0.0,0.0,0.0,0.0,0.0
mmu-miR-5622-3p,0.0,0.0,0.0,0.0,0.0,0.0
mmu-miR-5622-5p,2.0,0.0,0.0,0.0,0.0,0.0
mmu-miR-5623-3p,0.0,0.0,0.0,0.0,0.0,0.0
mmu-miR-5623-5p,0.0,0.0,0.0,0.0,0.0,0.0
mmu-miR-5624-3p,0.0,0.0,0.0,0.0,0.0,4.0
mmu-miR-5624-5p,0.0,0.0,6.0,0.0,0.0,0.0
mmu-miR-5625-3p,0.0,0.0,0.0,0.0,0.0,0.0
mmu-miR-5625-5p,0.0,0.0,0.0,0.0,0.0,0.0
mmu-miR-5626-3p,0.0,0.0,0.0,0.0,0.0,0.0
mmu-miR-5626-5p,0.0,0.0,0.0,0.0,0.0,0.0
mmu-miR-5627-3p,4.0,5.0,0.0,0.0,0.0,2.0
mmu-miR-5627-5p,0.0,0.0,0.0,0.0,0.0,0.0
mmu-miR-568,0.0,0.0,0.0,0.0,0.0,0.0
mmu-miR-5709-3p,0.0,0.0,0.0,0.0,0.0,0.0
mmu-miR-5709-5p,12.0,10.0,7.0,14.0,19.0,16.0
mmu-miR-5710,0.0,0.0,0.0,0.0,0.0,0.0
mmu-miR-574-3p,523.0,456.0,121.0,480.0,798.0,946.0
mmu-miR-574-5p,136.0,136.0,79.0,195.0,227.0,300.0
mmu-miR-582-3p,214.0,393.0,700.0,392.0,470.0,571.0
mmu-miR-582-5p,429.0,427.0,86.0,225.0,206.0,277.0
mmu-miR-590-3p,0.0,0.0,0.0,0.0,0.0,0.0
mmu-miR-590-5p,0.0,0.0,0.0,0.0,0.0,0.0
mmu-miR-592-3p,0.0,0.0,0.0,0.0,0.0,0.0
mmu-miR-592-5p,4.0,3.0,0.0,7.0,5.0,14.0
mmu-miR-598-3p,101.0,42.0,28.0,30.0,52.0,53.0
mmu-miR-598-5p,0.0,0.0,0.0,0.0,0.0,0.0
mmu-miR-599,0.0,0.0,0.0,0.0,0.0,0.0
mmu-miR-615-3p,0.0,8.0,0.0,4.0,3.0,0.0
mmu-miR-615-5p,0.0,0.0,0.0,0.0,0.0,0.0
mmu-miR-6236,0.0,0.0,0.0,0.0,0.0,0.0
mmu-miR-6237,0.0,0.0,0.0,0.0,0.0,0.0
mmu-miR-6238,0.0,0.0,0.0,0.0,0.0,0.0
mmu-miR-6239,0.0,0.0,0.0,0.0,0.0,0.0
mmu-miR-6240,27.0,11.0,11.0,0.0,0.0,7.0
mmu-miR-6241,0.0,0.0,0.0,0.0,0.0,0.0
mmu-miR-6244,0.0,0.0,0.0,0.0,0.0,0.0
mmu-miR-6335,0.0,0.0,0.0,0.0,0.0,0.0
mmu-miR-6336,0.0,0.0,0.0,0.0,0.0,0.0
mmu-miR-6337,0.0,0.0,0.0,0.0,0.0,0.0
mmu-miR-6338,0.0,0.0,0.0,0.0,0.0,0.0
mmu-miR-6339,0.0,0.0,0.0,0.0,0.0,0.0
mmu-miR-6340,0.0,0.0,0.0,0.0,0.0,0.0
mmu-miR-6341,0.0,0.0,0.0,0.0,0.0,0.0
mmu-miR-6342,0.0,0.0,0.0,0.0,0.0,0.0
mmu-miR-6343,0.0,0.0,0.0,0.0,0.0,0.0
mmu-miR-6344,0.0,0.0,0.0,0.0,0.0,0.0
mmu-miR-6345,0.0,0.0,0.0,0.0,0.0,0.0
mmu-miR-6346,0.0,0.0,0.0,0.0,0.0,0.0
mmu-miR-6347,0.0,0.0,0.0,0.0,0.0,0.0
mmu-miR-6348,0.0,0.0,0.0,0.0,0.0,0.0
mmu-miR-6349,0.0,0.0,0.0,0.0,0.0,0.0
mmu-miR-6350,0.0,0.0,0.0,0.0,0.0,0.0
mmu-miR-6351,0.0,0.0,0.0,0.0,0.0,0.0
mmu-miR-6352,0.0,0.0,0.0,0.0,0.0,0.0
mmu-miR-6353,0.0,0.0,0.0,0.0,0.0,0.0
mmu-miR-6354,0.0,0.0,0.0,0.0,0.0,0.0
mmu-miR-6355,0.0,0.0,0.0,0.0,0.0,0.0
mmu-miR-6356,0.0,0.0,0.0,0.0,0.0,0.0
mmu-miR-6357,0.0,0.0,0.0,0.0,0.0,0.0
mmu-miR-6358,0.0,0.0,0.0,0.0,0.0,0.0
mmu-miR-6359,0.0,0.0,0.0,0.0,0.0,0.0
mmu-miR-6360,0.0,0.0,0.0,0.0,0.0,0.0
mmu-miR-6361,0.0,0.0,0.0,0.0,0.0,0.0
mmu-miR-6362,0.0,0.0,0.0,0.0,0.0,0.0
mmu-miR-6363,0.0,0.0,0.0,0.0,0.0,0.0
mmu-miR-6364,0.0,0.0,0.0,0.0,0.0,0.0
mmu-miR-6365,0.0,0.0,0.0,0.0,0.0,0.0
mmu-miR-6366,0.0,0.0,0.0,0.0,0.0,0.0
mmu-miR-6367,0.0,0.0,0.0,0.0,0.0,0.0
mmu-miR-6368,0.0,0.0,0.0,0.0,0.0,0.0
mmu-miR-6369,0.0,0.0,0.0,0.0,0.0,0.0
mmu-miR-6370,0.0,0.0,0.0,0.0,0.0,0.0
mmu-miR-6371,0.0,0.0,0.0,0.0,0.0,0.0
mmu-miR-6372,0.0,0.0,0.0,0.0,0.0,0.0
mmu-miR-6373,0.0,0.0,0.0,0.0,0.0,0.0
mmu-miR-6374,0.0,0.0,0.0,0.0,0.0,0.0
mmu-miR-6375,0.0,0.0,0.0,0.0,0.0,0.0
mmu-miR-6376,0.0,0.0,0.0,0.0,0.0,0.0
mmu-miR-6377,0.0,0.0,0.0,0.0,0.0,0.0
mmu-miR-6378,0.0,0.0,0.0,0.0,0.0,0.0
mmu-miR-6379,0.0,0.0,0.0,0.0,0.0,0.0
mmu-miR-6380,0.0,0.0,0.0,0.0,0.0,0.0
mmu-miR-6381,0.0,0.0,0.0,0.0,0.0,0.0
mmu-miR-6382,0.0,0.0,0.0,0.0,0.0,0.0
mmu-miR-6383,0.0,0.0,0.0,0.0,0.0,0.0
mmu-miR-6384,0.0,0.0,0.0,0.0,0.0,0.0
mmu-miR-6385,0.0,0.0,0.0,0.0,0.0,0.0
mmu-miR-6386,0.0,0.0,0.0,0.0,0.0,0.0
mmu-miR-6387,0.0,0.0,0.0,0.0,0.0,0.0
mmu-miR-6388,0.0,0.0,0.0,0.0,0.0,0.0
mmu-miR-6389,0.0,0.0,0.0,0.0,0.0,0.0
mmu-miR-6390,0.0,0.0,0.0,0.0,0.0,0.0
mmu-miR-6391,0.0,0.0,0.0,0.0,0.0,0.0
mmu-miR-6392-3p,0.0,0.0,0.0,0.0,0.0,0.0
mmu-miR-6392-5p,0.0,0.0,0.0,0.0,0.0,0.0
mmu-miR-6393,0.0,0.0,0.0,0.0,0.0,0.0
mmu-miR-6394,0.0,0.0,0.0,0.0,0.0,0.0
mmu-miR-6395,0.0,0.0,0.0,4.0,14.0,0.0
mmu-miR-6396,0.0,0.0,0.0,0.0,0.0,0.0
mmu-miR-6397,0.0,0.0,0.0,0.0,0.0,0.0
mmu-miR-6398,0.0,0.0,0.0,0.0,0.0,0.0
mmu-miR-6399,0.0,0.0,0.0,0.0,0.0,0.0
mmu-miR-6400,0.0,0.0,0.0,0.0,0.0,0.0
mmu-miR-6401,0.0,0.0,0.0,0.0,0.0,0.0
mmu-miR-6402,0.0,0.0,0.0,0.0,0.0,0.0
mmu-miR-6403,0.0,0.0,0.0,0.0,0.0,0.0
mmu-miR-6404,0.0,0.0,0.0,0.0,0.0,0.0
mmu-miR-6405,0.0,0.0,0.0,0.0,0.0,0.0
mmu-miR-6406,0.0,0.0,0.0,0.0,0.0,0.0
mmu-miR-6407,0.0,0.0,0.0,0.0,0.0,0.0
mmu-miR-6408,0.0,0.0,0.0,0.0,0.0,0.0
mmu-miR-6409,0.0,0.0,0.0,0.0,0.0,0.0
mmu-miR-6410,0.0,0.0,0.0,0.0,0.0,0.0
mmu-miR-6411,0.0,0.0,0.0,0.0,0.0,0.0
mmu-miR-6412,0.0,0.0,0.0,0.0,0.0,0.0
mmu-miR-6413,0.0,0.0,0.0,0.0,0.0,0.0
mmu-miR-6414,0.0,0.0,0.0,0.0,0.0,0.0
mmu-miR-6415,0.0,0.0,0.0,0.0,0.0,0.0
mmu-miR-6416-3p,0.0,0.0,0.0,0.0,0.0,0.0
mmu-miR-6416-5p,0.0,0.0,0.0,0.0,0.0,0.0
mmu-miR-6417,0.0,0.0,0.0,0.0,0.0,0.0
mmu-miR-6418-3p,0.0,0.0,0.0,0.0,27.0,36.0
mmu-miR-6418-5p,0.0,0.0,0.0,0.0,0.0,0.0
mmu-miR-6419,0.0,0.0,0.0,0.0,0.0,0.0
mmu-miR-6420,0.0,0.0,0.0,0.0,0.0,0.0
mmu-miR-6481,0.0,0.0,0.0,0.0,0.0,0.0
mmu-miR-6516-3p,0.0,4.0,0.0,0.0,0.0,0.0
mmu-miR-6516-5p,29.0,46.0,9.0,63.0,87.0,73.0
mmu-miR-652-3p,2526.0,1904.0,1028.0,3362.0,3650.0,4449.0
mmu-miR-652-5p,14.0,19.0,0.0,5.0,6.0,17.0
mmu-miR-653-3p,0.0,0.0,0.0,0.0,0.0,0.0
mmu-miR-653-5p,116.0,115.0,75.0,53.0,100.0,60.0
mmu-miR-6537-3p,0.0,0.0,0.0,0.0,0.0,0.0
mmu-miR-6537-5p,0.0,0.0,0.0,0.0,0.0,0.0
mmu-miR-6538,0.0,0.0,0.0,0.0,0.0,0.0
mmu-miR-6539,7.0,0.0,4.0,8.0,10.0,10.0
mmu-miR-654-3p,0.0,0.0,0.0,0.0,0.0,0.0
mmu-miR-654-5p,0.0,0.0,0.0,0.0,0.0,0.0
mmu-miR-6540-3p,0.0,0.0,0.0,0.0,0.0,0.0
mmu-miR-6540-5p,11.0,9.0,5.0,14.0,23.0,15.0
mmu-miR-6541,0.0,0.0,0.0,0.0,0.0,0.0
mmu-miR-6546-3p,0.0,0.0,0.0,0.0,0.0,0.0
mmu-miR-6546-5p,0.0,0.0,0.0,0.0,0.0,7.0
mmu-miR-664-3p,630.0,514.0,187.0,357.0,550.0,474.0
mmu-miR-664-5p,83.0,52.0,36.0,74.0,95.0,104.0
mmu-miR-665-3p,0.0,3.0,0.0,0.0,0.0,0.0
mmu-miR-665-5p,0.0,0.0,0.0,0.0,0.0,0.0
mmu-miR-666-3p,0.0,0.0,0.0,0.0,0.0,0.0
mmu-miR-666-5p,7.0,10.0,0.0,10.0,9.0,26.0
mmu-miR-667-3p,0.0,12.0,0.0,0.0,7.0,9.0
mmu-miR-667-5p,0.0,0.0,0.0,0.0,0.0,0.0
mmu-miR-668-3p,7.0,8.0,2.0,11.0,22.0,12.0
mmu-miR-668-5p,0.0,0.0,0.0,0.0,0.0,0.0
mmu-miR-669a-3-3p,0.0,7.0,0.0,0.0,2.0,0.0
mmu-miR-669a-3p/669o-3p,43.0,40.0,18.0,45.0,56.0,71.0
mmu-miR-669a-5p/669p-5p,28.0,23.0,11.0,38.0,77.0,66.0
mmu-miR-669b-3p,0.0,0.0,0.0,0.0,0.0,0.0
mmu-miR-669b-5p,10.0,10.0,4.0,19.0,20.0,23.0
mmu-miR-669c-3p,0.0,0.0,0.0,0.0,0.0,0.0
mmu-miR-669c-5p,22.0,25.0,13.0,37.0,50.0,58.0
mmu-miR-669d-2-3p/669d-3p/669l-3p,0.0,0.0,0.0,0.0,0.0,0.0
mmu-miR-669d-5p,13.0,10.0,5.0,3.0,11.0,13.0
mmu-miR-669e-3p,0.0,0.0,0.0,0.0,0.0,0.0
mmu-miR-669e-5p,0.0,0.0,0.0,0.0,0.0,0.0
mmu-miR-669f-3p,0.0,3.0,0.0,7.0,11.0,7.0
mmu-miR-669f-5p,0.0,0.0,0.0,5.0,6.0,5.0
mmu-miR-669g,0.0,0.0,0.0,0.0,0.0,0.0
mmu-miR-669h-3p,0.0,0.0,0.0,0.0,0.0,0.0
mmu-miR-669h-5p,0.0,0.0,0.0,0.0,0.0,0.0
mmu-miR-669i,0.0,0.0,0.0,0.0,0.0,0.0
mmu-miR-669j,0.0,0.0,0.0,0.0,0.0,0.0
mmu-miR-669k-3p,0.0,0.0,0.0,0.0,0.0,0.0
mmu-miR-669k-5p,0.0,0.0,0.0,0.0,0.0,0.0
mmu-miR-669l-5p,0.0,4.0,0.0,5.0,11.0,5.0
mmu-miR-669m-3p,0.0,0.0,0.0,0.0,0.0,0.0
mmu-miR-669n,0.0,0.0,0.0,0.0,0.0,0.0
mmu-miR-669o-5p,6.0,3.0,0.0,10.0,18.0,22.0
mmu-miR-669p-3p,0.0,0.0,0.0,0.0,0.0,0.0
mmu-miR-670-3p,0.0,0.0,0.0,0.0,0.0,0.0
mmu-miR-670-5p,0.0,0.0,0.0,0.0,0.0,0.0
mmu-miR-671-3p,378.0,210.0,145.0,670.0,789.0,855.0
mmu-miR-671-5p,96.0,83.0,58.0,94.0,107.0,128.0
mmu-miR-6715-3p,0.0,0.0,0.0,0.0,0.0,0.0
mmu-miR-6715-5p,0.0,0.0,0.0,0.0,0.0,0.0
mmu-miR-672-3p,0.0,0.0,0.0,7.0,5.0,9.0
mmu-miR-672-5p,99.0,69.0,55.0,115.0,129.0,153.0
mmu-miR-673-3p,9.0,8.0,10.0,13.0,9.0,17.0
mmu-miR-673-5p,34.0,54.0,13.0,33.0,41.0,51.0
mmu-miR-674-3p,116.0,98.0,28.0,152.0,190.0,208.0
mmu-miR-674-5p,110.0,82.0,50.0,228.0,302.0,286.0
mmu-miR-675-3p,0.0,0.0,0.0,0.0,0.0,0.0
mmu-miR-675-5p,0.0,0.0,0.0,0.0,0.0,0.0
mmu-miR-676-3p,511.0,629.0,565.0,1387.0,1724.0,1891.0
mmu-miR-676-5p,44.0,50.0,45.0,45.0,46.0,59.0
mmu-miR-6769b-3p,0.0,0.0,0.0,0.0,0.0,0.0
mmu-miR-6769b-5p,0.0,0.0,0.0,0.0,0.0,0.0
mmu-miR-677-3p,0.0,0.0,0.0,0.0,0.0,0.0
mmu-miR-677-5p,42.0,82.0,36.0,20.0,50.0,35.0
mmu-miR-678,0.0,0.0,0.0,0.0,0.0,0.0
mmu-miR-679-3p,0.0,0.0,0.0,0.0,0.0,0.0
mmu-miR-679-5p,0.0,5.0,0.0,2.0,10.0,4.0
mmu-miR-680,0.0,0.0,0.0,0.0,0.0,0.0
mmu-miR-681,0.0,0.0,0.0,0.0,0.0,0.0
mmu-miR-682,0.0,0.0,0.0,0.0,0.0,0.0
mmu-miR-683,0.0,0.0,0.0,0.0,0.0,0.0
mmu-miR-684,0.0,0.0,0.0,0.0,0.0,0.0
mmu-miR-686,0.0,0.0,0.0,0.0,0.0,0.0
mmu-miR-687,0.0,0.0,0.0,0.0,0.0,0.0
mmu-miR-688,0.0,0.0,0.0,0.0,0.0,0.0
mmu-miR-6896-3p,0.0,0.0,0.0,0.0,0.0,0.0
mmu-miR-6896-5p,0.0,0.0,0.0,0.0,0.0,0.0
mmu-miR-6897-3p,0.0,0.0,0.0,0.0,0.0,0.0
mmu-miR-6897-5p,0.0,0.0,0.0,0.0,0.0,3.0
mmu-miR-6898-3p,0.0,0.0,0.0,0.0,0.0,0.0
mmu-miR-6898-5p,0.0,0.0,0.0,0.0,0.0,0.0
mmu-miR-6899-3p,43.0,39.0,0.0,47.0,0.0,66.0
mmu-miR-6899-5p,0.0,0.0,0.0,0.0,0.0,0.0
mmu-miR-690,49.0,16.0,10.0,38.0,21.0,68.0
mmu-miR-6900-3p,0.0,0.0,0.0,0.0,0.0,0.0
mmu-miR-6900-5p,0.0,0.0,0.0,0.0,0.0,0.0
mmu-miR-6901-3p,0.0,0.0,0.0,0.0,0.0,0.0
mmu-miR-6901-5p,13.0,0.0,4.0,10.0,18.0,12.0
mmu-miR-6902-3p,0.0,0.0,0.0,0.0,0.0,0.0
mmu-miR-6902-5p,0.0,0.0,0.0,0.0,0.0,0.0
mmu-miR-6903-3p,0.0,0.0,0.0,0.0,0.0,0.0
mmu-miR-6903-5p,0.0,0.0,0.0,0.0,0.0,0.0
mmu-miR-6904-3p,0.0,0.0,0.0,0.0,0.0,0.0
mmu-miR-6904-5p,0.0,0.0,0.0,0.0,0.0,0.0
mmu-miR-6905-3p,0.0,0.0,0.0,0.0,0.0,0.0
mmu-miR-6905-5p,0.0,0.0,0.0,0.0,0.0,0.0
mmu-miR-6906-3p,0.0,0.0,0.0,0.0,0.0,0.0
mmu-miR-6906-5p,0.0,0.0,0.0,0.0,0.0,0.0
mmu-miR-6907-3p,0.0,0.0,0.0,0.0,0.0,0.0
mmu-miR-6907-5p,0.0,0.0,0.0,0.0,0.0,0.0
mmu-miR-6908-3p,0.0,0.0,0.0,0.0,0.0,0.0
mmu-miR-6908-5p,0.0,0.0,0.0,0.0,0.0,0.0
mmu-miR-6909-3p,0.0,0.0,0.0,0.0,0.0,0.0
mmu-miR-6909-5p,0.0,0.0,0.0,0.0,0.0,0.0
mmu-miR-691,0.0,0.0,0.0,0.0,0.0,0.0
mmu-miR-6910-3p,0.0,0.0,0.0,0.0,0.0,0.0
mmu-miR-6910-5p,0.0,0.0,0.0,0.0,0.0,0.0
mmu-miR-6911-3p,16.0,15.0,0.0,0.0,21.0,17.0
mmu-miR-6911-5p,0.0,0.0,0.0,0.0,0.0,0.0
mmu-miR-6912-3p,0.0,0.0,0.0,0.0,0.0,0.0
mmu-miR-6912-5p,0.0,0.0,0.0,0.0,0.0,0.0
mmu-miR-6913-3p,6.0,4.0,0.0,6.0,6.0,0.0
mmu-miR-6913-5p,0.0,0.0,0.0,0.0,0.0,0.0
mmu-miR-6914-3p,0.0,0.0,0.0,0.0,0.0,0.0
mmu-miR-6914-5p,0.0,0.0,0.0,0.0,0.0,0.0
mmu-miR-6915-3p,0.0,0.0,0.0,0.0,0.0,0.0
mmu-miR-6915-5p,0.0,0.0,0.0,0.0,0.0,0.0
mmu-miR-6916-3p,0.0,0.0,0.0,0.0,0.0,0.0
mmu-miR-6916-5p,0.0,0.0,0.0,0.0,0.0,0.0
mmu-miR-6917-3p,0.0,0.0,0.0,0.0,0.0,0.0
mmu-miR-6917-5p,0.0,0.0,0.0,0.0,0.0,0.0
mmu-miR-6918-3p,0.0,0.0,0.0,0.0,0.0,0.0
mmu-miR-6918-5p,0.0,0.0,0.0,0.0,0.0,0.0
mmu-miR-6919-3p,0.0,0.0,0.0,0.0,0.0,0.0
mmu-miR-6919-5p,0.0,0.0,0.0,0.0,0.0,0.0
mmu-miR-692,4.0,0.0,0.0,0.0,0.0,0.0
mmu-miR-6920-3p,0.0,0.0,0.0,0.0,0.0,0.0
mmu-miR-6920-5p,0.0,0.0,0.0,0.0,0.0,0.0
mmu-miR-6921-3p,0.0,0.0,0.0,0.0,0.0,0.0
mmu-miR-6921-5p,0.0,0.0,0.0,0.0,0.0,0.0
mmu-miR-6922-3p,0.0,0.0,0.0,7.0,0.0,0.0
mmu-miR-6922-5p,0.0,0.0,0.0,0.0,0.0,6.0
mmu-miR-6923-3p,0.0,0.0,0.0,0.0,0.0,0.0
mmu-miR-6923-5p,0.0,0.0,0.0,0.0,0.0,0.0
mmu-miR-6924-3p,0.0,0.0,0.0,0.0,0.0,0.0
mmu-miR-6924-5p,0.0,0.0,0.0,0.0,0.0,0.0
mmu-miR-6925-3p,0.0,0.0,0.0,0.0,0.0,0.0
mmu-miR-6925-5p,0.0,0.0,0.0,5.0,8.0,10.0
mmu-miR-6926-3p,0.0,0.0,0.0,0.0,0.0,6.0
mmu-miR-6926-5p,0.0,0.0,0.0,0.0,0.0,0.0
mmu-miR-6927-3p,0.0,0.0,0.0,0.0,0.0,0.0
mmu-miR-6927-5p,0.0,0.0,0.0,0.0,0.0,0.0
mmu-miR-6928-3p,3.0,0.0,0.0,0.0,0.0,0.0
mmu-miR-6928-5p,0.0,0.0,0.0,0.0,0.0,0.0
mmu-miR-6929-3p,0.0,0.0,0.0,0.0,0.0,0.0
mmu-miR-6929-5p,0.0,0.0,0.0,0.0,0.0,0.0
mmu-miR-693-3p,3.0,0.0,2.0,2.0,6.0,0.0
mmu-miR-693-5p,0.0,0.0,0.0,0.0,0.0,0.0
mmu-miR-6930-3p,0.0,0.0,0.0,0.0,0.0,0.0
mmu-miR-6930-5p,0.0,0.0,0.0,0.0,0.0,0.0
mmu-miR-6931-3p,0.0,0.0,0.0,0.0,0.0,0.0
mmu-miR-6931-5p,0.0,0.0,0.0,0.0,0.0,0.0
mmu-miR-6932-3p,0.0,0.0,0.0,0.0,0.0,0.0
mmu-miR-6932-5p,0.0,0.0,0.0,0.0,9.0,0.0
mmu-miR-6933-3p,0.0,0.0,0.0,0.0,0.0,0.0
mmu-miR-6933-5p,0.0,6.0,0.0,0.0,0.0,0.0
mmu-miR-6934-3p,0.0,0.0,0.0,0.0,0.0,0.0
mmu-miR-6934-5p,0.0,0.0,0.0,0.0,4.0,0.0
mmu-miR-6935-3p,0.0,0.0,0.0,0.0,0.0,0.0
mmu-miR-6935-5p,0.0,0.0,0.0,0.0,0.0,0.0
mmu-miR-6936-3p,0.0,0.0,0.0,0.0,0.0,0.0
mmu-miR-6936-5p,0.0,0.0,0.0,0.0,0.0,0.0
mmu-miR-6937-3p,0.0,2.0,0.0,0.0,0.0,0.0
mmu-miR-6937-5p,0.0,0.0,0.0,0.0,0.0,0.0
mmu-miR-6938-3p,0.0,0.0,0.0,0.0,0.0,0.0
mmu-miR-6938-5p,0.0,0.0,0.0,0.0,0.0,0.0
mmu-miR-6939-3p,0.0,0.0,0.0,0.0,0.0,0.0
mmu-miR-6939-5p,0.0,0.0,0.0,0.0,0.0,0.0
mmu-miR-694,0.0,0.0,0.0,0.0,0.0,7.0
mmu-miR-6940-3p,0.0,0.0,3.0,0.0,0.0,5.0
mmu-miR-6940-5p,0.0,0.0,0.0,0.0,0.0,0.0
mmu-miR-6941-3p,0.0,0.0,0.0,0.0,0.0,0.0
mmu-miR-6941-5p,0.0,0.0,0.0,0.0,0.0,0.0
mmu-miR-6942-3p,0.0,0.0,0.0,0.0,0.0,0.0
mmu-miR-6942-5p,0.0,0.0,0.0,0.0,0.0,0.0
mmu-miR-6943-3p,0.0,0.0,0.0,0.0,0.0,0.0
mmu-miR-6943-5p,0.0,0.0,0.0,0.0,0.0,0.0
mmu-miR-6944-3p,0.0,37.0,17.0,41.0,35.0,41.0
mmu-miR-6944-5p,0.0,0.0,0.0,0.0,0.0,0.0
mmu-miR-6945-3p,0.0,4.0,0.0,0.0,0.0,0.0
mmu-miR-6945-5p,0.0,0.0,0.0,0.0,0.0,0.0
mmu-miR-6946-3p,0.0,0.0,0.0,32.0,0.0,0.0
mmu-miR-6946-5p,0.0,0.0,0.0,0.0,0.0,0.0
mmu-miR-6947-3p,0.0,0.0,0.0,0.0,0.0,0.0
mmu-miR-6947-5p,0.0,0.0,0.0,0.0,0.0,0.0
mmu-miR-6948-3p,7.0,0.0,2.0,6.0,11.0,20.0
mmu-miR-6948-5p,0.0,0.0,0.0,0.0,0.0,0.0
mmu-miR-6949-3p,0.0,0.0,0.0,0.0,0.0,0.0
mmu-miR-6949-5p,0.0,0.0,0.0,0.0,0.0,0.0
mmu-miR-695,0.0,0.0,0.0,0.0,0.0,0.0
mmu-miR-6950-3p,0.0,0.0,0.0,0.0,0.0,0.0
mmu-miR-6950-5p,0.0,0.0,0.0,0.0,0.0,0.0
mmu-miR-6951-3p,0.0,0.0,0.0,0.0,0.0,0.0
mmu-miR-6951-5p,3.0,0.0,0.0,0.0,0.0,0.0
mmu-miR-6952-3p,9.0,9.0,6.0,57.0,30.0,42.0
mmu-miR-6952-5p,3.0,0.0,0.0,3.0,3.0,4.0
mmu-miR-6953-3p,0.0,0.0,0.0,0.0,11.0,0.0
mmu-miR-6953-5p,0.0,0.0,0.0,0.0,0.0,0.0
mmu-miR-6954-3p,0.0,0.0,0.0,0.0,0.0,0.0
mmu-miR-6954-5p,0.0,0.0,0.0,0.0,0.0,0.0
mmu-miR-6955-3p,0.0,0.0,0.0,0.0,0.0,7.0
mmu-miR-6955-5p,0.0,0.0,0.0,0.0,0.0,0.0
mmu-miR-6956-3p,0.0,0.0,0.0,0.0,0.0,0.0
mmu-miR-6956-5p,0.0,0.0,0.0,0.0,0.0,0.0
mmu-miR-6957-3p,0.0,0.0,0.0,0.0,0.0,0.0
mmu-miR-6957-5p,0.0,0.0,0.0,0.0,0.0,0.0
mmu-miR-6958-3p,0.0,0.0,0.0,0.0,0.0,0.0
mmu-miR-6958-5p,0.0,0.0,0.0,0.0,0.0,0.0
mmu-miR-6959-3p,0.0,0.0,0.0,0.0,0.0,0.0
mmu-miR-6959-5p,0.0,0.0,0.0,0.0,0.0,6.0
mmu-miR-696,0.0,0.0,0.0,0.0,0.0,0.0
mmu-miR-6960-3p,0.0,0.0,0.0,0.0,0.0,0.0
mmu-miR-6960-5p,0.0,9.0,0.0,12.0,8.0,12.0
mmu-miR-6961-3p,0.0,0.0,0.0,0.0,0.0,0.0
mmu-miR-6961-5p,0.0,0.0,0.0,3.0,0.0,0.0
mmu-miR-6962-3p,0.0,0.0,0.0,0.0,0.0,0.0
mmu-miR-6962-5p,0.0,0.0,0.0,0.0,0.0,0.0
mmu-miR-6963-3p,0.0,0.0,0.0,8.0,10.0,13.0
mmu-miR-6963-5p,0.0,0.0,0.0,0.0,0.0,0.0
mmu-miR-6964-3p,0.0,0.0,0.0,0.0,9.0,12.0
mmu-miR-6964-5p,0.0,0.0,0.0,0.0,0.0,0.0
mmu-miR-6965-3p,0.0,0.0,0.0,0.0,0.0,0.0
mmu-miR-6965-5p,0.0,0.0,0.0,0.0,0.0,0.0
mmu-miR-6966-3p,0.0,0.0,0.0,0.0,0.0,0.0
mmu-miR-6966-5p,0.0,0.0,0.0,0.0,0.0,0.0
mmu-miR-6967-3p,3.0,0.0,0.0,0.0,0.0,0.0
mmu-miR-6967-5p,0.0,0.0,0.0,0.0,0.0,0.0
mmu-miR-6968-3p,0.0,0.0,0.0,0.0,0.0,0.0
mmu-miR-6968-5p,0.0,0.0,0.0,0.0,0.0,0.0
mmu-miR-6969-3p,0.0,0.0,0.0,0.0,0.0,0.0
mmu-miR-6969-5p,0.0,0.0,0.0,0.0,0.0,0.0
mmu-miR-697,0.0,0.0,0.0,0.0,0.0,0.0
mmu-miR-6970-3p,0.0,0.0,0.0,0.0,0.0,0.0
mmu-miR-6970-5p,0.0,0.0,0.0,0.0,0.0,0.0
mmu-miR-6971-3p,0.0,0.0,0.0,0.0,32.0,0.0
mmu-miR-6971-5p,0.0,0.0,0.0,0.0,0.0,0.0
mmu-miR-6972-3p,0.0,0.0,0.0,0.0,0.0,0.0
mmu-miR-6972-5p,0.0,0.0,0.0,0.0,0.0,0.0
mmu-miR-6973a-3p,0.0,0.0,0.0,4.0,3.0,0.0
mmu-miR-6973a-5p,0.0,0.0,0.0,0.0,0.0,0.0
mmu-miR-6973b-3p,0.0,0.0,0.0,0.0,0.0,0.0
mmu-miR-6973b-5p,0.0,0.0,0.0,0.0,0.0,0.0
mmu-miR-6974-3p,0.0,0.0,0.0,0.0,0.0,0.0
mmu-miR-6974-5p,0.0,0.0,0.0,0.0,0.0,0.0
mmu-miR-6975-3p,6.0,0.0,0.0,19.0,13.0,18.0
mmu-miR-6975-5p,0.0,0.0,0.0,0.0,0.0,0.0
mmu-miR-6976-3p,0.0,0.0,0.0,0.0,0.0,0.0
mmu-miR-6976-5p,0.0,0.0,0.0,0.0,0.0,0.0
mmu-miR-6977-3p,0.0,0.0,0.0,0.0,0.0,0.0
mmu-miR-6977-5p,0.0,0.0,0.0,0.0,0.0,0.0
mmu-miR-6978-3p,0.0,7.0,0.0,0.0,0.0,0.0
mmu-miR-6978-5p,0.0,0.0,0.0,0.0,0.0,0.0
mmu-miR-6979-3p,0.0,0.0,0.0,0.0,0.0,15.0
mmu-miR-6979-5p,0.0,0.0,0.0,0.0,0.0,0.0
mmu-miR-698-3p,0.0,0.0,0.0,0.0,0.0,0.0
mmu-miR-698-5p,0.0,0.0,0.0,0.0,0.0,0.0
mmu-miR-6980-3p,0.0,0.0,0.0,0.0,0.0,0.0
mmu-miR-6980-5p,0.0,0.0,0.0,4.0,0.0,0.0
mmu-miR-6981-3p,0.0,0.0,0.0,11.0,18.0,20.0
mmu-miR-6981-5p,0.0,0.0,0.0,0.0,0.0,0.0
mmu-miR-6982-3p,0.0,0.0,0.0,0.0,0.0,0.0
mmu-miR-6982-5p,0.0,0.0,0.0,0.0,0.0,0.0
mmu-miR-6983-3p,0.0,0.0,0.0,0.0,0.0,0.0
mmu-miR-6983-5p,0.0,0.0,0.0,0.0,0.0,0.0
mmu-miR-6984-3p,0.0,0.0,0.0,0.0,0.0,0.0
mmu-miR-6984-5p,0.0,0.0,0.0,0.0,0.0,0.0
mmu-miR-6985-3p,13.0,20.0,0.0,24.0,33.0,25.0
mmu-miR-6985-5p,0.0,0.0,0.0,0.0,0.0,0.0
mmu-miR-6986-3p,0.0,0.0,0.0,0.0,0.0,0.0
mmu-miR-6986-5p,0.0,3.0,0.0,8.0,10.0,6.0
mmu-miR-6987-3p,0.0,0.0,0.0,0.0,0.0,0.0
mmu-miR-6987-5p,0.0,0.0,0.0,0.0,0.0,0.0
mmu-miR-6988-3p,0.0,0.0,14.0,0.0,0.0,0.0
mmu-miR-6988-5p,0.0,0.0,0.0,0.0,0.0,0.0
mmu-miR-6989-3p,0.0,0.0,0.0,27.0,14.0,39.0
mmu-miR-6989-5p,0.0,0.0,0.0,0.0,0.0,0.0
mmu-miR-6990-3p,0.0,0.0,0.0,0.0,0.0,0.0
mmu-miR-6990-5p,0.0,0.0,0.0,0.0,0.0,0.0
mmu-miR-6991-3p,0.0,0.0,0.0,0.0,0.0,3.0
mmu-miR-6991-5p,0.0,0.0,0.0,0.0,0.0,0.0
mmu-miR-6992-3p,0.0,0.0,0.0,0.0,0.0,0.0
mmu-miR-6992-5p,0.0,0.0,0.0,0.0,0.0,0.0
mmu-miR-6993-3p,0.0,0.0,0.0,0.0,0.0,0.0
mmu-miR-6993-5p,0.0,0.0,0.0,0.0,0.0,0.0
mmu-miR-6994-3p,0.0,0.0,0.0,0.0,0.0,0.0
mmu-miR-6994-5p,0.0,0.0,0.0,0.0,0.0,0.0
mmu-miR-6995-3p,0.0,0.0,0.0,0.0,0.0,0.0
mmu-miR-6995-5p,0.0,0.0,0.0,0.0,0.0,0.0
mmu-miR-6996-3p,0.0,0.0,0.0,0.0,0.0,0.0
mmu-miR-6996-5p,0.0,6.0,0.0,21.0,14.0,22.0
mmu-miR-6997-3p,0.0,0.0,0.0,0.0,0.0,0.0
mmu-miR-6997-5p,0.0,0.0,0.0,0.0,0.0,0.0
mmu-miR-6998-3p,0.0,0.0,0.0,0.0,0.0,0.0
mmu-miR-6998-5p,0.0,0.0,0.0,0.0,0.0,0.0
mmu-miR-6999-3p,0.0,0.0,0.0,0.0,0.0,0.0
mmu-miR-6999-5p,0.0,0.0,0.0,0.0,0.0,0.0
mmu-miR-700-3p,54.0,51.0,17.0,82.0,94.0,104.0
mmu-miR-700-5p,159.0,147.0,65.0,54.0,66.0,85.0
mmu-miR-7000-3p,0.0,0.0,0.0,0.0,0.0,0.0
mmu-miR-7000-5p,0.0,0.0,0.0,0.0,0.0,0.0
mmu-miR-7001-3p,0.0,0.0,0.0,0.0,0.0,0.0
mmu-miR-7001-5p,0.0,0.0,0.0,0.0,3.0,0.0
mmu-miR-7002-3p,0.0,0.0,0.0,0.0,0.0,0.0
mmu-miR-7002-5p,0.0,0.0,0.0,0.0,0.0,0.0
mmu-miR-7003-3p,0.0,0.0,0.0,0.0,0.0,0.0
mmu-miR-7003-5p,0.0,0.0,0.0,0.0,0.0,0.0
mmu-miR-7004-3p,0.0,0.0,0.0,0.0,0.0,0.0
mmu-miR-7004-5p,0.0,0.0,0.0,0.0,0.0,0.0
mmu-miR-7005-3p,0.0,0.0,0.0,0.0,0.0,0.0
mmu-miR-7005-5p,0.0,0.0,0.0,0.0,0.0,0.0
mmu-miR-7006-3p,0.0,0.0,0.0,0.0,0.0,0.0
mmu-miR-7006-5p,0.0,0.0,0.0,0.0,0.0,0.0
mmu-miR-7007-3p,0.0,0.0,0.0,0.0,0.0,0.0
mmu-miR-7007-5p,0.0,0.0,0.0,0.0,0.0,0.0
mmu-miR-7008-3p,35.0,38.0,0.0,39.0,0.0,35.0
mmu-miR-7008-5p,0.0,0.0,0.0,0.0,0.0,0.0
mmu-miR-7009-3p,0.0,0.0,0.0,0.0,0.0,0.0
mmu-miR-7009-5p,0.0,0.0,0.0,0.0,0.0,0.0
mmu-miR-701-3p,0.0,0.0,0.0,3.0,2.0,0.0
mmu-miR-701-5p,0.0,0.0,0.0,0.0,3.0,0.0
mmu-miR-7010-3p,0.0,0.0,0.0,0.0,0.0,0.0
mmu-miR-7010-5p,3.0,4.0,3.0,6.0,7.0,4.0
mmu-miR-7011-3p,0.0,0.0,0.0,0.0,0.0,0.0
mmu-miR-7011-5p,0.0,0.0,0.0,0.0,0.0,0.0
mmu-miR-7012-3p,0.0,0.0,0.0,0.0,4.0,0.0
mmu-miR-7012-5p,0.0,0.0,0.0,0.0,0.0,5.0
mmu-miR-7013-3p,0.0,0.0,0.0,0.0,0.0,0.0
mmu-miR-7013-5p,0.0,0.0,0.0,4.0,0.0,3.0
mmu-miR-7014-3p,0.0,0.0,0.0,0.0,0.0,0.0
mmu-miR-7014-5p,0.0,0.0,0.0,0.0,0.0,0.0
mmu-miR-7015-3p,0.0,0.0,8.0,35.0,36.0,38.0
mmu-miR-7015-5p,0.0,0.0,0.0,0.0,0.0,0.0
mmu-miR-7016-3p,0.0,0.0,0.0,0.0,0.0,0.0
mmu-miR-7016-5p,0.0,0.0,0.0,0.0,0.0,0.0
mmu-miR-7017-3p,0.0,0.0,0.0,0.0,0.0,0.0
mmu-miR-7017-5p,0.0,0.0,0.0,0.0,4.0,0.0
mmu-miR-7018-3p,0.0,8.0,2.0,2.0,3.0,0.0
mmu-miR-7018-5p,0.0,0.0,0.0,0.0,0.0,0.0
mmu-miR-7019-3p,0.0,8.0,0.0,10.0,20.0,20.0
mmu-miR-7019-5p,0.0,0.0,0.0,0.0,0.0,0.0
mmu-miR-702-3p,26.0,13.0,7.0,15.0,25.0,25.0
mmu-miR-702-5p,0.0,0.0,0.0,0.0,0.0,0.0
mmu-miR-7020-3p,0.0,0.0,0.0,0.0,0.0,0.0
mmu-miR-7020-5p,0.0,0.0,0.0,0.0,0.0,0.0
mmu-miR-7021-3p,0.0,0.0,0.0,0.0,0.0,0.0
mmu-miR-7021-5p,0.0,4.0,0.0,0.0,2.0,0.0
mmu-miR-7022-3p,0.0,0.0,0.0,0.0,0.0,0.0
mmu-miR-7022-5p,0.0,0.0,0.0,0.0,0.0,0.0
mmu-miR-7023-3p,0.0,0.0,0.0,0.0,0.0,0.0
mmu-miR-7023-5p,0.0,0.0,0.0,0.0,0.0,0.0
mmu-miR-7024-3p,0.0,0.0,0.0,0.0,0.0,0.0
mmu-miR-7024-5p,0.0,0.0,0.0,0.0,0.0,0.0
mmu-miR-7025-3p,0.0,8.0,0.0,0.0,11.0,0.0
mmu-miR-7025-5p,0.0,0.0,0.0,0.0,0.0,0.0
mmu-miR-7026-3p,0.0,0.0,0.0,0.0,0.0,0.0
mmu-miR-7026-5p,0.0,0.0,0.0,0.0,0.0,0.0
mmu-miR-7027-3p,0.0,0.0,0.0,0.0,0.0,0.0
mmu-miR-7027-5p,0.0,0.0,0.0,0.0,0.0,0.0
mmu-miR-7028-3p,0.0,0.0,0.0,0.0,0.0,0.0
mmu-miR-7028-5p,0.0,0.0,0.0,0.0,0.0,0.0
mmu-miR-7029-3p,0.0,0.0,0.0,0.0,0.0,0.0
mmu-miR-7029-5p,0.0,0.0,0.0,0.0,0.0,0.0
mmu-miR-703,0.0,0.0,0.0,0.0,0.0,0.0
mmu-miR-7030-3p,0.0,0.0,0.0,0.0,0.0,0.0
mmu-miR-7030-5p,0.0,0.0,0.0,0.0,0.0,0.0
mmu-miR-7031-3p,0.0,0.0,0.0,0.0,11.0,0.0
mmu-miR-7031-5p,0.0,0.0,0.0,0.0,4.0,0.0
mmu-miR-7032-3p,0.0,0.0,0.0,0.0,0.0,0.0
mmu-miR-7032-5p,0.0,0.0,0.0,0.0,0.0,0.0
mmu-miR-7033-3p,0.0,0.0,0.0,0.0,0.0,0.0
mmu-miR-7033-5p,0.0,0.0,0.0,0.0,0.0,0.0
mmu-miR-7034-3p,0.0,0.0,0.0,0.0,0.0,0.0
mmu-miR-7034-5p,0.0,0.0,0.0,0.0,0.0,0.0
mmu-miR-7035-3p,0.0,0.0,0.0,5.0,0.0,7.0
mmu-miR-7035-5p,0.0,0.0,0.0,0.0,0.0,0.0
mmu-miR-7036a-3p,0.0,0.0,0.0,0.0,0.0,0.0
mmu-miR-7036a-5p,0.0,0.0,0.0,0.0,0.0,0.0
mmu-miR-7036b-3p,0.0,0.0,0.0,0.0,0.0,0.0
mmu-miR-7036b-5p,0.0,0.0,0.0,0.0,0.0,0.0
mmu-miR-7037-3p,0.0,0.0,0.0,0.0,0.0,0.0
mmu-miR-7037-5p,0.0,0.0,0.0,0.0,0.0,0.0
mmu-miR-7038-3p,0.0,0.0,0.0,0.0,0.0,0.0
mmu-miR-7038-5p,0.0,0.0,0.0,0.0,0.0,0.0
mmu-miR-7039-3p,0.0,0.0,0.0,0.0,0.0,0.0
mmu-miR-7039-5p,0.0,0.0,0.0,0.0,0.0,0.0
mmu-miR-704,0.0,0.0,0.0,0.0,0.0,0.0
mmu-miR-7040-3p,0.0,0.0,0.0,0.0,0.0,0.0
mmu-miR-7040-5p,0.0,0.0,0.0,0.0,0.0,0.0
mmu-miR-7041-3p,0.0,0.0,0.0,0.0,0.0,0.0
mmu-miR-7041-5p,0.0,0.0,0.0,0.0,0.0,0.0
mmu-miR-7042-3p,0.0,0.0,0.0,0.0,0.0,0.0
mmu-miR-7042-5p,0.0,0.0,0.0,0.0,0.0,0.0
mmu-miR-7043-3p,49.0,25.0,13.0,53.0,47.0,77.0
mmu-miR-7043-5p,0.0,0.0,0.0,0.0,0.0,0.0
mmu-miR-7044-3p,0.0,0.0,0.0,0.0,0.0,0.0
mmu-miR-7044-5p,0.0,0.0,0.0,0.0,0.0,0.0
mmu-miR-7045-3p,0.0,0.0,0.0,0.0,0.0,0.0
mmu-miR-7045-5p,0.0,0.0,0.0,0.0,0.0,0.0
mmu-miR-7046-3p,0.0,7.0,0.0,0.0,0.0,0.0
mmu-miR-7046-5p,0.0,0.0,0.0,0.0,0.0,0.0
mmu-miR-7047-3p,0.0,0.0,0.0,0.0,0.0,0.0
mmu-miR-7047-5p,0.0,0.0,0.0,0.0,0.0,0.0
mmu-miR-7048-3p,0.0,0.0,0.0,10.0,6.0,0.0
mmu-miR-7048-5p,0.0,0.0,0.0,0.0,0.0,0.0
mmu-miR-7049-3p,0.0,0.0,0.0,0.0,0.0,0.0
mmu-miR-7049-5p,0.0,0.0,0.0,7.0,12.0,0.0
mmu-miR-705,0.0,0.0,0.0,0.0,0.0,0.0
mmu-miR-7050-3p,0.0,0.0,0.0,0.0,0.0,0.0
mmu-miR-7050-5p,0.0,0.0,0.0,0.0,0.0,0.0
mmu-miR-7051-3p,0.0,0.0,0.0,0.0,0.0,0.0
mmu-miR-7051-5p,0.0,0.0,0.0,0.0,0.0,0.0
mmu-miR-7052-3p,0.0,0.0,11.0,0.0,0.0,0.0
mmu-miR-7052-5p,0.0,0.0,0.0,0.0,0.0,0.0
mmu-miR-7053-3p,0.0,0.0,0.0,0.0,0.0,0.0
mmu-miR-7053-5p,0.0,0.0,0.0,0.0,0.0,0.0
mmu-miR-7054-3p,0.0,0.0,0.0,0.0,0.0,0.0
mmu-miR-7054-5p,0.0,0.0,0.0,0.0,0.0,0.0
mmu-miR-7055-3p,0.0,0.0,0.0,0.0,0.0,0.0
mmu-miR-7055-5p,0.0,0.0,0.0,0.0,0.0,0.0
mmu-miR-7056-3p,0.0,0.0,0.0,0.0,0.0,0.0
mmu-miR-7056-5p,0.0,0.0,0.0,0.0,0.0,0.0
mmu-miR-7057-3p,0.0,3.0,0.0,3.0,0.0,0.0
mmu-miR-7057-5p,0.0,0.0,0.0,0.0,0.0,0.0
mmu-miR-7058-3p,0.0,0.0,0.0,0.0,0.0,0.0
mmu-miR-7058-5p,0.0,0.0,0.0,0.0,0.0,0.0
mmu-miR-7059-3p,0.0,0.0,0.0,0.0,0.0,0.0
mmu-miR-7059-5p,2.0,0.0,0.0,5.0,11.0,10.0
mmu-miR-706,0.0,0.0,0.0,0.0,0.0,0.0
mmu-miR-7060-3p,0.0,0.0,0.0,0.0,0.0,0.0
mmu-miR-7060-5p,0.0,0.0,0.0,0.0,0.0,0.0
mmu-miR-7061-3p,0.0,0.0,0.0,0.0,0.0,0.0
mmu-miR-7061-5p,0.0,0.0,0.0,0.0,0.0,7.0
mmu-miR-7062-3p,0.0,0.0,0.0,0.0,0.0,0.0
mmu-miR-7062-5p,0.0,0.0,0.0,0.0,0.0,0.0
mmu-miR-7063-3p,0.0,0.0,0.0,0.0,0.0,0.0
mmu-miR-7063-5p,0.0,0.0,0.0,0.0,13.0,9.0
mmu-miR-7064-3p,0.0,0.0,0.0,0.0,0.0,0.0
mmu-miR-7064-5p,0.0,0.0,0.0,0.0,0.0,0.0
mmu-miR-7065-3p,0.0,0.0,0.0,0.0,0.0,0.0
mmu-miR-7065-5p,0.0,0.0,0.0,0.0,0.0,0.0
mmu-miR-7066-3p,0.0,0.0,0.0,0.0,0.0,0.0
mmu-miR-7066-5p,0.0,0.0,0.0,0.0,0.0,0.0
mmu-miR-7067-3p,0.0,0.0,0.0,0.0,0.0,0.0
mmu-miR-7067-5p,0.0,0.0,0.0,0.0,0.0,0.0
mmu-miR-7068-3p,0.0,0.0,0.0,0.0,0.0,0.0
mmu-miR-7068-5p,0.0,0.0,0.0,0.0,0.0,0.0
mmu-miR-7069-3p,0.0,0.0,0.0,0.0,3.0,0.0
mmu-miR-7069-5p,0.0,0.0,0.0,0.0,0.0,4.0
mmu-miR-707,0.0,0.0,0.0,0.0,0.0,0.0
mmu-miR-7070-3p,0.0,0.0,0.0,0.0,0.0,0.0
mmu-miR-7070-5p,0.0,0.0,0.0,0.0,0.0,0.0
mmu-miR-7071-3p,0.0,0.0,0.0,0.0,0.0,0.0
mmu-miR-7071-5p,0.0,0.0,0.0,0.0,0.0,0.0
mmu-miR-7072-3p,0.0,0.0,0.0,0.0,0.0,0.0
mmu-miR-7072-5p,0.0,0.0,0.0,0.0,0.0,0.0
mmu-miR-7073-3p,0.0,0.0,0.0,0.0,0.0,0.0
mmu-miR-7073-5p,0.0,0.0,0.0,0.0,0.0,0.0
mmu-miR-7074-3p,0.0,0.0,0.0,0.0,0.0,0.0
mmu-miR-7074-5p,0.0,0.0,0.0,0.0,0.0,0.0
mmu-miR-7075-3p,0.0,0.0,4.0,0.0,0.0,0.0
mmu-miR-7075-5p,0.0,0.0,0.0,0.0,0.0,0.0
mmu-miR-7076-3p,0.0,0.0,0.0,0.0,0.0,0.0
mmu-miR-7076-5p,0.0,0.0,0.0,0.0,0.0,0.0
mmu-miR-7077-3p,0.0,0.0,0.0,0.0,0.0,0.0
mmu-miR-7077-5p,0.0,0.0,0.0,0.0,0.0,0.0
mmu-miR-7078-3p,0.0,0.0,0.0,0.0,0.0,0.0
mmu-miR-7078-5p,0.0,0.0,0.0,0.0,0.0,0.0
mmu-miR-7079-3p,0.0,0.0,0.0,0.0,0.0,0.0
mmu-miR-7079-5p,0.0,0.0,0.0,0.0,0.0,0.0
mmu-miR-708-3p,82.0,179.0,21.0,0.0,0.0,77.0
mmu-miR-708-5p,34.0,121.0,21.0,39.0,45.0,113.0
mmu-miR-7080-3p,0.0,0.0,0.0,0.0,0.0,0.0
mmu-miR-7080-5p,0.0,0.0,0.0,0.0,0.0,0.0
mmu-miR-7081-3p,0.0,0.0,0.0,0.0,0.0,0.0
mmu-miR-7081-5p,0.0,0.0,0.0,0.0,0.0,0.0
mmu-miR-7082-3p,0.0,0.0,0.0,0.0,0.0,0.0
mmu-miR-7082-5p,0.0,0.0,0.0,0.0,0.0,0.0
mmu-miR-7083-3p,0.0,3.0,0.0,16.0,14.0,32.0
mmu-miR-7083-5p,0.0,4.0,0.0,0.0,6.0,4.0
mmu-miR-7084-3p,0.0,0.0,0.0,0.0,0.0,0.0
mmu-miR-7084-5p,0.0,0.0,0.0,0.0,3.0,0.0
mmu-miR-7085-3p,0.0,0.0,0.0,6.0,0.0,0.0
mmu-miR-7085-5p,0.0,0.0,0.0,0.0,0.0,0.0
mmu-miR-7086-3p,0.0,0.0,0.0,0.0,0.0,0.0
mmu-miR-7086-5p,0.0,0.0,0.0,0.0,0.0,0.0
mmu-miR-7087-3p,0.0,0.0,0.0,0.0,0.0,0.0
mmu-miR-7087-5p,0.0,0.0,0.0,0.0,0.0,0.0
mmu-miR-7088-3p,0.0,0.0,0.0,0.0,0.0,0.0
mmu-miR-7088-5p,0.0,0.0,0.0,0.0,0.0,0.0
mmu-miR-7089-3p,0.0,0.0,0.0,0.0,0.0,0.0
mmu-miR-7089-5p,0.0,0.0,0.0,0.0,0.0,0.0
mmu-miR-709,0.0,0.0,0.0,0.0,0.0,0.0
mmu-miR-7090-3p,0.0,0.0,0.0,0.0,0.0,0.0
mmu-miR-7090-5p,0.0,0.0,0.0,0.0,0.0,0.0
mmu-miR-7091-3p,0.0,0.0,0.0,0.0,8.0,7.0
mmu-miR-7091-5p,0.0,0.0,0.0,0.0,0.0,0.0
mmu-miR-7092-3p,0.0,0.0,0.0,6.0,0.0,7.0
mmu-miR-7092-5p,0.0,0.0,0.0,0.0,0.0,0.0
mmu-miR-7093-3p,0.0,0.0,0.0,0.0,11.0,0.0
mmu-miR-7093-5p,0.0,0.0,0.0,0.0,0.0,0.0
mmu-miR-7094-1-5p,0.0,0.0,0.0,0.0,0.0,0.0
mmu-miR-7094-3p,0.0,0.0,0.0,0.0,0.0,9.0
mmu-miR-7094b-2-5p,0.0,0.0,0.0,0.0,0.0,0.0
mmu-miR-710,0.0,0.0,0.0,0.0,0.0,0.0
mmu-miR-711,0.0,0.0,0.0,0.0,0.0,0.0
mmu-miR-7115-3p,0.0,0.0,0.0,0.0,0.0,0.0
mmu-miR-7115-5p,0.0,0.0,0.0,0.0,0.0,0.0
mmu-miR-7116-3p,10.0,12.0,0.0,16.0,21.0,24.0
mmu-miR-7116-5p,0.0,0.0,0.0,0.0,0.0,0.0
mmu-miR-7117-3p,0.0,0.0,0.0,0.0,0.0,0.0
mmu-miR-7117-5p,0.0,0.0,0.0,0.0,0.0,0.0
mmu-miR-7118-3p,0.0,0.0,0.0,0.0,0.0,0.0
mmu-miR-7118-5p,0.0,0.0,0.0,0.0,0.0,0.0
mmu-miR-7119-3p,0.0,0.0,0.0,0.0,0.0,0.0
mmu-miR-7119-5p,0.0,0.0,0.0,0.0,0.0,0.0
mmu-miR-712-3p,0.0,0.0,0.0,0.0,0.0,0.0
mmu-miR-712-5p,3.0,0.0,0.0,0.0,0.0,4.0
mmu-miR-713,0.0,0.0,0.0,0.0,0.0,0.0
mmu-miR-714,0.0,0.0,0.0,0.0,3.0,0.0
mmu-miR-717,0.0,0.0,0.0,0.0,0.0,0.0
mmu-miR-718,0.0,0.0,0.0,0.0,0.0,0.0
mmu-miR-719,0.0,0.0,0.0,0.0,0.0,0.0
mmu-miR-721,0.0,0.0,0.0,0.0,0.0,0.0
mmu-miR-7210-3p,0.0,0.0,0.0,0.0,0.0,0.0
mmu-miR-7210-5p,0.0,0.0,0.0,0.0,0.0,0.0
mmu-miR-7211-3p,0.0,0.0,0.0,0.0,0.0,0.0
mmu-miR-7211-5p,0.0,0.0,0.0,0.0,0.0,0.0
mmu-miR-7212-3p,0.0,0.0,0.0,0.0,0.0,0.0
mmu-miR-7212-5p,0.0,0.0,0.0,0.0,0.0,0.0
mmu-miR-7213-3p,4.0,0.0,0.0,0.0,0.0,0.0
mmu-miR-7213-5p,5.0,0.0,0.0,8.0,17.0,13.0
mmu-miR-7214-3p,0.0,0.0,0.0,0.0,0.0,0.0
mmu-miR-7214-5p,0.0,0.0,0.0,0.0,0.0,0.0
mmu-miR-7215-3p,0.0,0.0,0.0,0.0,0.0,0.0
mmu-miR-7215-5p,0.0,0.0,0.0,0.0,0.0,0.0
mmu-miR-7216-3p,0.0,0.0,0.0,0.0,0.0,0.0
mmu-miR-7216-5p,0.0,0.0,0.0,0.0,0.0,0.0
mmu-miR-7217-3p,0.0,0.0,0.0,0.0,0.0,0.0
mmu-miR-7217-5p,0.0,0.0,0.0,0.0,0.0,0.0
mmu-miR-7218-3p,0.0,0.0,0.0,0.0,0.0,0.0
mmu-miR-7218-5p,0.0,0.0,0.0,0.0,0.0,0.0
mmu-miR-7219-3p,12.0,6.0,3.0,8.0,12.0,22.0
mmu-miR-7219-5p,0.0,0.0,0.0,0.0,0.0,0.0
mmu-miR-7220-3p,0.0,0.0,0.0,0.0,0.0,0.0
mmu-miR-7220-5p,0.0,0.0,0.0,0.0,0.0,0.0
mmu-miR-7221-3p,0.0,0.0,0.0,0.0,0.0,0.0
mmu-miR-7221-5p,0.0,0.0,0.0,0.0,0.0,0.0
mmu-miR-7222-3p,0.0,0.0,0.0,0.0,0.0,0.0
mmu-miR-7222-5p,0.0,0.0,0.0,0.0,0.0,0.0
mmu-miR-7223-3p,0.0,0.0,0.0,0.0,0.0,0.0
mmu-miR-7223-5p,0.0,0.0,0.0,0.0,0.0,0.0
mmu-miR-7224-3p,0.0,0.0,0.0,0.0,0.0,58.0
mmu-miR-7224-5p,0.0,0.0,0.0,0.0,0.0,0.0
mmu-miR-7225-3p,0.0,0.0,0.0,0.0,0.0,0.0
mmu-miR-7225-5p,4.0,0.0,0.0,0.0,0.0,0.0
mmu-miR-7226-3p,79.0,91.0,66.0,101.0,72.0,127.0
mmu-miR-7226-5p,0.0,0.0,0.0,0.0,0.0,0.0
mmu-miR-7227-3p,0.0,0.0,0.0,0.0,0.0,0.0
mmu-miR-7227-5p,0.0,0.0,0.0,0.0,0.0,0.0
mmu-miR-7228-3p,0.0,0.0,0.0,0.0,0.0,0.0
mmu-miR-7228-5p,0.0,0.0,0.0,0.0,0.0,0.0
mmu-miR-7229-3p,0.0,0.0,0.0,0.0,0.0,0.0
mmu-miR-7229-5p,0.0,0.0,0.0,0.0,0.0,0.0
mmu-miR-7230-3p,0.0,0.0,0.0,0.0,0.0,0.0
mmu-miR-7230-5p,0.0,0.0,0.0,0.0,0.0,0.0
mmu-miR-7231-3p,0.0,0.0,0.0,0.0,0.0,0.0
mmu-miR-7231-5p,0.0,0.0,0.0,0.0,0.0,0.0
mmu-miR-7232-3p,0.0,0.0,0.0,0.0,0.0,0.0
mmu-miR-7232-5p,0.0,0.0,0.0,0.0,0.0,0.0
mmu-miR-7233-3p,0.0,0.0,0.0,0.0,0.0,0.0
mmu-miR-7233-5p,0.0,0.0,0.0,0.0,0.0,0.0
mmu-miR-7234-3p,0.0,0.0,0.0,0.0,0.0,0.0
mmu-miR-7234-5p,0.0,0.0,0.0,0.0,0.0,0.0
mmu-miR-7235-3p,10.0,8.0,0.0,14.0,23.0,24.0
mmu-miR-7235-5p,0.0,0.0,0.0,0.0,0.0,0.0
mmu-miR-7236-3p,2.0,9.0,0.0,9.0,11.0,16.0
mmu-miR-7236-5p,0.0,0.0,0.0,0.0,0.0,0.0
mmu-miR-7237-3p,0.0,10.0,6.0,0.0,0.0,5.0
mmu-miR-7237-5p,0.0,0.0,0.0,0.0,0.0,0.0
mmu-miR-7238-3p,0.0,0.0,0.0,0.0,0.0,0.0
mmu-miR-7238-5p,0.0,0.0,0.0,0.0,0.0,0.0
mmu-miR-7239-3p,0.0,0.0,0.0,0.0,0.0,0.0
mmu-miR-7239-5p,0.0,0.0,0.0,0.0,0.0,0.0
mmu-miR-7240-3p,0.0,0.0,0.0,0.0,0.0,0.0
mmu-miR-7240-5p,0.0,0.0,0.0,0.0,0.0,0.0
mmu-miR-7241-3p,0.0,0.0,0.0,0.0,0.0,0.0
mmu-miR-7241-5p,0.0,0.0,0.0,0.0,0.0,0.0
mmu-miR-7242-3p,0.0,0.0,0.0,0.0,0.0,0.0
mmu-miR-7242-5p,0.0,0.0,0.0,0.0,0.0,0.0
mmu-miR-7243-3p,0.0,0.0,0.0,0.0,0.0,0.0
mmu-miR-7243-5p,0.0,0.0,0.0,0.0,0.0,0.0
mmu-miR-741-3p,0.0,0.0,0.0,0.0,0.0,0.0
mmu-miR-741-5p,0.0,0.0,0.0,0.0,0.0,0.0
mmu-miR-742-3p,0.0,0.0,0.0,0.0,0.0,0.0
mmu-miR-742-5p,0.0,0.0,0.0,0.0,0.0,0.0
mmu-miR-743a-3p,0.0,0.0,0.0,0.0,0.0,0.0
mmu-miR-743a-5p,0.0,0.0,0.0,0.0,0.0,0.0
mmu-miR-743b-3p,0.0,0.0,0.0,0.0,0.0,0.0
mmu-miR-743b-5p,0.0,0.0,0.0,0.0,0.0,0.0
mmu-miR-744-3p,52.0,46.0,28.0,49.0,67.0,59.0
mmu-miR-744-5p,913.0,948.0,514.0,1434.0,1777.0,1876.0
mmu-miR-7578,0.0,0.0,0.0,0.0,0.0,0.0
mmu-miR-758-3p,4.0,0.0,0.0,0.0,0.0,0.0
mmu-miR-758-5p,0.0,0.0,0.0,0.0,0.0,0.0
mmu-miR-759,0.0,0.0,0.0,0.0,0.0,0.0
mmu-miR-760-3p,0.0,0.0,0.0,0.0,11.0,0.0
mmu-miR-760-5p,0.0,0.0,0.0,0.0,0.0,0.0
mmu-miR-761,0.0,0.0,0.0,0.0,0.0,0.0
mmu-miR-762,0.0,0.0,0.0,0.0,0.0,0.0
mmu-miR-763,0.0,0.0,0.0,0.0,0.0,0.0
mmu-miR-764-3p,19.0,13.0,3.0,21.0,11.0,25.0
mmu-miR-764-5p,12.0,5.0,0.0,18.0,15.0,29.0
mmu-miR-7646-3p,0.0,0.0,0.0,0.0,0.0,0.0
mmu-miR-7646-5p,9.0,6.0,0.0,5.0,0.0,15.0
mmu-miR-7647-3p,0.0,0.0,0.0,0.0,0.0,0.0
mmu-miR-7647-5p,0.0,0.0,0.0,0.0,0.0,0.0
mmu-miR-7648-3p,0.0,0.0,0.0,0.0,0.0,0.0
mmu-miR-7648-5p,0.0,0.0,0.0,0.0,0.0,0.0
mmu-miR-7649-3p,0.0,5.0,0.0,0.0,0.0,5.0
mmu-miR-7649-5p,0.0,0.0,0.0,0.0,0.0,0.0
mmu-miR-7650-3p,0.0,0.0,0.0,0.0,0.0,0.0
mmu-miR-7650-5p,0.0,0.0,0.0,0.0,0.0,0.0
mmu-miR-7651-3p,0.0,0.0,0.0,0.0,0.0,0.0
mmu-miR-7651-5p,0.0,0.0,0.0,4.0,0.0,0.0
mmu-miR-7652-3p,0.0,0.0,0.0,0.0,0.0,0.0
mmu-miR-7652-5p,0.0,0.0,0.0,0.0,0.0,0.0
mmu-miR-7653-3p,0.0,0.0,0.0,0.0,4.0,8.0
mmu-miR-7653-5p,0.0,0.0,0.0,0.0,0.0,0.0
mmu-miR-7654-3p,0.0,0.0,0.0,0.0,0.0,0.0
mmu-miR-7654-5p,0.0,0.0,0.0,0.0,0.0,0.0
mmu-miR-7655-3p,0.0,0.0,0.0,0.0,0.0,10.0
mmu-miR-7655-5p,5.0,7.0,6.0,7.0,7.0,7.0
mmu-miR-7656-3p,0.0,0.0,0.0,0.0,0.0,0.0
mmu-miR-7656-5p,0.0,0.0,0.0,0.0,0.0,0.0
mmu-miR-7657-3p,0.0,0.0,0.0,0.0,0.0,0.0
mmu-miR-7657-5p,0.0,0.0,0.0,0.0,0.0,0.0
mmu-miR-7658-3p,0.0,0.0,0.0,0.0,0.0,0.0
mmu-miR-7658-5p,0.0,0.0,0.0,0.0,0.0,0.0
mmu-miR-7659-3p,0.0,0.0,0.0,0.0,0.0,7.0
mmu-miR-7659-5p,0.0,0.0,0.0,0.0,0.0,0.0
mmu-miR-7660-3p,0.0,0.0,0.0,0.0,0.0,0.0
mmu-miR-7660-5p,0.0,0.0,0.0,0.0,0.0,0.0
mmu-miR-7661-3p,0.0,0.0,0.0,0.0,4.0,0.0
mmu-miR-7661-5p,0.0,0.0,0.0,0.0,0.0,0.0
mmu-miR-7662-3p,0.0,0.0,0.0,0.0,0.0,0.0
mmu-miR-7662-5p,0.0,0.0,0.0,0.0,0.0,0.0
mmu-miR-7663-3p,0.0,0.0,0.0,0.0,0.0,0.0
mmu-miR-7663-5p,0.0,0.0,0.0,0.0,0.0,0.0
mmu-miR-7664-3p,0.0,0.0,0.0,0.0,0.0,0.0
mmu-miR-7664-5p,0.0,0.0,0.0,0.0,0.0,0.0
mmu-miR-7665-3p,0.0,0.0,0.0,0.0,0.0,0.0
mmu-miR-7665-5p,0.0,0.0,0.0,0.0,0.0,0.0
mmu-miR-7666-3p,0.0,0.0,0.0,0.0,0.0,0.0
mmu-miR-7666-5p,0.0,0.0,0.0,0.0,0.0,0.0
mmu-miR-7667-3p,0.0,0.0,0.0,0.0,0.0,6.0
mmu-miR-7667-5p,0.0,0.0,0.0,6.0,0.0,0.0
mmu-miR-7668-3p,0.0,0.0,0.0,0.0,0.0,13.0
mmu-miR-7668-5p,3.0,6.0,6.0,6.0,14.0,9.0
mmu-miR-7669-3p,0.0,0.0,0.0,0.0,0.0,0.0
mmu-miR-7669-5p,2.0,0.0,0.0,3.0,0.0,0.0
mmu-miR-767,0.0,0.0,0.0,0.0,0.0,0.0
mmu-miR-7670-3p,0.0,0.0,0.0,9.0,0.0,0.0
mmu-miR-7670-5p,0.0,0.0,0.0,0.0,0.0,0.0
mmu-miR-7671-3p,0.0,0.0,0.0,3.0,0.0,0.0
mmu-miR-7671-5p,0.0,0.0,0.0,5.0,0.0,0.0
mmu-miR-7672-3p,0.0,0.0,0.0,0.0,0.0,0.0
mmu-miR-7672-5p,0.0,0.0,0.0,0.0,0.0,0.0
mmu-miR-7673-3p,0.0,0.0,0.0,0.0,0.0,0.0
mmu-miR-7673-5p,0.0,0.0,0.0,0.0,0.0,0.0
mmu-miR-7674-3p,0.0,0.0,0.0,0.0,0.0,0.0
mmu-miR-7674-5p,0.0,0.0,0.0,0.0,0.0,0.0
mmu-miR-7675-3p,0.0,0.0,0.0,0.0,0.0,9.0
mmu-miR-7675-5p,0.0,0.0,0.0,0.0,0.0,0.0
mmu-miR-7676-3p,0.0,0.0,0.0,0.0,0.0,0.0
mmu-miR-7676-5p,0.0,0.0,0.0,0.0,0.0,0.0
mmu-miR-7677-3p,0.0,0.0,0.0,0.0,0.0,0.0
mmu-miR-7677-5p,0.0,0.0,0.0,0.0,0.0,0.0
mmu-miR-7678-3p,0.0,0.0,0.0,0.0,0.0,0.0
mmu-miR-7678-5p,0.0,0.0,0.0,0.0,0.0,0.0
mmu-miR-7679-3p,0.0,0.0,0.0,0.0,0.0,0.0
mmu-miR-7679-5p,0.0,0.0,0.0,0.0,0.0,0.0
mmu-miR-7680-3p,0.0,0.0,0.0,0.0,0.0,0.0
mmu-miR-7680-5p,0.0,0.0,0.0,0.0,0.0,0.0
mmu-miR-7681-3p,0.0,0.0,0.0,0.0,0.0,0.0
mmu-miR-7681-5p,0.0,0.0,0.0,0.0,0.0,0.0
mmu-miR-7682-3p,0.0,0.0,0.0,0.0,0.0,0.0
mmu-miR-7682-5p,0.0,0.0,0.0,0.0,0.0,0.0
mmu-miR-7683-3p,0.0,0.0,0.0,0.0,0.0,0.0
mmu-miR-7683-5p,0.0,0.0,0.0,0.0,0.0,0.0
mmu-miR-7684-3p,0.0,0.0,0.0,0.0,0.0,0.0
mmu-miR-7684-5p,0.0,0.0,0.0,0.0,0.0,0.0
mmu-miR-7685-3p,0.0,0.0,0.0,0.0,0.0,0.0
mmu-miR-7685-5p,0.0,0.0,0.0,0.0,0.0,0.0
mmu-miR-7686-3p,0.0,0.0,0.0,0.0,0.0,0.0
mmu-miR-7686-5p,0.0,0.0,0.0,0.0,0.0,0.0
mmu-miR-7687-3p,0.0,0.0,0.0,0.0,0.0,0.0
mmu-miR-7687-5p,0.0,0.0,0.0,0.0,0.0,0.0
mmu-miR-7688-3p,0.0,0.0,0.0,0.0,0.0,0.0
mmu-miR-7688-5p,31.0,30.0,13.0,32.0,32.0,37.0
mmu-miR-7689-3p,0.0,0.0,0.0,0.0,7.0,8.0
mmu-miR-7689-5p,0.0,0.0,0.0,0.0,0.0,0.0
mmu-miR-770-3p,0.0,0.0,0.0,0.0,0.0,0.0
mmu-miR-770-5p,0.0,0.0,0.0,0.0,0.0,0.0
mmu-miR-7a-1-3p,89.0,109.0,30.0,86.0,135.0,133.0
mmu-miR-7a-2-3p,0.0,0.0,0.0,0.0,0.0,0.0
mmu-miR-7a-5p,1275.0,990.0,879.0,1115.0,1134.0,1658.0
mmu-miR-7b-3p,0.0,0.0,0.0,0.0,0.0,0.0
mmu-miR-7b-5p,31.0,28.0,25.0,28.0,23.0,52.0
mmu-miR-802-3p,0.0,0.0,0.0,0.0,0.0,0.0
mmu-miR-802-5p,0.0,4.0,0.0,4.0,6.0,3.0
mmu-miR-804,0.0,0.0,0.0,0.0,0.0,0.0
mmu-miR-8090,0.0,0.0,0.0,0.0,0.0,0.0
mmu-miR-8091,0.0,0.0,0.0,0.0,0.0,0.0
mmu-miR-8092,0.0,0.0,0.0,0.0,0.0,0.0
mmu-miR-8093,0.0,0.0,0.0,0.0,0.0,0.0
mmu-miR-8094,7.0,0.0,0.0,13.0,11.0,7.0
mmu-miR-8095,0.0,0.0,0.0,0.0,0.0,0.0
mmu-miR-8096,0.0,0.0,0.0,0.0,0.0,0.0
mmu-miR-8097,0.0,0.0,0.0,0.0,0.0,0.0
mmu-miR-8098,0.0,0.0,0.0,0.0,0.0,0.0
mmu-miR-8099,0.0,0.0,0.0,0.0,0.0,0.0
mmu-miR-8100,0.0,0.0,0.0,0.0,0.0,0.0
mmu-miR-8101,0.0,0.0,0.0,0.0,0.0,0.0
mmu-miR-8102,0.0,0.0,0.0,0.0,0.0,0.0
mmu-miR-8103,22.0,23.0,0.0,83.0,65.0,88.0
mmu-miR-8104,0.0,0.0,0.0,0.0,0.0,0.0
mmu-miR-8105,0.0,0.0,0.0,0.0,0.0,0.0
mmu-miR-8106,0.0,0.0,0.0,0.0,3.0,0.0
mmu-miR-8107,0.0,0.0,0.0,0.0,0.0,0.0
mmu-miR-8108,0.0,0.0,0.0,0.0,0.0,0.0
mmu-miR-8109,0.0,0.0,0.0,0.0,0.0,0.0
mmu-miR-8110,0.0,0.0,0.0,0.0,0.0,0.0
mmu-miR-8111,25.0,14.0,3.0,37.0,44.0,39.0
mmu-miR-8112,115.0,75.0,40.0,455.0,370.0,456.0
mmu-miR-8113,0.0,0.0,0.0,0.0,0.0,0.0
mmu-miR-8114,85.0,63.0,31.0,128.0,124.0,141.0
mmu-miR-8115,0.0,0.0,0.0,0.0,0.0,0.0
mmu-miR-8116,0.0,0.0,0.0,9.0,14.0,4.0
mmu-miR-8117,0.0,0.0,0.0,0.0,0.0,0.0
mmu-miR-8118,0.0,0.0,0.0,0.0,5.0,4.0
mmu-miR-8119,0.0,0.0,0.0,0.0,0.0,0.0
mmu-miR-8120,0.0,0.0,0.0,0.0,0.0,2.0
mmu-miR-871-3p,11.0,10.0,3.0,0.0,0.0,0.0
mmu-miR-871-5p,0.0,0.0,0.0,0.0,0.0,0.0
mmu-miR-872-3p,791.0,765.0,285.0,1069.0,808.0,1187.0
mmu-miR-872-5p,892.0,760.0,265.0,1362.0,1504.0,1981.0
mmu-miR-873a-3p,0.0,0.0,0.0,3.0,0.0,0.0
mmu-miR-873a-5p,0.0,0.0,0.0,0.0,0.0,0.0
mmu-miR-873b,0.0,0.0,0.0,0.0,0.0,0.0
mmu-miR-874-3p,252.0,237.0,81.0,407.0,319.0,486.0
mmu-miR-874-5p,0.0,8.0,0.0,27.0,19.0,25.0
mmu-miR-875-3p,0.0,0.0,0.0,0.0,0.0,0.0
mmu-miR-875-5p,0.0,0.0,0.0,0.0,0.0,0.0
mmu-miR-876-3p,0.0,0.0,0.0,0.0,0.0,0.0
mmu-miR-876-5p,0.0,0.0,0.0,0.0,0.0,0.0
mmu-miR-877-3p,122.0,0.0,0.0,117.0,102.0,0.0
mmu-miR-877-5p,35.0,17.0,9.0,104.0,88.0,151.0
mmu-miR-878-3p,0.0,0.0,0.0,0.0,0.0,0.0
mmu-miR-878-5p,0.0,0.0,0.0,0.0,0.0,0.0
mmu-miR-879-3p,0.0,21.0,0.0,0.0,0.0,0.0
mmu-miR-879-5p,588.0,728.0,239.0,601.0,720.0,865.0
mmu-miR-880-3p,0.0,0.0,0.0,0.0,0.0,0.0
mmu-miR-880-5p,0.0,0.0,0.0,0.0,0.0,0.0
mmu-miR-881-3p,0.0,0.0,0.0,0.0,0.0,0.0
mmu-miR-881-5p,0.0,0.0,0.0,0.0,0.0,0.0
mmu-miR-882,0.0,0.0,0.0,0.0,0.0,0.0
mmu-miR-883a-3p,0.0,0.0,0.0,0.0,0.0,0.0
mmu-miR-883a-5p,0.0,0.0,0.0,0.0,0.0,0.0
mmu-miR-883b-3p,0.0,0.0,0.0,0.0,0.0,0.0
mmu-miR-883b-5p,0.0,0.0,0.0,0.0,0.0,0.0
mmu-miR-9-3p,0.0,8.0,3.0,0.0,0.0,4.0
mmu-miR-9-5p,31.0,48.0,19.0,30.0,24.0,34.0
mmu-miR-92a-1-5p,101.0,68.0,17.0,92.0,106.0,179.0
mmu-miR-92a-2-5p,0.0,0.0,0.0,0.0,0.0,0.0
mmu-miR-92a-3p,0.0,105203.0,52254.0,133312.0,136335.0,169224.0
mmu-miR-92b-3p,46502.0,30991.0,14967.0,42065.0,39555.0,52944.0
mmu-miR-92b-5p,17.0,22.0,7.0,19.0,40.0,48.0
mmu-miR-93-3p,30.0,18.0,9.0,26.0,41.0,42.0
mmu-miR-93-5p,9233.0,7140.0,2989.0,8435.0,9036.0,11934.0
mmu-miR-935,4.0,0.0,0.0,0.0,0.0,0.0
mmu-miR-96-3p,4.0,0.0,0.0,0.0,4.0,6.0
mmu-miR-96-5p,563.0,697.0,216.0,1170.0,1252.0,1546.0
mmu-miR-9718,0.0,0.0,0.0,0.0,0.0,0.0
mmu-miR-9768-3p,0.0,0.0,0.0,0.0,0.0,0.0
mmu-miR-9768-5p,0.0,0.0,0.0,0.0,0.0,0.0
mmu-miR-9769-3p,0.0,9.0,0.0,0.0,0.0,0.0
mmu-miR-9769-5p,0.0,0.0,0.0,0.0,0.0,0.0
mmu-miR-98-3p,98.0,62.0,44.0,13.0,17.0,14.0
mmu-miR-98-5p,4184.0,2986.0,2429.0,3808.0,7026.0,5420.0
mmu-miR-99a-3p,327.0,540.0,218.0,242.0,236.0,321.0
mmu-miR-99a-5p,9692.0,8914.0,2971.0,13040.0,13071.0,17700.0
mmu-miR-99b-3p,294.0,226.0,157.0,209.0,280.0,275.0
mmu-miR-99b-5p,92038.0,86824.0,23391.0,153876.0,155293.0,189976.0
mmu-miR-9b-3p,0.0,0.0,0.0,0.0,0.0,0.0
mmu-miR-9b-5p,0.0,0.0,0.0,0.0,0.0,0.0
