;Lung_F1;Lung_F2;Lung_F3;Lung_M1;Lung_M2;Lung_M3
mmu-let-7g-5p;26411;19614;16184;26878;36120;37228
mmu-let-7g-3p;47;60;15;12;16;16
mmu-let-7i-5p;51701;41562;32331;66596;102963;88293
mmu-let-7i-3p;45;159;60;36;68;86
mmu-miR-1a-1-5p;0;0;0;1;0;2
mmu-miR-1a-3p;964;4459;2621;8723;1763;23914
mmu-miR-15b-5p;1804;1542;602;4021;4798;5193
mmu-miR-15b-3p;119;118;45;58;60;91
mmu-miR-23b-5p;1;1;2;5;3;8
mmu-miR-23b-3p;10709;8885;4067;16081;17745;20269
mmu-miR-27b-5p;124;79;56;109;179;137
mmu-miR-27b-3p;208372;198494;86138;316285;360445;405537
mmu-miR-29b-1-5p;2;1;2;2;1;2
mmu-miR-29b-3p;2240;2754;507;2420;2625;3331
mmu-miR-30a-5p;1226877;1183837;446093;1486727;1520309;2059087
mmu-miR-30a-3p;5348;10224;5231;6616;11223;8441
mmu-miR-30b-5p;31333;30643;10414;19233;25899;26087
mmu-miR-30b-3p;578;543;264;510;693;761
mmu-miR-99a-5p;9125;8347;2823;11921;11965;16072
mmu-miR-99a-3p;38;82;23;109;112;169
mmu-miR-99b-5p;68306;66405;17331;127606;128490;157815
mmu-miR-99b-3p;90;70;62;101;120;117
mmu-miR-101a-5p;83;97;18;94;93;181
mmu-miR-101a-3p;30197;55211;28354;24828;24843;34951
mmu-miR-124-3p;0;0;0;0;0;1
mmu-miR-125a-5p;85991;61938;29005;228757;257226;274289
mmu-miR-125a-3p;41;42;28;127;192;193
mmu-miR-125b-5p;7410;6113;2412;21815;24708;28838
mmu-miR-125b-2-3p;899;2190;1070;3376;3578;4433
mmu-miR-126a-5p;150989;89819;35430;28388;50614;32857
mmu-miR-126a-3p;61591;44201;16975;44683;58395;63654
mmu-miR-127-5p;7;24;8;19;4;18
mmu-miR-127-3p;3399;3408;935;2955;2511;4225
mmu-miR-128-1-5p;0;1;1;2;7;6
mmu-miR-128-3p;187;104;57;409;976;441
mmu-miR-130a-5p;4;3;0;5;4;12
mmu-miR-130a-3p;8309;8796;2462;13521;15637;17057
mmu-miR-9-5p;28;42;15;26;22;29
mmu-miR-9-3p;2;6;3;0;1;4
mmu-miR-132-5p;9;9;3;11;13;19
mmu-miR-132-3p;101;143;82;91;165;125
mmu-miR-133a-5p;0;0;0;1;0;0
mmu-miR-133a-3p;1124;5937;1155;11696;2203;28264
mmu-miR-134-5p;39;23;18;18;16;31
mmu-miR-135a-5p;6;12;1;4;5;9
mmu-miR-135a-1-3p;0;0;0;0;1;2
mmu-miR-136-5p;112;160;44;139;127;191
mmu-miR-136-3p;30;66;26;38;35;59
mmu-miR-137-3p;0;2;0;0;0;3
mmu-miR-138-5p;19;13;5;8;20;34
mmu-miR-138-2-3p;0;0;0;2;0;2
mmu-miR-140-5p;662;764;195;544;501;805
mmu-miR-140-3p;142;218;108;220;203;300
mmu-miR-141-5p;75;58;20;71;65;105
mmu-miR-141-3p;99299;93213;30349;155861;143053;213617
mmu-miR-142a-5p;16983;15118;2718;30504;31731;47939
mmu-miR-142a-3p;1772;1923;536;2795;2887;4172
mmu-miR-144-5p;2291;1354;1321;1167;1283;1396
mmu-miR-144-3p;1610;1236;351;2962;2877;3694
mmu-miR-145a-5p;11689;15945;4541;13347;12507;24527
mmu-miR-145a-3p;2691;2728;981;4107;5108;6302
mmu-miR-146a-5p;138300;82665;38778;231702;288409;301334
mmu-miR-146a-3p;2;1;1;3;3;3
mmu-miR-149-5p;53;95;23;156;119;280
mmu-miR-149-3p;3;1;0;2;1;5
mmu-miR-150-5p;3486;3045;855;9958;8734;14277
mmu-miR-150-3p;15;8;2;58;37;92
mmu-miR-151-5p;11515;8632;2887;34885;42558;46052
mmu-miR-151-3p;27939;18974;8078;38054;45543;48059
mmu-miR-152-5p;1406;1583;1026;624;708;729
mmu-miR-152-3p;1299;1191;543;881;1094;1403
mmu-miR-153-5p;24;8;5;6;11;17
mmu-miR-153-3p;352;382;98;353;447;511
mmu-miR-154-5p;1;7;1;9;6;5
mmu-miR-154-3p;2;0;0;1;2;2
mmu-miR-155-5p;523;529;241;641;537;716
mmu-miR-155-3p;0;1;0;0;1;0
mmu-miR-10b-5p;80852;166126;57904;73158;65355;108680
mmu-miR-10b-3p;2;6;3;9;3;8
mmu-miR-129-5p;1;1;0;2;3;4
mmu-miR-129-1-3p;0;3;0;0;0;2
mmu-miR-181a-5p;433239;269237;227204;588843;684621;751167
mmu-miR-181a-2-3p;300;276;236;451;454;649
mmu-miR-182-5p;40673;35542;26265;32308;39745;42258
mmu-miR-182-3p;0;0;0;0;2;4
mmu-miR-183-5p;12180;11647;2245;7963;8677;9805
mmu-miR-183-3p;2;5;0;8;12;10
mmu-miR-184-3p;31;89;40;89;99;102
mmu-miR-185-5p;176;122;61;328;465;483
mmu-miR-185-3p;0;0;3;7;14;10
mmu-miR-186-5p;43211;31351;10168;34020;39579;43904
mmu-miR-186-3p;1;3;0;1;2;1
mmu-miR-187-5p;7;13;3;23;28;21
mmu-miR-187-3p;90;91;37;78;87;146
mmu-miR-188-5p;8;9;5;9;2;8
mmu-miR-188-3p;11;14;2;21;29;31
mmu-miR-24-1-5p;151;174;80;246;223;325
mmu-miR-24-3p;65359;66238;34884;133256;111040;191979
mmu-miR-190a-5p;138;172;87;61;67;91
mmu-miR-190a-3p;10;19;3;7;12;4
mmu-miR-191-5p;145766;99287;34081;183101;228425;216321
mmu-miR-191-3p;17;12;6;25;42;45
mmu-miR-193a-5p;5;9;5;28;27;24
mmu-miR-193a-3p;53;259;30;89;95;135
mmu-miR-194-5p;533;480;158;697;743;985
mmu-miR-194-1-3p;0;1;0;0;0;0
mmu-miR-195a-5p;11387;10306;3532;18122;19480;23592
mmu-miR-195a-3p;111;99;70;88;149;112
mmu-miR-199a-5p;4876;4727;1632;6255;6261;8249
mmu-miR-199a-3p;38807;28109;9765;30263;31914;42088
mmu-miR-200b-5p;59;63;24;92;145;125
mmu-miR-200b-3p;2471;3110;1211;1053;1157;1580
mmu-miR-201-5p;10;7;1;3;5;8
mmu-miR-201-3p;0;2;0;0;0;0
mmu-miR-202-3p;1;0;0;0;0;0
mmu-miR-203-5p;2;10;5;8;7;11
mmu-miR-203-3p;2241;1878;919;1215;1215;1835
mmu-miR-204-5p;178;171;44;93;187;212
mmu-miR-204-3p;0;0;0;0;0;1
mmu-miR-205-5p;73;162;54;97;87;362
mmu-miR-205-3p;1;3;0;1;0;11
mmu-miR-206-5p;0;1;0;0;0;1
mmu-miR-206-3p;1;1;1;1;0;3
mmu-miR-207;3;0;1;1;4;2
mmu-miR-122-5p;16;46;32;130;384;228
mmu-miR-122-3p;0;1;2;0;3;2
mmu-miR-143-5p;39;88;56;80;114;147
mmu-miR-143-3p;328580;948758;607154;1363070;1332572;2053983
mmu-miR-30e-5p;12787;12347;4255;19020;18507;26633
mmu-miR-30e-3p;2056;2467;1382;1565;2731;1960
mmu-miR-291a-3p;1;0;0;1;0;3
mmu-miR-292a-5p;0;3;1;0;0;0
mmu-miR-292a-3p;0;2;0;2;3;2
mmu-miR-293-5p;1;1;1;0;1;2
mmu-miR-293-3p;0;0;0;1;0;5
mmu-miR-294-5p;0;0;0;0;0;1
mmu-miR-295-5p;0;2;0;0;0;0
mmu-miR-295-3p;1;5;2;2;7;4
mmu-miR-296-5p;7;8;6;4;5;12
mmu-miR-296-3p;0;1;1;5;6;3
mmu-miR-297a-5p;2;2;0;1;9;7
mmu-miR-298-5p;15;19;10;52;50;69
mmu-miR-298-3p;1;0;0;0;0;0
mmu-miR-299a-5p;8;15;5;2;4;7
mmu-miR-299a-3p;4;12;5;4;4;10
mmu-miR-300-5p;2;0;0;0;0;0
mmu-miR-300-3p;72;112;35;100;88;141
mmu-miR-301a-5p;4;6;2;8;7;11
mmu-miR-301a-3p;5056;4465;1207;1924;2176;2613
mmu-miR-302a-5p;0;0;0;0;0;1
mmu-miR-302a-3p;0;2;0;0;0;0
mmu-miR-34c-5p;63731;53920;22738;54806;51215;83560
mmu-miR-34c-3p;477;432;263;805;925;1409
mmu-miR-34b-5p;2452;3248;873;1530;1281;2604
mmu-miR-34b-3p;1239;1113;588;3167;3911;4205
mmu-let-7d-5p;7381;5494;4503;18397;25324;26021
mmu-let-7d-3p;2481;2179;1111;1734;2782;2131
mmu-miR-106a-5p;11;7;0;10;16;11
mmu-miR-106b-5p;403;407;136;340;407;536
mmu-miR-106b-3p;203;142;82;250;299;335
mmu-miR-130b-5p;10;16;4;63;75;68
mmu-miR-130b-3p;293;219;41;654;929;813
mmu-miR-19b-2-5p;1;0;0;1;0;0
mmu-miR-19b-3p;3874;4343;1448;1323;1530;2030
mmu-miR-30c-5p;91356;72291;28022;55013;73270;75181
mmu-miR-30c-1-3p;33;18;6;99;102;130
mmu-miR-30c-2-3p;351;560;384;607;985;796
mmu-miR-30d-5p;171508;153472;63347;301235;307773;401910
mmu-miR-30d-3p;1474;1128;490;1115;1229;1486
mmu-miR-148a-5p;853;1087;735;820;849;1109
mmu-miR-148a-3p;24152;56188;27518;26652;29476;37121
mmu-miR-192-5p;20638;18243;11397;12322;12428;16359
mmu-miR-192-3p;6;10;2;2;2;7
mmu-miR-196a-5p;0;0;2;1;1;1
mmu-miR-196a-2-3p;0;1;0;0;0;0
mmu-miR-200a-5p;164;144;94;111;132;163
mmu-miR-200a-3p;10722;11853;6750;8141;9488;11856
mmu-miR-208a-5p;0;5;0;11;1;19
mmu-miR-208a-3p;8;142;30;209;21;491
mmu-let-7a-5p;54051;41275;37148;76826;128602;108382
mmu-let-7a-1-3p;947;896;340;199;382;292
mmu-let-7a-2-3p;0;0;1;1;0;1
mmu-let-7b-5p;16455;13852;10231;31168;42100;45003
mmu-let-7b-3p;909;762;340;735;777;742
mmu-let-7c-5p;73287;56307;43321;150820;193464;217026
mmu-let-7c-1-3p;6;6;1;3;15;7
mmu-let-7c-2-3p;947;896;340;199;382;292
mmu-let-7e-5p;4300;2995;2470;5187;9109;7658
mmu-let-7e-3p;126;96;31;39;93;73
mmu-let-7f-5p;151783;104938;110294;228244;320443;312497
mmu-let-7f-1-3p;206;177;56;56;71;91
mmu-let-7f-2-3p;388;282;105;99;122;160
mmu-miR-15a-5p;1431;1493;444;2087;2293;3022
mmu-miR-15a-3p;68;61;21;162;175;234
mmu-miR-16-5p;94933;73223;22777;132607;147599;178380
mmu-miR-16-1-3p;20;22;14;31;26;32
mmu-miR-16-2-3p;102;62;32;75;131;142
mmu-miR-18a-5p;67;59;11;41;47;77
mmu-miR-18a-3p;87;53;27;302;224;326
mmu-miR-20a-5p;781;824;364;565;650;698
mmu-miR-20a-3p;47;42;10;73;60;80
mmu-miR-21a-5p;45740;39015;19068;23438;26576;33875
mmu-miR-21a-3p;80;580;398;1037;1281;1599
mmu-miR-22-5p;110;115;38;80;133;115
mmu-miR-22-3p;91787;92991;36624;176593;220551;235693
mmu-miR-23a-5p;1;2;0;3;1;2
mmu-miR-23a-3p;15392;12586;4743;29421;30758;38508
mmu-miR-24-2-5p;4852;4101;1963;11264;13094;14651
mmu-miR-26a-5p;1006071;708353;299197;1888741;2194517;2418543
mmu-miR-26a-1-3p;11;9;3;1;6;6
mmu-miR-26b-5p;92874;79626;43168;82702;80247;125131
mmu-miR-26b-3p;57;37;17;169;226;219
mmu-miR-29a-5p;53;56;18;33;37;37
mmu-miR-29a-3p;17964;15433;4017;23572;26106;33525
mmu-miR-29c-5p;56;62;33;35;41;48
mmu-miR-29c-3p;2595;2568;600;2953;3180;4280
mmu-miR-27a-5p;41;49;39;79;89;103
mmu-miR-27a-3p;65193;57803;24069;82083;99052;106573
mmu-miR-31-5p;740;564;377;1497;1867;2094
mmu-miR-31-3p;39;49;15;21;20;31
mmu-miR-92a-3p;2552;10164;4486;17693;19996;21844
mmu-miR-93-5p;8675;6687;2803;8073;8640;11448
mmu-miR-93-3p;4;0;1;5;13;4
mmu-miR-96-5p;557;691;214;1160;1242;1538
mmu-miR-96-3p;2;2;1;0;2;3
mmu-miR-34a-5p;1020;922;410;624;764;895
mmu-miR-34a-3p;0;4;0;0;2;1
mmu-miR-129-2-3p;4;6;3;1;6;6
mmu-miR-98-5p;4106;2903;2377;3717;6810;5290
mmu-miR-98-3p;88;60;38;12;14;11
mmu-miR-103-1-5p;1;4;0;0;0;3
mmu-miR-103-3p;16917;14486;8970;11342;12812;15708
mmu-miR-103-2-5p;4;6;2;1;6;6
mmu-miR-322-5p;11850;14496;4803;24634;25100;33621
mmu-miR-322-3p;833;866;424;999;1209;1447
mmu-miR-323-3p;1;0;0;0;0;0
mmu-miR-324-5p;388;352;193;290;375;441
mmu-miR-324-3p;14;23;4;26;28;25
mmu-miR-325-5p;1;2;0;1;0;0
mmu-miR-325-3p;1;0;0;0;2;0
mmu-miR-326-5p;0;1;0;0;0;0
mmu-miR-326-3p;193;257;65;796;862;1023
mmu-miR-328-5p;0;1;0;0;1;1
mmu-miR-328-3p;1539;1319;598;5140;7194;6998
mmu-miR-329-5p;6;27;6;7;10;22
mmu-miR-329-3p;9;12;3;4;2;7
mmu-miR-330-5p;229;232;87;562;781;676
mmu-miR-330-3p;19;30;10;27;41;36
mmu-miR-331-5p;4;10;1;21;24;32
mmu-miR-331-3p;72;80;29;31;54;38
mmu-miR-337-5p;12;20;8;18;25;31
mmu-miR-337-3p;4;7;2;7;3;11
mmu-miR-148b-5p;301;243;156;370;443;483
mmu-miR-148b-3p;4984;7050;2205;4460;5005;6840
mmu-miR-338-5p;34;36;10;44;63;80
mmu-miR-338-3p;2601;2312;504;4414;5288;6121
mmu-miR-339-5p;408;419;157;724;769;988
mmu-miR-339-3p;136;177;81;239;236;326
mmu-miR-340-5p;3181;3631;1821;2138;2273;3225
mmu-miR-340-3p;35;37;17;111;115;130
mmu-miR-341-3p;2;10;4;4;4;12
mmu-miR-342-5p;3;3;4;18;37;36
mmu-miR-342-3p;1755;1579;481;3065;2886;4264
mmu-miR-344-5p;0;0;0;0;0;1
mmu-miR-344-3p;13;44;21;23;23;22
mmu-miR-345-5p;45;59;18;19;58;37
mmu-miR-345-3p;63;77;47;103;108;103
mmu-miR-346-5p;4;1;0;0;0;3
mmu-miR-346-3p;0;0;0;0;2;0
mmu-miR-350-5p;0;0;0;1;0;0
mmu-miR-350-3p;79;49;28;77;158;147
mmu-miR-351-5p;22616;28101;22296;42264;51539;54492
mmu-miR-351-3p;6;12;7;28;47;41
mmu-miR-135b-5p;6;4;3;2;5;4
mmu-miR-135b-3p;0;0;0;0;0;1
mmu-miR-101b-3p;3928;3384;2207;2198;2340;3280
mmu-miR-1a-2-5p;0;3;2;2;0;1
mmu-miR-107-5p;2;3;0;2;1;2
mmu-miR-107-3p;2935;3008;1594;2138;2383;3089
mmu-miR-10a-5p;1746932;1675891;854633;2955573;3068963;4108776
mmu-miR-10a-3p;465;401;128;423;478;644
mmu-miR-17-5p;653;635;231;464;626;631
mmu-miR-17-3p;38;39;16;129;128;140
mmu-miR-19a-5p;11;4;0;0;10;7
mmu-miR-19a-3p;497;514;132;177;181;284
mmu-miR-25-5p;14;7;6;27;32;25
mmu-miR-25-3p;8559;7869;4659;7828;8981;10359
mmu-miR-28a-5p;520;481;143;602;718;977
mmu-miR-28a-3p;220;441;272;372;471;488
mmu-miR-32-5p;306;311;101;187;234;297
mmu-miR-32-3p;14;13;6;22;24;24
mmu-miR-100-5p;5592;5929;1989;9826;9763;13084
mmu-miR-100-3p;13;4;2;3;8;3
mmu-miR-139-5p;87;104;21;114;175;202
mmu-miR-139-3p;10;5;1;47;37;75
mmu-miR-200c-5p;3;4;2;0;1;2
mmu-miR-200c-3p;3462;3567;2083;2404;3075;2941
mmu-miR-210-5p;5;2;2;13;13;8
mmu-miR-210-3p;96;160;61;141;193;176
mmu-miR-212-5p;40;22;10;80;93;71
mmu-miR-212-3p;32;13;5;24;48;36
mmu-miR-181a-1-3p;1496;1310;666;708;838;973
mmu-miR-214-5p;96;105;31;81;71;102
mmu-miR-214-3p;328;320;139;654;659;828
mmu-miR-216a-5p;0;0;0;0;0;3
mmu-miR-216a-3p;0;0;0;1;1;3
mmu-miR-218-5p;750;799;333;545;563;731
mmu-miR-218-1-3p;28;22;8;49;48;44
mmu-miR-218-2-3p;1;1;1;0;1;0
mmu-miR-219a-5p;6;2;0;7;4;5
mmu-miR-219a-1-3p;6;2;0;2;3;5
mmu-miR-223-5p;13;13;5;40;54;64
mmu-miR-223-3p;454;420;149;798;995;1490
mmu-miR-320-5p;0;0;1;0;0;1
mmu-miR-320-3p;610;562;364;752;990;1080
mmu-miR-26a-2-3p;51;50;19;27;30;59
mmu-miR-33-5p;17;21;12;25;31;44
mmu-miR-33-3p;22;34;9;24;30;27
mmu-miR-211-5p;36;61;5;106;86;208
mmu-miR-211-3p;0;0;0;1;1;2
mmu-miR-221-5p;491;1055;651;2153;2430;2530
mmu-miR-221-3p;7263;5836;3253;4939;6700;6760
mmu-miR-222-5p;13;10;8;23;18;32
mmu-miR-222-3p;2820;1857;1888;2798;3812;3187
mmu-miR-224-5p;138;89;36;260;307;333
mmu-miR-224-3p;0;3;0;2;2;1
mmu-miR-29b-2-5p;37;34;12;19;28;30
mmu-miR-199b-5p;698;853;227;490;546;767
mmu-miR-199b-3p;38807;28109;9765;30263;31914;42088
mmu-miR-135a-2-3p;3;0;0;0;0;0
mmu-miR-19b-1-5p;2;2;0;1;0;2
mmu-miR-92a-1-5p;100;66;17;92;106;176
mmu-miR-138-1-3p;1;0;0;0;0;1
mmu-miR-181b-5p;12329;11065;7618;20086;23816;25561
mmu-miR-181b-1-3p;143;97;42;63;95;112
mmu-miR-181c-5p;55740;56726;28508;46089;54030;61084
mmu-miR-181c-3p;435;688;379;486;518;671
mmu-miR-125b-1-3p;363;214;108;661;854;1069
mmu-miR-7a-5p;1185;932;833;1064;1080;1592
mmu-miR-7a-1-3p;86;102;28;81;127;127
mmu-miR-7a-2-3p;0;0;0;0;2;1
mmu-miR-7b-5p;56;48;41;50;36;76
mmu-miR-7b-3p;0;2;0;0;2;0
mmu-miR-217-5p;3;0;0;1;2;0
mmu-miR-217-3p;0;0;1;0;0;0
mmu-miR-194-2-3p;1;1;1;0;3;3
mmu-miR-361-5p;1304;1146;384;1784;2197;2324
mmu-miR-361-3p;1182;815;367;905;1068;1179
mmu-miR-362-5p;57;51;16;76;87;117
mmu-miR-362-3p;89;127;28;64;60;103
mmu-miR-363-5p;3;0;0;3;0;3
mmu-miR-363-3p;23;21;1;82;96;112
mmu-miR-365-3p;1685;1474;462;1267;1525;1573
mmu-miR-375-3p;5654;5199;2301;5882;4888;8491
mmu-miR-376a-5p;0;1;0;1;1;2
mmu-miR-376a-3p;2;2;0;7;2;7
mmu-miR-377-5p;1;4;5;0;0;6
mmu-miR-377-3p;1;4;1;4;3;1
mmu-miR-378a-5p;56;113;40;100;150;204
mmu-miR-378a-3p;1238;1524;756;1317;1113;2591
mmu-miR-379-5p;26;49;23;98;97;124
mmu-miR-379-3p;10;11;8;9;7;10
mmu-miR-380-5p;0;0;1;0;0;0
mmu-miR-380-3p;2;6;0;0;4;5
mmu-miR-381-3p;56;210;77;115;108;183
mmu-miR-382-5p;5;4;3;11;7;20
mmu-miR-383-5p;0;2;3;4;4;8
mmu-miR-383-3p;0;0;0;0;0;1
mmu-miR-335-5p;2034;1849;785;1855;1902;2571
mmu-miR-335-3p;608;543;153;185;246;286
mmu-miR-133b-3p;113;521;118;660;145;1496
mmu-miR-181b-2-3p;8;3;3;5;2;5
mmu-miR-215-5p;24;21;10;18;20;26
mmu-miR-215-3p;0;1;2;1;1;5
mmu-miR-384-5p;1;1;0;4;0;2
mmu-miR-384-3p;0;3;0;0;1;2
mmu-miR-196b-5p;3;1;0;19;23;9
mmu-miR-196b-3p;0;0;0;2;1;0
mmu-miR-409-5p;2;7;0;6;4;12
mmu-miR-409-3p;34;36;15;20;19;33
mmu-miR-410-5p;0;0;0;1;0;0
mmu-miR-410-3p;57;141;55;70;79;107
mmu-miR-376b-5p;39;42;17;76;81;75
mmu-miR-376b-3p;9;4;2;8;1;6
mmu-miR-411-5p;90;79;38;52;52;59
mmu-miR-411-3p;12;18;6;6;6;12
mmu-miR-412-5p;0;1;0;1;1;4
mmu-miR-412-3p;0;0;0;0;1;0
mmu-miR-370-5p;0;0;0;1;0;1
mmu-miR-370-3p;0;2;0;5;3;1
mmu-miR-425-5p;3830;2668;935;5168;5335;7085
mmu-miR-425-3p;78;76;52;111;120;130
mmu-miR-431-5p;13;12;3;9;13;15
mmu-miR-431-3p;0;2;0;2;2;0
mmu-miR-433-3p;2;7;3;9;9;20
mmu-miR-434-5p;52;122;41;160;148;247
mmu-miR-434-3p;81;173;74;184;242;261
mmu-miR-448-5p;0;2;2;1;0;4
mmu-miR-448-3p;106;45;37;23;26;37
mmu-miR-429-5p;22;21;6;85;79;110
mmu-miR-429-3p;7010;4672;2033;4076;4160;5715
mmu-miR-365-2-5p;1;2;0;6;13;28
mmu-miR-449a-5p;3154;2674;1055;2793;2199;3914
mmu-miR-449a-3p;4;3;0;5;1;5
mmu-miR-450a-5p;612;696;183;583;660;844
mmu-miR-450a-1-3p;6;10;6;5;11;6
mmu-miR-451a;27138;22374;7999;20589;20691;26937
mmu-miR-452-5p;1;1;0;3;2;2
mmu-miR-452-3p;0;1;0;0;0;1
mmu-miR-463-5p;0;1;0;0;0;0
mmu-miR-465a-5p;1;0;0;0;0;0
mmu-miR-465a-3p;0;1;0;1;0;0
mmu-miR-466a-5p;2;0;0;4;2;4
mmu-miR-466a-3p;11;15;2;14;30;20
mmu-miR-467a-5p;12;15;7;35;36;47
mmu-miR-467a-3p;4;4;3;6;13;19
mmu-miR-468-5p;0;1;0;0;0;0
mmu-miR-468-3p;0;0;0;0;0;1
mmu-miR-470-5p;2;5;2;0;0;3
mmu-miR-470-3p;0;1;0;0;1;0
mmu-miR-471-3p;0;0;0;0;0;1
mmu-miR-532-5p;657;1293;727;707;789;1094
mmu-miR-532-3p;49;41;9;66;56;81
mmu-miR-489-5p;0;1;0;0;0;0
mmu-miR-489-3p;33;17;9;14;30;25
mmu-miR-483-5p;1;1;3;0;0;3
mmu-miR-483-3p;1;0;0;0;1;1
mmu-miR-484;2255;1573;516;2714;3272;3688
mmu-miR-485-5p;3;1;0;3;2;2
mmu-miR-485-3p;5;0;0;2;1;2
mmu-miR-486a-5p;442329;250882;174722;345635;364929;405919
mmu-miR-486a-3p;1187;654;1042;3806;3954;4837
mmu-miR-540-5p;2;15;2;10;15;22
mmu-miR-543-3p;3;1;3;2;1;5
mmu-miR-539-3p;0;1;0;0;0;0
mmu-miR-541-5p;1782;2100;1134;1513;1669;2154
mmu-miR-541-3p;1;0;0;0;1;2
mmu-miR-542-5p;42;56;11;105;141;134
mmu-miR-542-3p;298;354;206;136;121;152
mmu-miR-547-3p;7;4;0;2;3;8
mmu-miR-494-5p;1;0;0;0;0;0
mmu-miR-494-3p;2;3;0;1;3;2
mmu-miR-376c-5p;1;0;1;0;1;2
mmu-miR-376c-3p;14;11;5;9;16;10
mmu-miR-487b-5p;0;1;0;0;1;0
mmu-miR-487b-3p;1;4;3;9;2;10
mmu-miR-369-5p;1;1;2;3;0;1
mmu-miR-369-3p;15;14;11;8;4;17
mmu-miR-20b-5p;19;20;0;23;15;25
mmu-miR-20b-3p;0;1;0;1;0;2
mmu-miR-450a-2-3p;4;1;2;2;3;8
mmu-miR-503-5p;24;20;10;23;22;26
mmu-miR-503-3p;96;79;42;149;158;220
mmu-miR-291b-3p;1;1;0;0;0;0
mmu-miR-302c-3p;0;1;0;0;0;0
mmu-miR-302d-5p;0;1;0;1;0;0
mmu-miR-302d-3p;0;1;0;0;0;0
mmu-miR-1224-5p;0;0;0;2;2;2
mmu-miR-1224-3p;2;1;4;0;0;1
mmu-miR-1247-5p;60;26;12;97;162;114
mmu-miR-1247-3p;2;1;0;4;6;8
mmu-miR-301b-5p;0;0;0;0;0;1
mmu-miR-301b-3p;32;15;7;21;38;41
mmu-miR-675-5p;0;0;1;0;0;1
mmu-miR-744-5p;793;832;449;1289;1613;1720
mmu-miR-744-3p;51;43;27;48;60;58
mmu-miR-374b-5p;1322;1199;301;1008;1327;1334
mmu-miR-374b-3p;3;0;0;0;0;0
mmu-miR-216b-3p;0;1;0;1;0;0
mmu-miR-592-5p;3;2;1;6;5;12
mmu-miR-758-5p;0;1;0;0;2;0
mmu-miR-758-3p;0;1;0;0;0;0
mmu-miR-1264-5p;3;6;2;5;5;8
mmu-miR-1264-3p;115;63;25;82;81;132
mmu-miR-551b-5p;0;0;0;2;0;0
mmu-miR-551b-3p;1;3;2;3;3;2
mmu-miR-1249-5p;0;0;0;0;0;1
mmu-miR-1249-3p;359;333;147;628;592;739
mmu-miR-671-5p;26;21;20;29;33;41
mmu-miR-671-3p;277;157;113;532;625;677
mmu-miR-668-3p;3;4;1;7;10;5
mmu-miR-1843a-5p;1502;1192;877;1758;2035;2206
mmu-miR-1843a-3p;54;44;33;117;122;130
mmu-miR-665-5p;0;0;0;0;2;6
mmu-miR-665-3p;0;1;0;0;0;0
mmu-miR-667-5p;0;0;0;0;0;1
mmu-miR-667-3p;4;5;2;3;5;7
mmu-miR-770-5p;0;0;0;1;1;0
mmu-miR-762;0;1;0;0;1;0
mmu-miR-3475-3p;1;1;0;0;3;2
mmu-miR-344d-3-5p;0;0;0;2;0;0
mmu-miR-344d-3p;9;9;6;8;27;16
mmu-miR-802-5p;0;2;1;3;4;1
mmu-miR-802-3p;0;2;1;0;2;2
mmu-miR-672-5p;84;63;48;100;114;131
mmu-miR-672-3p;0;1;1;2;2;2
mmu-miR-670-5p;0;0;0;0;1;0
mmu-miR-670-3p;1;0;0;0;0;0
mmu-miR-1298-5p;1271;869;483;624;567;809
mmu-miR-1298-3p;44;44;30;32;25;33
mmu-miR-761;1;0;0;0;0;0
mmu-miR-764-5p;0;0;0;0;1;0
mmu-miR-764-3p;0;1;0;1;0;0
mmu-miR-3059-5p;0;1;0;1;1;1
mmu-miR-3058-5p;2;0;1;2;3;2
mmu-miR-3058-3p;2;1;1;4;3;5
mmu-miR-3099-3p;1;0;0;0;2;3
mmu-miR-3106-3p;0;0;0;0;1;0
mmu-miR-763;0;1;0;1;0;0
mmu-miR-669a-5p;28;25;11;38;78;66
mmu-miR-669a-3p;42;41;20;47;57;72
mmu-miR-666-5p;7;4;3;9;8;24
mmu-miR-666-3p;0;0;0;0;0;1
mmu-miR-759;0;0;0;0;0;3
mmu-miR-496a-3p;7;7;1;0;0;2
mmu-miR-673-5p;9;19;6;8;13;24
mmu-miR-673-3p;6;7;10;9;9;15
mmu-miR-760-5p;0;0;0;1;2;1
mmu-miR-760-3p;2;1;0;0;1;2
mmu-miR-674-5p;49;39;27;138;199;169
mmu-miR-674-3p;104;82;25;142;171;193
mmu-miR-488-3p;4;3;3;3;4;5
mmu-miR-677-5p;0;0;0;0;0;1
mmu-miR-678;0;0;0;0;1;0
mmu-miR-497a-5p;2113;1886;488;2712;3129;3896
mmu-miR-497a-3p;32;40;17;28;27;38
mmu-miR-423-5p;2199;1270;1110;9771;13021;12796
mmu-miR-423-3p;518;746;767;3871;4730;5061
mmu-miR-495-5p;0;1;0;0;0;0
mmu-miR-495-3p;2;11;5;0;4;5
mmu-miR-680;0;1;0;0;0;0
mmu-miR-681;1;0;0;0;0;1
mmu-miR-682;0;1;0;0;1;2
mmu-miR-449c-5p;3;1;0;1;0;2
mmu-miR-449c-3p;0;1;0;0;0;0
mmu-miR-684;0;1;0;1;0;0
mmu-miR-686;1;1;1;1;0;1
mmu-miR-719;0;1;0;0;0;0
mmu-miR-687;1;0;0;0;0;0
mmu-miR-690;0;0;2;1;3;3
mmu-miR-691;0;1;0;0;1;1
mmu-miR-693-3p;4;1;1;2;2;4
mmu-miR-146b-5p;50422;29172;20993;42181;45422;50288
mmu-miR-146b-3p;7;8;6;18;16;19
mmu-miR-669b-5p;7;5;2;15;17;18
mmu-miR-669b-3p;12;4;1;3;9;7
mmu-miR-669a-3-3p;0;7;1;2;3;2
mmu-miR-467b-5p;4;2;2;2;5;2
mmu-miR-467b-3p;0;0;0;1;1;4
mmu-miR-669c-5p;13;14;9;23;19;37
mmu-miR-669c-3p;8;6;2;7;16;16
mmu-miR-297b-5p;1;0;1;3;3;2
mmu-miR-297b-3p;0;0;0;2;2;2
mmu-miR-499-5p;1;2;2;6;5;13
mmu-miR-499-3p;0;0;0;0;0;1
mmu-miR-696;0;0;0;0;1;0
mmu-miR-455-5p;166;157;38;49;61;76
mmu-miR-455-3p;92;48;39;307;285;487
mmu-miR-491-5p;6;2;1;3;2;2
mmu-miR-491-3p;2;1;0;3;1;0
mmu-miR-697;1;2;0;0;0;0
mmu-miR-698-5p;1;0;0;0;0;0
mmu-miR-698-3p;0;0;0;0;0;1
mmu-miR-700-5p;69;62;24;25;30;34
mmu-miR-700-3p;36;35;9;67;71;80
mmu-miR-701-5p;1;2;0;1;3;0
mmu-miR-701-3p;1;0;0;1;2;0
mmu-miR-702-3p;0;0;0;0;1;1
mmu-miR-703;2;1;1;1;1;2
mmu-miR-704;0;0;1;4;2;1
mmu-miR-705;1;0;0;0;0;0
mmu-miR-706;5;12;2;4;11;12
mmu-miR-708-5p;27;87;10;21;29;76
mmu-miR-708-3p;76;169;20;55;36;71
mmu-miR-709;4;13;1;12;29;46
mmu-miR-711;0;0;0;1;0;0
mmu-miR-712-5p;0;0;0;0;1;0
mmu-miR-713;0;0;0;1;0;1
mmu-miR-714;0;0;0;1;1;0
mmu-miR-500-5p;2;3;2;2;6;9
mmu-miR-500-3p;98;112;54;59;81;88
mmu-miR-501-5p;4;1;1;3;7;13
mmu-miR-501-3p;249;243;80;410;488;573
mmu-miR-450b-5p;192;253;102;117;126;165
mmu-miR-450b-3p;12;11;12;4;10;3
mmu-miR-505-5p;4;4;4;18;19;22
mmu-miR-505-3p;10;2;1;3;5;4
mmu-miR-718;0;0;0;1;0;0
mmu-miR-652-5p;10;14;1;4;6;12
mmu-miR-652-3p;1716;1294;707;2059;2166;2637
mmu-miR-490-5p;4;5;4;10;23;27
mmu-miR-490-3p;730;1193;192;802;578;1542
mmu-miR-676-5p;32;39;41;33;34;50
mmu-miR-676-3p;310;416;386;1021;1315;1428
mmu-miR-615-5p;0;0;0;0;0;1
mmu-miR-615-3p;2;3;1;4;2;4
mmu-miR-741-3p;0;1;0;2;0;1
mmu-miR-742-5p;0;0;0;1;0;0
mmu-miR-742-3p;1;0;0;0;0;0
mmu-miR-743a-5p;1;1;0;0;0;0
mmu-miR-743a-3p;0;0;0;0;0;1
mmu-miR-181d-5p;3448;3423;2217;3955;4685;5134
mmu-miR-181d-3p;1;3;0;5;3;1
mmu-miR-743b-5p;0;0;0;0;0;2
mmu-miR-871-5p;2;2;0;0;0;1
mmu-miR-871-3p;9;9;2;0;1;1
mmu-miR-879-5p;576;713;235;595;712;859
mmu-miR-879-3p;18;9;3;23;14;18
mmu-miR-880-3p;0;0;0;1;0;0
mmu-miR-881-5p;1;0;0;0;0;1
mmu-miR-881-3p;1;0;3;0;0;1
mmu-miR-883a-5p;0;0;0;0;0;1
mmu-miR-883a-3p;0;0;1;0;0;2
mmu-miR-883b-5p;0;0;0;0;1;1
mmu-miR-883b-3p;0;0;0;0;0;1
mmu-miR-190b-5p;21;30;17;22;21;36
mmu-miR-190b-3p;1;1;0;7;4;5
mmu-miR-874-5p;1;3;3;18;10;13
mmu-miR-874-3p;25;23;12;49;39;68
mmu-miR-876-5p;1;1;1;2;1;2
mmu-miR-876-3p;0;1;0;0;0;0
mmu-miR-147-5p;63;27;3;25;29;29
mmu-miR-147-3p;19;7;4;4;4;10
mmu-miR-18b-5p;5;3;2;4;3;4
mmu-miR-18b-3p;6;4;0;23;7;14
mmu-miR-193b-5p;0;0;0;2;2;5
mmu-miR-193b-3p;180;376;85;156;187;236
mmu-miR-297a-3p;0;0;0;2;2;2
mmu-miR-297c-5p;3;0;1;0;1;1
mmu-miR-297c-3p;0;0;0;2;2;2
mmu-miR-327;1;0;0;0;0;0
mmu-miR-421-5p;0;3;0;1;0;2
mmu-miR-421-3p;1051;670;358;1524;1905;1699
mmu-miR-453;0;0;0;0;1;0
mmu-miR-465b-5p;3;1;0;0;0;0
mmu-miR-465b-3p;0;1;0;1;0;0
mmu-miR-465c-5p;0;1;0;0;0;0
mmu-miR-465c-3p;0;1;0;1;0;0
mmu-miR-466b-5p;1;0;0;4;1;4
mmu-miR-466b-3p;3;5;1;8;11;8
mmu-miR-466c-5p;6;5;3;9;15;10
mmu-miR-466c-3p;3;5;1;8;11;8
mmu-miR-466e-5p;1;0;0;4;0;4
mmu-miR-466e-3p;11;15;2;14;30;20
mmu-miR-466f-5p;1;1;0;0;3;0
mmu-miR-466f-3p;8;7;4;7;27;20
mmu-miR-466g;5;4;0;4;10;11
mmu-miR-466h-5p;1;4;1;6;5;8
mmu-miR-467c-5p;10;7;1;20;37;26
mmu-miR-467c-3p;3;3;0;0;4;5
mmu-miR-467d-5p;3;3;1;11;13;7
mmu-miR-467d-3p;17;6;8;6;18;28
mmu-miR-493-5p;0;0;0;1;0;0
mmu-miR-493-3p;2;0;0;1;1;2
mmu-miR-504-5p;0;2;1;1;1;2
mmu-miR-504-3p;0;1;0;0;0;0
mmu-miR-509-5p;1;0;0;0;0;1
mmu-miR-509-3p;0;0;0;0;1;0
mmu-miR-574-5p;123;108;73;181;250;288
mmu-miR-574-3p;503;444;112;460;763;903
mmu-miR-590-5p;0;2;1;0;0;0
mmu-miR-654-5p;0;0;0;0;1;0
mmu-miR-654-3p;0;1;0;0;0;0
mmu-miR-92b-5p;15;15;5;18;38;46
mmu-miR-92b-3p;30503;21152;10647;32160;29598;41685
mmu-miR-466d-5p;3;2;0;3;7;5
mmu-miR-466d-3p;0;2;0;6;12;9
mmu-miR-449b;0;0;0;1;0;0
mmu-miR-878-3p;1;0;0;0;0;0
mmu-miR-872-5p;621;516;180;1092;1208;1544
mmu-miR-872-3p;537;521;206;814;644;943
mmu-miR-873a-5p;0;0;0;1;0;2
mmu-miR-873a-3p;0;1;0;2;0;0
mmu-miR-875-5p;0;0;0;0;0;1
mmu-miR-208b-5p;1;0;0;0;0;0
mmu-miR-208b-3p;800;416;144;395;377;434
mmu-miR-877-5p;0;0;0;4;3;6
mmu-miR-877-3p;12;16;2;22;12;27
mmu-miR-511-5p;1;0;1;1;2;0
mmu-miR-511-3p;36;42;9;15;35;23
mmu-miR-544-5p;1;0;0;0;1;0
mmu-miR-544-3p;0;0;0;0;1;0
mmu-miR-598-5p;1;0;0;0;0;0
mmu-miR-598-3p;70;25;15;23;34;39
mmu-miR-653-3p;0;1;0;0;0;0
mmu-miR-582-5p;424;417;83;219;204;272
mmu-miR-582-3p;107;224;386;195;229;295
mmu-miR-467e-5p;20;18;7;28;32;31
mmu-miR-467e-3p;3;3;0;0;3;5
mmu-miR-466l-5p;0;1;0;0;1;0
mmu-miR-466l-3p;1;0;0;1;1;0
mmu-miR-669k-5p;0;1;0;0;2;0
mmu-miR-669g;0;3;0;0;0;0
mmu-miR-669d-5p;11;9;6;3;11;8
mmu-miR-669d-3p;0;1;0;0;1;1
mmu-miR-466i-5p;13;33;6;45;109;124
mmu-miR-466i-3p;8;4;2;8;13;17
mmu-miR-1b-5p;543;2321;1444;3325;778;9010
mmu-miR-1b-3p;0;3;2;5;2;4
mmu-miR-1187;4;3;3;3;28;30
mmu-miR-669j;0;1;0;0;0;1
mmu-miR-669f-5p;7;3;2;6;20;9
mmu-miR-669f-3p;3;5;2;7;16;13
mmu-miR-669i;0;0;0;1;0;1
mmu-miR-669h-5p;0;0;1;0;1;0
mmu-miR-669h-3p;0;1;1;1;0;1
mmu-miR-1188-5p;0;0;0;0;0;1
mmu-miR-1188-3p;0;1;0;0;0;3
mmu-miR-466f;1;1;0;0;1;0
mmu-miR-466k;1;2;0;0;0;5
mmu-miR-467f;3;0;1;0;7;7
mmu-miR-1190;0;0;0;0;1;1
mmu-miR-466j;0;1;0;4;0;1
mmu-miR-1191a;6;13;4;2;11;19
mmu-miR-1192;5;2;5;4;8;11
mmu-miR-1193-3p;0;2;0;0;0;1
mmu-miR-1194;0;4;1;6;9;14
mmu-miR-669e-5p;1;2;0;0;0;1
mmu-miR-669e-3p;0;1;0;0;0;1
mmu-miR-467g;7;6;2;3;7;5
mmu-miR-467h;9;3;2;10;13;11
mmu-miR-1195;9;31;12;20;40;61
mmu-miR-1197-3p;0;0;0;1;0;0
mmu-miR-1198-5p;151;137;60;170;228;240
mmu-miR-1198-3p;0;3;1;10;5;12
mmu-miR-1199-5p;0;2;0;1;5;5
mmu-miR-1199-3p;4;2;2;5;4;5
mmu-miR-1902;0;1;0;2;1;1
mmu-miR-1897-5p;0;0;0;0;1;0
mmu-miR-1897-3p;0;0;1;0;0;0
mmu-miR-1905;0;0;1;0;0;0
mmu-miR-1895;4;4;1;3;1;6
mmu-miR-1903;1;3;0;1;3;6
mmu-miR-1900;0;0;0;0;0;2
mmu-miR-1892;0;0;0;0;1;2
mmu-miR-1906;0;1;0;0;0;2
mmu-miR-1896;0;0;0;0;2;1
mmu-miR-1904;3;0;0;2;0;1
mmu-miR-1898;0;2;0;0;0;0
mmu-miR-1907;2;2;1;0;1;5
mmu-miR-1894-5p;1;0;0;0;0;1
mmu-miR-1894-3p;0;0;0;0;0;1
mmu-miR-1927;0;1;2;11;16;9
mmu-miR-1928;0;1;0;0;0;0
mmu-miR-1929-5p;0;0;0;1;0;0
mmu-miR-1930-5p;0;1;0;0;1;2
mmu-miR-1930-3p;0;1;0;0;0;1
mmu-miR-1931;1;0;1;0;1;3
mmu-miR-1932;2;0;0;0;1;0
mmu-miR-1933-3p;4;2;1;6;4;7
mmu-miR-1934-5p;2;1;0;6;5;6
mmu-miR-1934-3p;0;0;0;0;0;2
mmu-miR-1936;0;1;2;0;1;1
mmu-miR-1938;0;0;0;0;0;2
mmu-miR-1941-5p;3;1;2;10;16;18
mmu-miR-1941-3p;4;0;3;5;6;3
mmu-miR-1942;1;0;0;0;0;1
mmu-miR-1943-5p;124;121;95;437;487;572
mmu-miR-1943-3p;3;1;2;6;1;8
mmu-miR-1945;0;1;0;1;3;1
mmu-miR-1306-5p;6;0;0;3;14;8
mmu-miR-1306-3p;1;3;1;2;4;7
mmu-miR-1946a;3;3;3;7;11;19
mmu-miR-1947-5p;44;25;19;86;76;85
mmu-miR-1948-5p;1;0;0;0;1;1
mmu-miR-1948-3p;5;2;0;7;4;7
mmu-miR-1949;1;0;0;3;1;3
mmu-miR-1950;1;0;0;0;0;1
mmu-miR-669l-5p;0;3;0;4;5;3
mmu-miR-669m-5p;0;1;0;3;0;3
mmu-miR-669m-3p;1;2;3;0;3;1
mmu-miR-669o-5p;6;3;1;10;17;14
mmu-miR-669o-3p;42;41;20;47;57;72
mmu-miR-1952;0;0;0;0;2;0
mmu-miR-1953;2;0;0;0;2;2
mmu-miR-1954;2;2;1;4;7;6
mmu-miR-1955-5p;12;12;9;37;54;56
mmu-miR-1955-3p;2;1;1;0;1;1
mmu-miR-669n;0;0;0;0;1;1
mmu-miR-1956;1;0;0;3;2;0
mmu-miR-1958;0;0;0;1;0;0
mmu-miR-1960;2;3;2;5;3;7
mmu-miR-1961;0;0;0;2;4;1
mmu-miR-1963;0;1;0;0;1;0
mmu-miR-1964-5p;0;0;0;0;1;3
mmu-miR-1964-3p;40;34;21;72;82;81
mmu-miR-1966-5p;0;1;0;1;3;3
mmu-miR-1966-3p;9;5;3;25;22;9
mmu-miR-1967;0;0;0;0;1;0
mmu-miR-1968-5p;5;10;13;31;71;36
mmu-miR-1968-3p;0;0;0;0;1;6
mmu-miR-1969;0;2;0;1;2;1
mmu-miR-1946b;6;3;4;4;7;20
mmu-miR-1970;0;0;0;1;1;3
mmu-miR-1971;0;2;0;0;0;0
mmu-miR-1983;9;6;1;1;6;4
mmu-miR-1839-5p;1251;859;883;2068;2581;2760
mmu-miR-1839-3p;196;151;74;121;132;196
mmu-miR-1981-5p;45;36;37;75;105;83
mmu-miR-1981-3p;13;17;3;19;16;24
mmu-miR-1982-5p;1;1;0;0;0;2
mmu-miR-1982-3p;13;11;4;19;17;24
mmu-miR-2136;0;0;0;0;2;1
mmu-miR-2137;0;0;0;1;1;1
mmu-miR-2139;1;0;1;1;1;0
mmu-miR-432;0;0;1;0;0;0
mmu-miR-767;0;0;1;0;0;0
mmu-miR-664-5p;57;31;22;36;51;57
mmu-miR-664-3p;401;344;110;260;413;373
mmu-miR-2861;0;0;0;0;0;1
mmu-miR-3057-5p;60;40;38;121;118;106
mmu-miR-3057-3p;0;0;0;0;4;2
mmu-miR-1251-5p;0;1;0;1;0;0
mmu-miR-1251-3p;0;0;0;0;0;1
mmu-miR-3060-3p;6;11;2;12;17;10
mmu-miR-3061-5p;6;6;4;11;13;14
mmu-miR-3061-3p;17;9;8;19;29;23
mmu-miR-3063-3p;0;2;0;0;0;1
mmu-miR-3064-5p;4;1;0;3;2;3
mmu-miR-3064-3p;2;1;0;0;0;0
mmu-miR-3065-5p;28;31;5;44;70;66
mmu-miR-3065-3p;40;33;14;53;79;66
mmu-miR-3066-5p;12;7;4;7;5;7
mmu-miR-3066-3p;1;1;1;0;1;0
mmu-miR-3067-5p;0;0;0;0;0;1
mmu-miR-3067-3p;0;1;0;2;0;0
mmu-miR-3068-5p;187;222;73;25;43;59
mmu-miR-3068-3p;184;129;58;136;168;212
mmu-miR-3069-5p;5;3;0;1;0;1
mmu-miR-3069-3p;3;7;1;2;5;4
mmu-miR-3070-5p;1;0;1;0;2;2
mmu-miR-3071-5p;3;10;4;2;5;2
mmu-miR-3071-3p;110;160;43;138;130;192
mmu-miR-3072-5p;0;0;0;0;1;0
mmu-miR-3072-3p;0;0;1;0;2;1
mmu-miR-3073a-5p;1;3;0;0;0;0
mmu-miR-3073a-3p;0;0;0;0;1;1
mmu-miR-3074-5p;17424;15763;7208;48635;49715;65983
mmu-miR-3074-1-3p;16;8;2;13;22;30
mmu-miR-3075-5p;0;0;1;0;0;3
mmu-miR-3076-5p;0;1;0;0;1;1
mmu-miR-3076-3p;4;2;0;8;6;9
mmu-miR-3077-5p;0;0;0;1;0;2
mmu-miR-3077-3p;0;0;0;2;1;2
mmu-miR-3078-5p;1;1;0;1;1;2
mmu-miR-3079-5p;3;3;0;1;1;2
mmu-miR-3079-3p;3;1;0;1;4;0
mmu-miR-3080-3p;0;0;0;1;1;1
mmu-miR-3081-5p;0;0;0;0;1;1
mmu-miR-3081-3p;0;1;5;8;4;1
mmu-miR-3082-5p;1;0;0;1;4;1
mmu-miR-3082-3p;86;83;53;202;169;258
mmu-miR-3083-5p;0;0;0;3;1;4
mmu-miR-3083-3p;1;0;0;0;0;0
mmu-miR-3084-5p;0;2;1;4;6;6
mmu-miR-3084-3p;30;27;3;81;66;85
mmu-miR-3085-5p;0;0;0;1;0;0
mmu-miR-3086-5p;4;2;2;4;6;7
mmu-miR-3086-3p;4;1;0;1;1;2
mmu-miR-466m-5p;0;1;0;3;0;3
mmu-miR-466m-3p;2;4;1;10;7;7
mmu-miR-669d-2-3p;0;1;0;0;1;1
mmu-miR-466o-5p;1;0;0;4;1;4
mmu-miR-466o-3p;2;2;0;1;4;2
mmu-miR-669p-5p;28;25;11;38;78;66
mmu-miR-669p-3p;3;2;1;5;3;8
mmu-miR-466p-5p;2;0;0;4;2;3
mmu-miR-466p-3p;3;5;1;8;11;8
mmu-miR-466n-5p;2;2;0;3;6;5
mmu-miR-466n-3p;0;2;0;1;1;2
mmu-miR-3087-5p;0;0;0;0;0;3
mmu-miR-3087-3p;1;1;0;0;0;0
mmu-miR-3088-3p;3;4;0;4;1;12
mmu-miR-3089-5p;2;7;1;1;0;4
mmu-miR-3089-3p;2;7;0;4;5;7
mmu-miR-3091-5p;0;1;0;1;1;0
mmu-miR-3091-3p;5;4;0;3;2;4
mmu-miR-3094-3p;0;0;0;0;1;0
mmu-miR-3095-5p;0;0;0;0;0;1
mmu-miR-3095-3p;2;1;0;2;3;2
mmu-miR-3097-5p;3;0;0;3;5;1
mmu-miR-3097-3p;6;4;1;2;7;5
mmu-miR-3098-5p;1;1;0;3;0;5
mmu-miR-3098-3p;2;2;1;1;6;4
mmu-miR-3100-3p;1;0;0;1;0;0
mmu-miR-3101-5p;0;1;0;1;0;0
mmu-miR-3101-3p;0;0;0;0;2;0
mmu-miR-344e-5p;0;1;0;0;0;1
mmu-miR-344e-3p;0;0;0;1;0;0
mmu-miR-344b-5p;0;0;0;0;0;3
mmu-miR-344b-3p;1;1;0;1;0;0
mmu-miR-344c-5p;0;0;0;0;1;0
mmu-miR-344c-3p;0;1;0;2;1;0
mmu-miR-344g-5p;1;0;0;0;0;1
mmu-miR-344g-3p;0;0;0;0;0;1
mmu-miR-344f-5p;0;1;0;0;1;2
mmu-miR-344f-3p;0;2;0;0;1;2
mmu-miR-3102-5p;0;0;0;1;0;0
mmu-miR-3102-5p.2-5p;2;1;3;5;12;14
mmu-miR-3102-3p.2-3p;13;9;5;13;14;15
mmu-miR-3102-3p;101;79;47;146;163;171
mmu-miR-3103-5p;0;0;0;0;1;1
mmu-miR-3103-3p;7;2;2;7;4;9
mmu-miR-3104-5p;0;0;0;0;1;2
mmu-miR-3104-3p;0;0;0;1;2;1
mmu-miR-3105-5p;0;2;1;0;2;2
mmu-miR-3105-3p;15;13;5;21;18;27
mmu-miR-486b-5p;442329;250882;174722;345635;364929;405919
mmu-miR-486b-3p;1177;650;1039;3797;3930;4824
mmu-miR-3074-2-3p;32;19;9;47;68;76
mmu-miR-3108-5p;0;0;0;2;1;2
mmu-miR-3109-5p;1;3;1;1;2;5
mmu-miR-3109-3p;3;4;3;19;21;22
mmu-miR-3110-5p;2;0;0;1;0;3
mmu-miR-374c-5p;1;0;0;1;1;0
mmu-miR-374c-3p;1;0;0;0;1;0
mmu-miR-3112-5p;0;0;0;3;0;0
mmu-miR-1912-5p;27;19;10;5;7;5
mmu-miR-1912-3p;45;38;13;53;33;53
mmu-miR-3113-3p;0;0;0;1;0;0
mmu-miR-3470a;21;34;6;7;23;38
mmu-miR-3470b;54;83;13;28;43;96
mmu-miR-3471;8;8;2;13;17;27
mmu-miR-3472;2;1;0;1;5;9
mmu-miR-3473a;3;6;0;5;6;11
mmu-miR-3474;0;1;0;2;4;2
mmu-miR-3960;4;3;2;2;4;2
mmu-miR-3961;0;0;0;0;0;1
mmu-miR-28c;0;1;0;3;4;4
mmu-miR-3963;2;1;0;1;4;11
mmu-miR-3964;0;3;0;0;1;6
mmu-miR-1843b-5p;258;220;124;304;378;410
mmu-miR-3965;0;0;0;0;0;1
mmu-miR-378b;4;10;1;3;0;8
mmu-miR-101c;1;2;0;2;4;1
mmu-miR-3966;1;0;0;1;1;2
mmu-miR-3967;1;1;1;1;1;1
mmu-miR-3968;480;182;79;694;863;1452
mmu-miR-3969;58;26;10;65;101;80
mmu-miR-28b;0;1;0;0;0;0
mmu-miR-3970;0;0;1;0;0;0
mmu-miR-3971;0;1;0;1;0;1
mmu-miR-3473b;4;2;2;2;11;10
mmu-miR-5046;0;0;0;2;2;0
mmu-miR-5098;0;0;0;0;0;2
mmu-miR-5099;1;4;4;17;31;29
mmu-miR-5100;2;0;2;6;7;5
mmu-miR-5101;3;5;4;3;2;13
mmu-miR-5103;0;1;0;0;0;0
mmu-miR-5104;1;0;1;1;0;4
mmu-miR-5106;5;2;0;1;2;4
mmu-miR-3473c;0;3;1;2;1;5
mmu-miR-5107-5p;0;1;1;2;6;3
mmu-miR-5107-3p;8;7;1;14;12;23
mmu-miR-5108;0;0;0;1;0;0
mmu-miR-5110;0;1;0;0;0;2
mmu-miR-5112;0;0;0;0;0;1
mmu-miR-5113;2;1;1;1;2;2
mmu-miR-5114;7;5;2;15;5;5
mmu-miR-5116;1;1;0;0;0;1
mmu-miR-5118;0;1;0;0;0;0
mmu-miR-5119;0;1;0;1;1;1
mmu-miR-5120;2;5;0;3;1;8
mmu-miR-5121;8;7;6;2;5;16
mmu-miR-5122;0;0;0;2;5;0
mmu-miR-466q;2;2;2;3;5;3
mmu-miR-3473d;10;12;6;16;21;21
mmu-miR-5123;0;1;0;1;5;2
mmu-miR-5124a;1;2;3;1;1;2
mmu-miR-5125;0;1;0;0;0;1
mmu-miR-3572-5p;0;1;0;0;1;1
mmu-miR-3572-3p;1;0;0;1;4;1
mmu-miR-5126;0;0;3;1;4;5
mmu-miR-5128;3;3;0;4;2;12
mmu-miR-5129-5p;1;2;1;1;4;0
mmu-miR-5129-3p;1;3;0;5;3;5
mmu-miR-5130;0;0;0;1;0;0
mmu-miR-5131;0;0;0;1;1;0
mmu-miR-5132-3p;0;1;0;0;1;1
mmu-miR-5134-3p;0;1;0;0;0;2
mmu-miR-5135;0;0;0;0;1;0
mmu-miR-3544-5p;2;3;0;0;0;4
mmu-miR-3544-3p;0;0;0;0;0;1
mmu-miR-299b-5p;1;0;0;0;0;1
mmu-miR-5615-5p;3;2;1;2;0;2
mmu-miR-5615-3p;2;1;0;0;0;1
mmu-miR-1231-5p;0;4;1;1;2;7
mmu-miR-1231-3p;2;2;1;7;7;5
mmu-miR-5616-5p;1;0;0;0;0;1
mmu-miR-5616-3p;0;0;0;0;0;1
mmu-miR-5617-3p;0;0;0;0;1;0
mmu-miR-5618-3p;0;1;0;0;0;0
mmu-miR-5619-3p;0;0;0;0;1;2
mmu-miR-5620-5p;0;0;1;0;0;2
mmu-miR-5620-3p;0;0;0;1;2;1
mmu-miR-5621-5p;0;0;1;0;0;0
mmu-miR-5621-3p;0;1;0;3;3;1
mmu-miR-5622-5p;0;0;0;0;2;2
mmu-miR-5622-3p;1;0;0;0;3;6
mmu-miR-5623-5p;1;0;0;0;0;1
mmu-miR-5623-3p;1;1;0;1;1;1
mmu-miR-3073b-5p;0;0;0;0;1;0
mmu-miR-3073b-3p;1;4;0;1;1;4
mmu-miR-5624-5p;0;0;0;1;1;1
mmu-miR-5624-3p;0;0;0;1;1;3
mmu-miR-5625-5p;0;0;0;0;1;0
mmu-miR-5626-3p;1;0;0;1;0;0
mmu-miR-344h-5p;0;1;0;0;0;1
mmu-miR-5627-5p;0;0;0;0;0;1
mmu-miR-5627-3p;5;5;0;1;0;2
mmu-miR-344i;0;0;0;0;0;1
mmu-miR-5709-5p;11;9;7;13;18;14
mmu-miR-5709-3p;0;1;1;1;2;0
mmu-miR-5710;1;0;0;0;0;0
mmu-miR-6236;0;2;0;0;1;0
mmu-miR-6237;1;1;0;0;0;0
mmu-miR-6238;2;1;4;0;3;2
mmu-miR-6239;0;0;2;1;1;1
mmu-miR-6240;122;66;67;6;23;15
mmu-miR-195b;5;14;6;36;30;61
mmu-miR-6335;0;1;0;0;1;0
mmu-miR-133c;0;0;0;0;0;1
mmu-miR-6336;0;0;1;0;0;0
mmu-miR-6339;0;0;2;1;3;2
mmu-miR-6341;0;0;0;0;0;1
mmu-miR-6343;0;0;1;0;0;0
mmu-miR-6344;0;1;0;0;0;0
mmu-miR-6345;0;0;0;0;2;1
mmu-miR-6346;0;0;0;0;1;0
mmu-miR-6347;0;0;0;0;1;1
mmu-miR-6348;0;1;0;0;0;0
mmu-miR-6349;0;0;0;0;1;0
mmu-miR-6351;0;0;0;1;0;0
mmu-miR-6352;0;0;0;0;0;1
mmu-miR-6353;1;3;1;0;3;1
mmu-miR-6354;0;0;0;0;0;1
mmu-miR-6355;0;1;0;0;0;0
mmu-miR-6356;0;0;0;0;0;1
mmu-miR-6357;0;2;0;0;0;0
mmu-miR-6358;1;0;0;0;1;0
mmu-miR-6359;1;0;0;0;0;0
mmu-miR-6360;0;0;0;0;0;3
mmu-miR-6361;0;0;1;0;0;2
mmu-miR-145b;44;30;12;46;44;79
mmu-miR-6362;0;0;0;0;0;1
mmu-miR-6363;0;1;0;0;0;0
mmu-miR-6364;0;0;0;0;0;1
mmu-miR-6367;0;0;0;0;0;2
mmu-miR-6368;1;0;0;0;1;1
mmu-miR-6369;0;0;1;2;0;1
mmu-miR-6370;0;1;0;0;1;1
mmu-miR-6371;0;1;0;0;0;0
mmu-miR-6374;0;0;0;1;0;0
mmu-miR-6375;2;0;0;0;0;0
mmu-miR-6376;1;0;0;0;0;0
mmu-miR-21b;8;5;1;7;3;3
mmu-miR-6377;1;0;0;0;0;3
mmu-let-7j;13441;9916;8476;10582;14277;13513
mmu-miR-6379;0;1;0;0;0;0
mmu-miR-6380;2;5;0;2;7;13
mmu-miR-6382;0;0;0;0;1;0
mmu-miR-6384;0;1;0;0;0;0
mmu-miR-6385;0;1;0;2;1;2
mmu-miR-130c;0;0;0;0;0;1
mmu-miR-6388;0;0;0;0;0;1
mmu-miR-5124b;3;4;0;0;1;1
mmu-miR-378c;251;361;141;214;165;449
mmu-miR-6390;8;12;8;4;5;12
mmu-miR-6391;0;0;0;0;0;1
mmu-miR-6392-5p;0;1;0;0;0;1
mmu-miR-6393;0;0;1;0;0;0
mmu-miR-6395;3;3;4;15;19;10
mmu-miR-21c;8;5;2;7;5;4
mmu-miR-6397;0;0;0;0;0;1
mmu-miR-6399;0;0;0;0;1;0
mmu-miR-6400;0;1;0;0;0;2
mmu-miR-6401;0;0;0;0;0;2
mmu-miR-6402;0;2;4;2;2;0
mmu-miR-6403;0;1;0;0;0;0
mmu-miR-6404;0;0;0;1;0;0
mmu-miR-6405;0;1;0;0;0;1
mmu-miR-496b;0;0;0;0;0;1
mmu-miR-6409;0;0;0;0;0;1
mmu-miR-6412;39;25;11;69;76;98
mmu-miR-6413;0;3;0;1;0;2
mmu-miR-378d;6798;6775;4290;5963;5889;8834
mmu-miR-6414;0;0;0;0;1;0
mmu-miR-6415;0;0;0;0;0;1
mmu-miR-6416-5p;0;0;0;1;0;0
mmu-miR-6417;0;0;1;0;0;1
mmu-miR-6418-5p;0;2;0;1;0;0
mmu-miR-6418-3p;3;5;0;42;23;31
mmu-miR-6419;0;0;0;0;0;1
mmu-miR-873b;1;0;0;0;0;0
mmu-miR-451b;2;1;0;0;1;0
mmu-miR-30f;22;18;10;19;27;22
mmu-miR-6481;1;0;0;0;0;0
mmu-miR-6516-5p;3;5;0;3;13;4
mmu-miR-6516-3p;0;0;0;0;0;2
mmu-let-7k;3;2;1;1;2;5
mmu-miR-6537-3p;0;0;0;0;1;1
mmu-miR-6538;3;2;1;0;1;1
mmu-miR-6539;3;1;4;4;3;5
mmu-miR-6540-5p;11;7;4;8;19;16
mmu-miR-6540-3p;0;1;0;0;0;1
mmu-miR-3473e;2;1;1;1;4;5
mmu-miR-6541;0;0;1;2;1;0
mmu-miR-6896-5p;0;0;0;0;0;1
mmu-miR-6896-3p;0;0;0;0;0;1
mmu-miR-6897-5p;1;1;0;2;0;4
mmu-miR-6897-3p;0;0;0;0;0;1
mmu-miR-6898-5p;0;0;0;2;0;0
mmu-miR-6898-3p;0;0;1;0;1;0
mmu-miR-6899-5p;0;1;0;0;0;0
mmu-miR-6899-3p;37;27;14;40;43;48
mmu-miR-6900-5p;0;0;0;0;3;0
mmu-miR-6901-5p;0;1;0;1;1;2
mmu-miR-6901-3p;0;0;1;0;1;0
mmu-miR-6902-5p;1;1;0;0;0;2
mmu-miR-6903-3p;0;0;0;0;1;1
mmu-miR-6904-5p;0;0;0;1;0;0
mmu-miR-6904-3p;0;0;0;1;0;0
mmu-miR-6905-5p;0;0;0;0;0;1
mmu-miR-6905-3p;0;0;0;2;0;0
mmu-miR-6906-5p;5;5;0;3;6;16
mmu-miR-6906-3p;2;0;0;4;2;6
mmu-miR-6907-3p;1;0;0;0;0;0
mmu-miR-6908-5p;0;1;0;0;1;0
mmu-miR-6908-3p;0;1;0;1;1;0
mmu-miR-6909-5p;0;1;0;1;1;0
mmu-miR-6909-3p;0;2;0;0;0;2
mmu-miR-6910-5p;0;1;0;0;0;0
mmu-miR-6911-5p;0;0;0;1;3;3
mmu-miR-6911-3p;4;3;2;11;15;5
mmu-miR-6912-5p;1;0;0;0;1;1
mmu-miR-6912-3p;0;0;1;0;0;1
mmu-miR-6913-5p;0;1;0;1;1;0
mmu-miR-6913-3p;3;3;1;8;3;4
mmu-miR-6914-5p;0;0;0;0;2;0
mmu-miR-6914-3p;1;0;0;1;0;1
mmu-miR-6915-5p;1;0;0;1;1;1
mmu-miR-6915-3p;0;1;0;1;2;1
mmu-miR-6916-5p;3;0;0;1;2;1
mmu-miR-6916-3p;0;0;2;1;0;1
mmu-miR-6917-5p;0;0;1;0;0;1
mmu-miR-6918-5p;1;0;0;0;1;1
mmu-miR-6918-3p;2;3;1;0;1;0
mmu-miR-6919-5p;0;2;0;0;0;0
mmu-miR-6919-3p;0;0;0;1;3;4
mmu-miR-6920-5p;0;0;0;0;0;1
mmu-miR-6921-5p;0;1;0;0;0;1
mmu-miR-6921-3p;1;2;0;4;2;8
mmu-miR-6922-5p;1;1;0;0;0;2
mmu-miR-6922-3p;0;1;0;2;1;2
mmu-miR-6923-5p;1;0;1;0;1;0
mmu-miR-6923-3p;0;1;1;0;1;0
mmu-miR-6925-5p;0;1;0;0;1;1
mmu-miR-6926-5p;0;1;0;0;0;0
mmu-miR-6926-3p;0;1;0;1;1;3
mmu-miR-6927-5p;0;0;0;1;0;0
mmu-miR-6927-3p;0;0;0;0;2;0
mmu-miR-6928-3p;2;0;1;1;1;0
mmu-miR-6929-5p;0;1;0;0;0;0
mmu-miR-6929-3p;0;0;0;0;1;2
mmu-miR-6930-5p;0;0;0;1;1;0
mmu-miR-6930-3p;0;0;0;0;0;1
mmu-miR-6931-5p;1;0;0;0;0;1
mmu-miR-6931-3p;0;0;0;1;0;0
mmu-miR-6932-5p;1;0;1;1;2;0
mmu-miR-6932-3p;3;1;0;0;0;1
mmu-miR-6933-5p;0;0;0;0;1;1
mmu-miR-6933-3p;2;0;0;1;0;0
mmu-miR-6934-5p;0;0;0;0;2;1
mmu-miR-6934-3p;0;1;0;1;2;1
mmu-miR-6935-5p;0;0;0;2;0;1
mmu-miR-6935-3p;0;0;0;1;1;0
mmu-miR-6936-5p;0;0;1;0;0;0
mmu-miR-6937-5p;3;1;2;0;2;2
mmu-miR-6937-3p;0;2;0;0;0;0
mmu-miR-6938-5p;1;0;0;1;1;3
mmu-miR-6938-3p;0;1;0;1;0;0
mmu-miR-6939-5p;1;0;0;0;1;0
mmu-miR-6939-3p;0;1;0;1;1;2
mmu-miR-6940-3p;3;2;3;1;0;4
mmu-miR-6941-3p;0;0;0;0;1;0
mmu-miR-6942-5p;0;0;0;1;2;1
mmu-miR-6942-3p;2;0;0;0;0;0
mmu-miR-6943-5p;0;0;0;0;1;1
mmu-miR-6943-3p;1;0;1;1;2;0
mmu-miR-6944-5p;0;1;0;0;0;0
mmu-miR-6944-3p;34;26;11;29;20;29
mmu-miR-6945-5p;0;4;0;0;0;0
mmu-miR-6945-3p;1;0;0;1;0;4
mmu-miR-6946-5p;1;1;0;3;0;2
mmu-miR-6946-3p;7;9;3;19;15;23
mmu-miR-6947-5p;0;1;0;1;0;0
mmu-miR-6947-3p;1;0;0;0;1;0
mmu-miR-6948-5p;2;1;0;2;2;1
mmu-miR-6948-3p;4;1;2;5;4;14
mmu-miR-6949-5p;0;1;0;0;0;0
mmu-miR-6950-5p;0;1;0;0;1;1
mmu-miR-6951-5p;2;0;0;1;0;0
mmu-miR-6951-3p;0;0;0;0;1;0
mmu-miR-6952-5p;1;0;0;1;3;2
mmu-miR-6952-3p;2;11;6;38;38;59
mmu-miR-6953-5p;0;0;1;1;2;0
mmu-miR-6953-3p;3;0;1;4;3;3
mmu-miR-6954-5p;0;0;1;0;2;1
mmu-miR-6954-3p;1;0;0;0;2;1
mmu-miR-6955-5p;7;6;1;4;1;8
mmu-miR-6955-3p;3;0;1;1;1;4
mmu-miR-6956-3p;5;0;0;1;2;0
mmu-miR-6957-5p;0;0;0;1;1;0
mmu-miR-6957-3p;0;4;0;2;2;0
mmu-miR-6958-5p;0;0;0;0;0;1
mmu-miR-6958-3p;3;2;0;1;2;1
mmu-miR-6959-5p;0;0;0;3;0;0
mmu-miR-6959-3p;3;0;0;0;1;2
mmu-miR-6960-5p;0;2;2;5;3;3
mmu-miR-6960-3p;0;0;0;0;2;0
mmu-miR-6961-5p;1;1;0;0;1;0
mmu-miR-6961-3p;1;1;0;0;3;4
mmu-miR-6962-5p;0;0;0;0;0;1
mmu-miR-6962-3p;0;0;0;1;1;0
mmu-miR-6963-5p;0;0;0;1;0;0
mmu-miR-6963-3p;1;1;0;2;2;4
mmu-miR-6964-5p;0;1;0;0;0;0
mmu-miR-6964-3p;1;1;2;2;5;6
mmu-miR-3547-5p;1;0;0;0;0;0
mmu-miR-3547-3p;3;1;0;2;6;2
mmu-miR-6966-5p;2;1;0;0;0;1
mmu-miR-6966-3p;0;0;0;0;2;0
mmu-miR-6967-5p;0;0;1;0;0;0
mmu-miR-6967-3p;1;0;0;0;1;0
mmu-miR-6968-5p;0;0;0;0;1;0
mmu-miR-6968-3p;3;2;1;6;7;10
mmu-miR-6969-5p;0;1;0;0;0;0
mmu-miR-6969-3p;1;0;0;0;0;0
mmu-miR-6970-5p;0;0;0;1;0;6
mmu-miR-6970-3p;0;0;1;0;0;1
mmu-miR-6971-5p;2;0;0;0;0;0
mmu-miR-6971-3p;19;13;13;35;30;36
mmu-miR-6972-5p;0;0;1;2;3;5
mmu-miR-6972-3p;0;1;0;1;0;1
mmu-miR-6973a-5p;0;1;0;0;0;0
mmu-miR-6973a-3p;0;0;0;4;2;0
mmu-miR-6974-5p;1;0;0;0;0;0
mmu-miR-6974-3p;0;1;0;0;0;1
mmu-miR-6975-5p;0;0;0;0;1;1
mmu-miR-6975-3p;2;1;4;6;6;12
mmu-miR-6976-5p;2;0;0;0;1;1
mmu-miR-6976-3p;0;1;0;3;5;3
mmu-miR-6978-5p;0;0;0;0;0;2
mmu-miR-6978-3p;4;4;0;3;1;3
mmu-miR-6979-5p;0;0;0;0;1;1
mmu-miR-6979-3p;1;1;1;2;1;9
mmu-miR-6980-3p;1;3;0;4;7;4
mmu-miR-6981-5p;2;4;1;3;0;4
mmu-miR-6981-3p;2;3;2;6;11;11
mmu-miR-6982-5p;1;0;0;0;0;1
mmu-miR-6982-3p;0;0;1;0;0;2
mmu-miR-6983-5p;0;1;0;0;0;0
mmu-miR-6983-3p;1;1;1;0;3;0
mmu-miR-6984-5p;0;0;0;1;0;0
mmu-miR-6984-3p;1;2;1;2;2;2
mmu-miR-6985-3p;1;4;0;2;0;2
mmu-miR-6986-5p;0;2;1;4;2;2
mmu-miR-6986-3p;0;0;0;0;0;1
mmu-miR-6987-5p;0;2;0;0;1;0
mmu-miR-6987-3p;0;0;1;0;0;0
mmu-miR-6988-5p;0;0;0;2;1;2
mmu-miR-6988-3p;25;24;9;80;60;89
mmu-miR-6989-5p;0;2;0;2;3;1
mmu-miR-6989-3p;5;2;4;21;8;28
mmu-miR-6990-5p;0;1;0;0;0;0
mmu-miR-6990-3p;1;2;0;1;3;4
mmu-miR-6991-5p;0;0;0;0;0;1
mmu-miR-6991-3p;0;3;1;1;1;1
mmu-miR-6992-5p;0;1;0;0;2;1
mmu-miR-6992-3p;1;0;0;0;0;0
mmu-miR-6993-3p;1;1;0;0;0;1
mmu-miR-6994-3p;0;0;0;0;0;1
mmu-miR-6995-3p;0;0;0;1;0;2
mmu-miR-6996-5p;1;4;0;15;9;14
mmu-miR-6996-3p;2;0;1;1;1;0
mmu-miR-6997-5p;1;2;0;0;3;1
mmu-miR-6997-3p;1;0;0;0;1;0
mmu-miR-6998-5p;0;3;1;1;3;1
mmu-miR-6998-3p;0;0;0;0;1;2
mmu-miR-6999-5p;1;0;0;0;0;1
mmu-miR-6999-3p;0;1;0;1;0;0
mmu-miR-7000-5p;2;1;2;0;0;0
mmu-miR-7000-3p;0;1;0;1;1;2
mmu-miR-7001-5p;0;0;0;0;1;0
mmu-miR-7002-3p;1;0;0;0;0;0
mmu-miR-6973b-5p;0;1;0;0;1;2
mmu-miR-7003-5p;0;0;0;0;0;3
mmu-miR-7004-5p;1;1;0;0;0;0
mmu-miR-7004-3p;0;1;0;4;1;0
mmu-miR-7005-3p;2;0;0;1;1;1
mmu-miR-7006-5p;0;0;1;0;0;3
mmu-miR-7006-3p;1;2;0;4;4;5
mmu-miR-7007-5p;0;0;0;0;1;4
mmu-miR-7008-5p;0;0;1;1;0;0
mmu-miR-7008-3p;30;31;2;32;19;26
mmu-miR-7009-5p;0;0;0;0;0;3
mmu-miR-7009-3p;0;0;0;1;0;0
mmu-miR-7010-5p;0;3;0;0;1;0
mmu-miR-7010-3p;0;0;1;0;2;0
mmu-miR-7011-5p;1;0;1;0;4;1
mmu-miR-7011-3p;0;1;0;1;0;1
mmu-miR-7012-5p;0;0;1;0;0;2
mmu-miR-7012-3p;0;1;0;0;0;0
mmu-miR-7013-5p;0;0;0;0;0;3
mmu-miR-7013-3p;0;0;0;0;0;1
mmu-miR-7014-5p;0;0;1;0;0;1
mmu-miR-7015-5p;0;0;0;0;0;1
mmu-miR-7015-3p;12;9;6;26;19;25
mmu-miR-7016-3p;0;0;0;0;0;3
mmu-miR-7017-5p;0;0;0;0;1;1
mmu-miR-7017-3p;0;0;0;0;1;7
mmu-miR-7018-5p;0;1;0;0;0;1
mmu-miR-7018-3p;0;4;2;2;2;0
mmu-miR-7019-5p;0;2;0;1;0;0
mmu-miR-7019-3p;2;6;1;10;18;15
mmu-miR-7021-5p;2;1;0;0;1;0
mmu-miR-7021-3p;0;0;1;4;3;3
mmu-miR-7022-3p;1;1;0;0;1;3
mmu-miR-7023-3p;2;2;0;1;1;5
mmu-miR-7024-5p;0;0;0;1;1;0
mmu-miR-7024-3p;1;0;0;0;0;0
mmu-miR-7025-5p;0;0;0;0;0;1
mmu-miR-7025-3p;3;7;2;3;4;2
mmu-miR-7026-5p;0;0;0;0;1;0
mmu-miR-7026-3p;3;2;0;0;3;0
mmu-miR-7027-5p;0;0;0;0;2;2
mmu-miR-7027-3p;2;0;1;0;1;0
mmu-miR-7028-5p;0;2;0;1;1;1
mmu-miR-7028-3p;0;0;0;0;0;3
mmu-miR-7029-5p;0;0;0;0;1;0
mmu-miR-7029-3p;0;3;1;1;0;1
mmu-miR-7030-3p;0;0;0;0;3;0
mmu-miR-7031-5p;0;0;0;1;3;0
mmu-miR-7031-3p;0;0;0;0;5;4
mmu-miR-7032-5p;1;0;0;0;0;0
mmu-miR-7032-3p;0;1;0;1;0;2
mmu-miR-7033-5p;0;3;0;0;0;2
mmu-miR-7033-3p;0;2;0;0;0;1
mmu-miR-7034-3p;0;1;0;0;1;2
mmu-miR-7035-5p;0;0;1;0;0;0
mmu-miR-7035-3p;0;1;0;2;2;4
mmu-miR-7036a-5p;0;0;0;0;0;3
mmu-miR-7036a-3p;1;3;0;0;2;1
mmu-miR-7037-5p;1;1;0;2;0;0
mmu-miR-7037-3p;0;0;0;0;0;1
mmu-miR-7038-5p;0;0;0;0;0;1
mmu-miR-7038-3p;0;0;0;2;2;2
mmu-miR-7039-3p;1;1;0;1;1;4
mmu-miR-7040-5p;0;1;0;1;2;2
mmu-miR-7040-3p;0;0;0;2;0;1
mmu-miR-7041-5p;1;0;0;0;0;1
mmu-miR-7041-3p;0;0;0;1;0;0
mmu-miR-7042-5p;1;1;0;0;1;2
mmu-miR-7042-3p;3;2;0;8;2;9
mmu-miR-7043-5p;0;0;0;0;0;3
mmu-miR-7043-3p;21;10;8;37;26;46
mmu-miR-7044-5p;0;0;1;1;2;3
mmu-miR-7044-3p;4;13;5;10;19;18
mmu-miR-7045-5p;12;8;2;6;3;15
mmu-miR-7045-3p;5;7;2;37;27;35
mmu-miR-7046-5p;1;1;0;1;3;5
mmu-miR-7046-3p;7;6;0;1;10;10
mmu-miR-7047-5p;0;0;0;0;0;1
mmu-miR-7047-3p;0;0;1;0;1;3
mmu-miR-7048-5p;1;0;0;1;0;0
mmu-miR-7048-3p;1;0;0;2;2;1
mmu-miR-7049-5p;0;0;0;1;3;5
mmu-miR-7049-3p;0;2;0;0;1;1
mmu-miR-7050-5p;0;1;0;0;1;1
mmu-miR-7050-3p;0;1;0;0;0;0
mmu-miR-7052-3p;11;11;7;31;24;42
mmu-miR-7053-5p;0;0;0;1;0;0
mmu-miR-7053-3p;0;1;0;1;0;0
mmu-miR-7054-5p;0;0;1;0;1;0
mmu-miR-7054-3p;0;1;0;0;0;1
mmu-miR-7055-5p;1;0;0;0;0;0
mmu-miR-7056-5p;2;0;1;1;0;2
mmu-miR-7057-3p;0;0;0;3;0;0
mmu-miR-7058-3p;3;5;0;10;3;7
mmu-miR-7059-5p;2;0;0;5;9;9
mmu-miR-7059-3p;0;0;0;2;1;1
mmu-miR-7060-5p;11;1;0;0;0;0
mmu-miR-7060-3p;0;0;0;1;1;2
mmu-miR-7061-5p;0;0;0;0;0;1
mmu-miR-7061-3p;0;2;0;0;1;2
mmu-miR-7062-5p;2;0;0;0;1;1
mmu-miR-7062-3p;1;0;0;1;0;0
mmu-miR-7063-5p;0;1;0;2;9;9
mmu-miR-7063-3p;1;2;1;11;6;12
mmu-miR-7064-5p;0;0;0;0;0;1
mmu-miR-7065-5p;2;2;0;0;0;1
mmu-miR-7065-3p;1;1;0;1;1;1
mmu-miR-7067-5p;0;0;0;0;1;2
mmu-miR-7067-3p;1;2;0;3;2;0
mmu-miR-6769b-3p;0;0;0;0;2;0
mmu-miR-7068-5p;0;1;0;0;2;0
mmu-miR-7068-3p;166;166;57;122;145;183
mmu-miR-7069-5p;1;0;0;1;2;3
mmu-miR-7069-3p;0;0;0;0;1;4
mmu-miR-7070-5p;0;1;0;1;2;3
mmu-miR-7070-3p;1;1;0;1;2;4
mmu-miR-7071-5p;0;0;0;0;1;0
mmu-miR-7071-3p;0;1;0;0;0;0
mmu-miR-7072-5p;1;0;0;0;1;1
mmu-miR-7072-3p;0;0;0;1;0;2
mmu-miR-7073-3p;0;1;0;1;0;0
mmu-miR-7074-3p;0;0;0;1;1;3
mmu-miR-7075-3p;7;5;3;18;15;11
mmu-miR-7076-5p;1;0;0;0;0;0
mmu-miR-7076-3p;0;0;0;0;0;2
mmu-miR-7077-5p;1;1;0;1;1;0
mmu-miR-7077-3p;0;1;0;0;0;1
mmu-miR-7078-3p;1;1;0;0;0;0
mmu-miR-7079-5p;3;2;0;0;2;7
mmu-miR-7079-3p;2;4;0;3;5;5
mmu-miR-7080-5p;0;0;0;0;1;0
mmu-miR-7080-3p;0;0;0;0;0;1
mmu-miR-7081-5p;0;0;0;1;1;3
mmu-miR-7081-3p;0;1;0;0;0;0
mmu-miR-7082-5p;1;0;0;1;3;0
mmu-miR-7082-3p;1;0;0;3;1;3
mmu-miR-7083-5p;0;2;0;1;4;3
mmu-miR-7083-3p;1;3;0;0;0;1
mmu-miR-7084-5p;1;0;0;0;1;0
mmu-miR-7084-3p;2;0;1;0;3;2
mmu-miR-7085-5p;0;0;0;1;1;1
mmu-miR-7085-3p;1;0;0;1;1;0
mmu-miR-7086-5p;0;0;0;1;1;0
mmu-miR-7086-3p;0;0;0;0;0;1
mmu-miR-7087-5p;0;1;0;0;0;0
mmu-miR-7087-3p;0;0;0;3;1;1
mmu-miR-7088-5p;0;0;0;0;1;0
mmu-miR-7089-5p;0;0;0;1;1;0
mmu-miR-7089-3p;1;2;1;1;0;1
mmu-miR-7090-3p;1;0;0;3;3;0
mmu-miR-7091-5p;0;0;3;1;1;4
mmu-miR-7091-3p;0;2;0;1;5;1
mmu-miR-7092-5p;0;2;1;1;0;2
mmu-miR-7092-3p;1;7;1;3;5;2
mmu-miR-7093-5p;0;0;0;1;0;2
mmu-miR-7093-3p;1;3;1;3;2;1
mmu-miR-7094-1-5p;0;0;1;1;1;0
mmu-miR-7094-3p;0;0;0;1;1;0
mmu-miR-7094b-2-5p;0;0;1;1;1;0
mmu-miR-7115-5p;0;1;0;0;0;0
mmu-miR-7115-3p;0;2;0;0;0;0
mmu-miR-7116-5p;0;0;1;1;0;0
mmu-miR-7116-3p;5;5;4;9;7;20
mmu-miR-7117-5p;1;0;1;0;0;1
mmu-miR-7117-3p;0;1;0;0;0;0
mmu-miR-7118-5p;0;1;1;0;0;0
mmu-miR-7118-3p;0;0;0;1;2;0
mmu-miR-7210-5p;1;3;1;0;0;1
mmu-miR-7211-5p;0;0;0;1;0;5
mmu-miR-7211-3p;0;0;0;1;0;1
mmu-miR-7213-5p;1;0;0;0;0;1
mmu-miR-7213-3p;2;0;0;1;0;0
mmu-miR-7214-5p;0;0;0;0;1;2
mmu-miR-7215-5p;1;0;0;0;1;2
mmu-miR-7215-3p;0;0;1;0;3;1
mmu-miR-7216-5p;0;0;0;5;2;0
mmu-miR-7216-3p;0;0;0;0;1;0
mmu-miR-7217-5p;0;2;0;0;2;0
mmu-miR-7217-3p;1;0;0;0;0;0
mmu-miR-7218-5p;0;0;0;1;0;0
mmu-miR-7218-3p;0;1;0;0;0;1
mmu-miR-7219-5p;1;1;0;1;0;0
mmu-miR-7219-3p;4;3;2;3;4;9
mmu-miR-7221-3p;0;0;0;0;2;1
mmu-miR-7222-5p;1;0;1;3;1;4
mmu-miR-7222-3p;0;2;0;1;0;0
mmu-miR-7224-5p;1;1;0;1;1;2
mmu-miR-7224-3p;61;26;16;26;38;46
mmu-miR-7225-3p;0;1;0;0;0;0
mmu-miR-7226-3p;14;34;20;52;28;48
mmu-miR-7227-3p;0;0;1;0;0;2
mmu-miR-7229-5p;0;0;0;0;0;1
mmu-miR-7230-5p;0;1;1;0;1;3
mmu-miR-7230-3p;0;1;0;0;0;1
mmu-miR-7231-5p;0;1;0;0;0;0
mmu-miR-7231-3p;0;0;0;0;1;0
mmu-miR-7232-5p;0;0;1;0;0;0
mmu-miR-7232-3p;0;0;0;0;1;0
mmu-miR-7234-5p;0;0;0;1;0;0
mmu-miR-7235-3p;3;5;2;8;12;10
mmu-miR-7236-5p;0;1;0;0;1;0
mmu-miR-7236-3p;2;9;1;8;10;12
mmu-miR-7237-5p;0;0;0;0;2;1
mmu-miR-7237-3p;2;6;6;2;2;3
mmu-miR-7238-5p;0;0;0;0;1;0
mmu-miR-7239-5p;0;2;0;0;0;1
mmu-miR-7239-3p;0;0;0;2;0;0
mmu-miR-7240-5p;0;1;0;0;0;0
mmu-miR-7241-5p;0;0;1;0;0;0
mmu-miR-7242-5p;0;1;0;0;0;0
mmu-miR-7242-3p;0;0;0;2;1;2
mmu-miR-7578;0;0;0;0;1;2
mmu-miR-6546-5p;0;0;0;0;1;1
mmu-miR-6546-3p;0;1;0;0;0;0
mmu-miR-7646-5p;2;2;1;0;0;7
mmu-miR-7647-5p;1;0;0;0;0;1
mmu-miR-7647-3p;0;0;0;0;1;0
mmu-miR-7648-3p;0;0;0;0;3;0
mmu-miR-7649-5p;0;0;0;1;0;0
mmu-miR-7649-3p;0;4;0;1;2;5
mmu-miR-7650-5p;0;0;0;0;0;1
mmu-miR-7651-5p;0;3;0;2;2;1
mmu-miR-7651-3p;0;1;0;0;0;0
mmu-miR-219b-5p;0;1;0;0;0;0
mmu-miR-219b-3p;7;2;0;7;4;5
mmu-miR-7036b-5p;0;4;1;0;5;3
mmu-miR-7036b-3p;0;1;0;0;2;0
mmu-miR-7652-5p;0;0;0;0;0;1
mmu-miR-7652-3p;1;0;0;0;0;1
mmu-miR-7653-5p;2;0;1;0;0;4
mmu-miR-7653-3p;0;2;1;0;4;6
mmu-miR-7654-5p;0;1;0;0;0;0
mmu-miR-7655-5p;1;1;0;4;1;1
mmu-miR-7656-5p;1;0;0;1;1;0
mmu-miR-7656-3p;11;10;7;23;20;20
mmu-miR-7657-3p;0;0;0;1;0;0
mmu-miR-7658-3p;0;1;0;3;2;5
mmu-miR-7659-5p;0;1;0;1;0;1
mmu-miR-7659-3p;0;0;0;0;0;1
mmu-miR-7660-5p;1;3;0;0;0;1
mmu-miR-7660-3p;0;1;0;0;0;0
mmu-miR-7661-5p;0;0;1;0;0;0
mmu-miR-7661-3p;1;1;1;1;2;0
mmu-miR-7662-5p;3;0;0;0;1;0
mmu-miR-7662-3p;1;2;0;4;1;5
mmu-miR-7663-3p;0;0;0;0;0;1
mmu-miR-7664-5p;0;0;0;1;1;0
mmu-miR-7664-3p;1;1;0;0;0;0
mmu-miR-7665-5p;0;1;0;2;0;5
mmu-miR-7665-3p;1;0;0;0;0;0
mmu-miR-7667-5p;2;2;1;4;6;12
mmu-miR-7667-3p;1;1;0;2;2;6
mmu-miR-7668-5p;2;3;3;4;9;6
mmu-miR-7668-3p;0;0;0;2;5;3
mmu-miR-7669-5p;3;1;0;3;0;2
mmu-miR-7669-3p;0;1;0;0;1;3
mmu-miR-7670-5p;0;0;0;1;0;0
mmu-miR-7670-3p;1;0;1;4;2;0
mmu-miR-7671-5p;1;0;1;4;0;1
mmu-miR-7671-3p;1;0;2;1;1;0
mmu-miR-7672-5p;0;0;0;0;1;0
mmu-miR-7672-3p;0;0;0;1;0;1
mmu-miR-7673-5p;0;1;0;2;0;1
mmu-miR-7673-3p;1;0;0;0;0;0
mmu-miR-3569-3p;0;0;0;0;2;0
mmu-miR-7674-5p;0;1;0;0;1;1
mmu-miR-7674-3p;2;0;1;1;1;1
mmu-miR-7675-3p;0;0;0;1;0;4
mmu-miR-7676-5p;0;1;0;0;0;0
mmu-miR-7676-3p;0;0;0;0;1;0
mmu-miR-129b-5p;0;0;0;1;4;1
mmu-miR-129b-3p;0;0;0;0;1;2
mmu-miR-292b-5p;0;0;0;2;2;2
mmu-miR-292b-3p;0;2;0;0;0;0
mmu-miR-1191b-5p;12;26;15;33;22;33
mmu-miR-1191b-3p;12;14;2;3;6;22
mmu-miR-7677-3p;2;0;0;1;2;1
mmu-miR-7678-3p;3;2;0;0;2;0
mmu-miR-7679-5p;0;1;0;0;0;0
mmu-miR-7679-3p;1;0;0;2;0;1
mmu-miR-7680-3p;0;1;0;0;0;0
mmu-miR-6715-5p;0;1;0;1;0;1
mmu-miR-3620-5p;1;1;1;0;2;2
mmu-miR-3620-3p;0;0;0;0;0;2
mmu-miR-465d-5p;1;0;0;0;0;0
mmu-miR-465d-3p;2;1;0;0;0;0
mmu-miR-7681-3p;2;0;0;0;5;0
mmu-miR-7682-5p;0;1;0;0;0;0
mmu-miR-7682-3p;0;1;0;0;0;0
mmu-miR-7683-5p;0;2;0;0;0;0
mmu-miR-216c-5p;0;1;0;1;0;0
mmu-miR-7684-5p;0;0;0;0;0;1
mmu-miR-7684-3p;1;2;0;0;1;2
mmu-miR-219c-5p;0;0;0;2;2;2
mmu-miR-219c-3p;2;7;1;2;2;2
mmu-miR-126b-5p;13368;10454;3159;8131;10002;12085
mmu-miR-126b-3p;151006;89824;35434;28395;50629;32860
mmu-miR-7685-5p;0;0;0;1;0;1
mmu-miR-7685-3p;0;0;0;0;1;1
mmu-miR-7686-5p;0;1;0;0;0;2
mmu-miR-7686-3p;1;1;0;0;1;0
mmu-miR-7687-5p;0;0;0;4;1;1
mmu-miR-1258-5p;2;2;0;0;1;1
mmu-miR-1258-3p;1;1;0;0;0;0
mmu-miR-7688-5p;7;7;3;13;15;13
mmu-miR-7689-3p;0;0;0;0;3;2
mmu-miR-7243-5p;1;0;0;1;1;1
mmu-miR-7243-3p;0;0;0;0;3;1
mmu-miR-3473f;1;0;0;0;2;5
mmu-miR-8090;0;0;0;0;1;0
mmu-miR-8092;0;0;1;0;0;0
mmu-miR-8093;0;0;0;0;0;1
mmu-miR-8094;0;1;0;0;2;1
mmu-miR-8095;0;0;0;0;0;1
mmu-miR-1291;2;2;0;1;6;1
mmu-miR-8096;0;0;0;0;0;1
mmu-miR-8097;0;0;0;0;1;0
mmu-miR-8098;2;0;0;0;0;0
mmu-miR-8099;0;0;0;0;1;0
mmu-miR-142b;1090;876;250;1441;1519;2050
mmu-miR-8100;0;0;0;0;0;2
mmu-miR-497b;1;0;0;0;0;3
mmu-miR-8101;0;0;0;2;2;1
mmu-miR-8102;0;1;0;0;0;1
mmu-miR-8103;11;9;3;28;30;38
mmu-miR-8105;1;2;1;7;7;10
mmu-miR-3535;4522;3649;1472;3235;3303;4313
mmu-miR-8106;1;0;1;1;2;0
mmu-miR-8107;0;0;0;1;1;0
mmu-miR-1668;15;21;19;36;48;66
mmu-miR-8109;0;0;0;1;0;0
mmu-miR-8110;0;0;0;0;0;1
mmu-miR-8111;2;1;1;8;7;7
mmu-miR-8112;3;3;4;19;15;20
mmu-miR-8113;0;0;0;0;0;2
mmu-miR-8114;33;27;15;80;83;88
mmu-miR-8116;0;0;0;3;2;1
mmu-miR-8117;0;0;0;0;2;0
mmu-miR-8118;2;0;1;1;2;2
mmu-miR-8120;0;1;1;1;2;2
mmu-miR-3473g;0;1;0;1;0;2
mmu-miR-3154;1;0;0;0;2;0
mmu-miR-3552;2;1;1;3;2;2
mmu-miR-935;3;0;0;0;0;1
mmu-miR-9718;0;0;0;0;1;1
mmu-miR-9768-5p;0;0;1;0;0;1
mmu-miR-9768-3p;0;2;0;2;0;4
mmu-miR-9769-5p;0;0;0;0;1;0
mmu-miR-9769-3p;3;5;5;4;6;6
mmu-miR-1271-5p;0;0;1;0;2;0
mmu-miR-1271-3p;0;2;0;0;0;0
mmu-miR-1911-5p;0;1;0;2;1;1
mmu-miR-1911-3p;0;1;0;0;0;1
mmu-miR-5104b-5p;0;1;0;0;0;0
mmu-miR-12178-5p;1;1;1;2;3;0
mmu-miR-12178-3p;0;1;0;7;5;3
mmu-miR-12181-5p;1;0;0;0;0;1
mmu-miR-12181-3p;0;0;0;2;0;0
mmu-miR-12182-3p;1;2;1;2;0;4
mmu-miR-12183-5p;1;1;0;0;0;2
mmu-miR-203b-5p;214;240;103;159;188;265
mmu-miR-203b-3p;1;14;2;2;1;2
mmu-miR-12184-5p;0;1;0;1;0;0
mmu-miR-9b-3p;5;12;1;9;5;9
mmu-miR-12185-5p;1;0;1;3;6;5
mmu-miR-12185-3p;1;0;0;0;0;0
mmu-miR-12186-3p;0;0;0;0;0;1
mmu-miR-12187-3p;1;0;0;0;0;2
mmu-miR-1970b-5p;0;1;0;1;1;0
mmu-miR-12188-5p;2;4;0;3;0;1
mmu-miR-3083b-5p;0;1;0;1;1;1
mmu-miR-3083b-3p;1;1;1;3;3;7
mmu-miR-12189-3p;0;0;0;0;0;2
mmu-miR-12191-3p;1;0;0;2;5;1
mmu-miR-122b-5p;0;1;2;0;3;2
mmu-miR-122b-3p;4;16;15;41;147;108
mmu-miR-12192-5p;1;0;0;0;0;0
mmu-miR-12193-5p;0;0;1;0;0;1
mmu-miR-12193-3p;0;0;2;2;1;1
mmu-miR-12194-3p;4;1;0;5;3;5
mmu-miR-12195-5p;1;0;0;0;1;0
mmu-miR-3473h-5p;0;1;0;0;1;0
mmu-miR-12197-3p;0;0;0;0;0;1
mmu-miR-12198-3p;0;0;1;0;0;0
mmu-miR-12199-3p;2;2;2;3;8;7
mmu-miR-12200-5p;0;0;0;1;1;0
mmu-miR-12201-5p;0;0;0;0;1;0
mmu-miR-12201-3p;1;2;1;5;5;1
mmu-miR-12202-5p;0;0;1;1;0;2
mmu-miR-12202-3p;4;1;0;2;0;6
mmu-miR-12203-3p;0;2;0;0;1;1
mmu-miR-12204-5p;0;0;0;1;0;0
mmu-miR-1970c-5p;0;0;0;2;0;0
mmu-miR-1970c-3p;0;0;1;0;2;2
mmu-miR-12205-5p;2;0;2;0;3;1
mmu-miR-12205-3p;1;0;1;0;1;0
mmu-miR-12206-5p;3;1;0;0;0;4
