"","baseMean","log2FoldChange","lfcSE","stat","pvalue","padj"
"mmu-let-7a-1-3p/7c-2-3p",557.891408749754,-2.03639740182643,0.250101934745,-8.14226968656884,3.87935961434939e-16,4.13050705897824e-14
"mmu-let-7a-5p",71120.9194569573,0.33758464819975,0.283313365131241,1.19155920527565,0.23343412888602,0.345184509735711
"mmu-let-7b-3p",746.63328895129,-0.549421709895555,0.219100504297946,-2.50762412280174,0.0121545884463686,0.0331272116479459
"mmu-let-7b-5p",31499.303172514,0.575558732274572,0.226247134164149,2.54393822224943,0.0109610468587041,0.0302699108614543
"mmu-let-7c-5p",113796.065864022,0.80070545914583,0.23281526271432,3.43923095853192,0.000583369311498255,0.00261575271929863
"mmu-let-7d-3p",2101.55870706507,-0.573875788382995,0.22529684820522,-2.54719847594255,0.0108591651669148,0.0302699108614543
"mmu-let-7d-5p",12827.2972461138,1.3031888867186,0.244289174095217,5.33461579517502,9.57470710663377e-08,1.24770401983321e-06
"mmu-let-7e-3p",80.0316200763942,-0.93770831542341,0.336218947178088,-2.78898117816878,0.00528741377901577,0.0167034208018907
"mmu-let-7e-5p/7k",5524.50759164359,0.315574651421596,0.264608482789148,1.19260973078123,0.23302225311521,0.345184509735711
"mmu-let-7f-5p",200617.044282879,0.301539268870514,0.29688649472465,1.01567189558481,0.309785655600374,0.423543011099527
"mmu-let-7g-3p",53.3068039037691,-1.73653524245956,0.326582287325996,-5.31729769142729,1.05319681610838e-07,1.29171491857998e-06
"mmu-let-7g-5p",28092.5565346651,-0.17495547345816,0.249690718887304,-0.70068873299662,0.483497288972054,0.594744452806332
"mmu-let-7i-3p",85.7380720171792,-1.37990167468694,0.433871954877707,-3.18043528551155,0.00147053980199916,0.00573098221900605
"mmu-let-7i-5p",72725.559368701,0.0427672121258871,0.258038896866008,0.165739400707851,0.868362037569063,0.934074625695702
"mmu-miR-100-3p",7.58990680169899,-0.735984234032052,0.724275044285003,-1.01616677233247,0.309549976452268,0.423543011099527
"mmu-miR-100-5p",8699.16055214411,0.63507392768276,0.19997601238772,3.17575053177607,0.0014944941135334,0.00577040782725395
"mmu-miR-101a-3p/101b-3p/101c",43792.7457499091,-1.31105274811893,0.259883210283383,-5.04477663904999,4.5405146467482e-07,4.85485796844615e-06
"mmu-miR-101a-5p",82.7914054604893,0.214958520446112,0.343349505127417,0.626063288969474,0.531273430184679,0.644014594148289
"mmu-miR-103-3p/107-3p",15697.5941811168,-0.880128094051375,0.191640424961128,-4.59260145258965,4.37754580298769e-06,3.51045499970359e-05
"mmu-miR-106b-3p",345.754638134149,0.00789657956035906,0.241219922307727,0.0327360173438963,0.973885101587106,0.983317402813131
"mmu-miR-106b-5p",579.17336021024,-0.71907280719242,0.187782777420666,-3.82927985766006,0.00012851879038777,0.000705162310417106
"mmu-miR-10a-3p",394.756290280662,-0.180246298989277,0.228949950571184,-0.787273806085559,0.431121599903607,0.548102765731111
"mmu-miR-10a-5p",2439499.95174593,0.39551962134934,0.177909958133647,2.22314492959536,0.0262060288524793,0.0624452230370506
"mmu-miR-10b-3p",11.8367019470546,-0.0766514175661317,0.620041590163267,-0.123623025910162,0.901613760294418,0.951830222893094
"mmu-miR-10b-5p",97810.921922619,-1.10382817307204,0.28576977186734,-3.86264847348675,0.000112164352622719,0.000640719658132517
"mmu-miR-1191b-5p",24.172052615291,0.00219510859296243,0.488479793169126,0.00449375516379326,0.996414514202237,0.996414514202237
"mmu-miR-1198-5p",274.728304324242,0.0891677686753438,0.21224649580836,0.420114208885948,0.674402023211845,0.772597922195987
"mmu-miR-12199-3p",17.3502995426704,0.0711312324636596,0.496532363392847,0.14325598431815,0.886088016633081,0.940200261923651
"mmu-miR-122-5p",123.605503942359,1.88669437666225,0.446420202423581,4.22627463188165,2.37591995682892e-05,0.000152424403384255
"mmu-miR-1249-3p",463.200187749172,0.485847200096295,0.207435616528754,2.34215901891153,0.0191725441506114,0.0475889935166963
"mmu-miR-125a-3p",96.244931925586,1.24906640719733,0.282751490357843,4.41754137393423,9.98299654838164e-06,7.56892647395481e-05
"mmu-miR-125a-5p",132683.571946349,1.39563780592671,0.200707297330403,6.95359772409877,3.56086079434191e-12,1.34988995567325e-10
"mmu-miR-125b-1-3p",487.925081936687,1.13740736469714,0.236335271396416,4.81268563078475,1.48915442195247e-06,1.44413347431205e-05
"mmu-miR-125b-2-3p",3219.21438186713,0.362203190301149,0.302926277537957,1.19568098629464,0.231821073981061,0.345184509735711
"mmu-miR-125b-5p",15937.7920259745,1.50715478111047,0.186910993072425,8.06348923803786,7.41470599602965e-16,6.18386480068873e-14
"mmu-miR-1264-3p",107.603502085101,-0.181627786333081,0.303126192888587,-0.5991820917958,0.549051463485447,0.656029972130176
"mmu-miR-1264-5p",6.33659369428895,-0.320971043096942,0.776703736862016,-0.413247713206205,0.679425133886352,0.77621994748112
"mmu-miR-126a-3p",56342.7022382414,-0.267856924543284,0.214546127196992,-1.24848175095393,0.211854687328713,0.322380456200273
"mmu-miR-126a-5p",74260.7467562895,-1.80204124816067,0.297227451636663,-6.06283584587442,1.33742149410463e-09,2.53502165018923e-08
"mmu-miR-127-3p",3493.72397822254,-0.484147237778224,0.245813112172067,-1.9695745011329,0.0488871563975922,0.100920515929683
"mmu-miR-127-5p",18.9396746860856,-0.947916604554971,0.585615373652507,-1.61866755417088,0.105518811517515,0.189660967253464
"mmu-miR-128-1-5p",20.0328919499227,-0.464283976509959,0.484815445497617,-0.957650959394282,0.338238793426583,0.447763736059952
"mmu-miR-128-3p",408.925812543055,1.3331238773989,0.349520351975741,3.81415236584399,0.000136651143925371,0.000730558038677942
"mmu-miR-1298-3p",40.2346942645537,-1.14820127921819,0.360441536205007,-3.18554096541506,0.00144483646654473,0.00568393213725617
"mmu-miR-1298-5p",918.373795216104,-1.14928367030773,0.217279627765286,-5.28942212451335,1.22703410935635e-07,1.46192349600456e-06
"mmu-miR-130a-3p",11224.4375189855,0.526279670228582,0.237228457847021,2.21845083429223,0.0265241083425915,0.0628440521526175
"mmu-miR-130b-3p",428.690509028022,1.47797404721141,0.336678536461299,4.38986714967292,1.13419930965323e-05,8.297563370621e-05
"mmu-miR-130b-5p",35.1841136541053,1.96088940109372,0.429779860290484,4.56254371660964,5.05375663104513e-06,3.97625757574682e-05
"mmu-miR-132-3p",137.999697929773,-0.662762426851501,0.305461097133494,-2.16971140702037,0.0300287153626451,0.0695665239234611
"mmu-miR-132-5p",10.9888173231356,0.0978256913512418,0.57818772829732,0.169193648643019,0.865644325419497,0.934074625695702
"mmu-miR-133a-3p/133b-3p",7276.35710816929,1.24441307702721,1.05544817387983,1.17903759542522,0.238383205831248,0.35002041137898
"mmu-miR-133a-5p",14.7149896821769,-0.0428288228643399,0.748045054355898,-0.0572543359720726,0.954342595261517,0.983317402813131
"mmu-miR-135b-5p",5.65766250788219,-0.498124213684304,0.810386916882107,-0.614674550276297,0.538769670158153,0.651208557843332
"mmu-miR-136-3p",615.905678222172,-1.91630899522679,0.232632868015915,-8.23748170914394,1.75873198638752e-16,3.66695619161797e-14
"mmu-miR-136-5p",138.072790093985,-0.0800577970945662,0.271994116045359,-0.294336503519126,0.768500781605771,0.852300068961719
"mmu-miR-138-5p",20.4337584851805,-0.367687934483574,0.530451848698905,-0.693159869996572,0.488209229034479,0.598774260315817
"mmu-miR-139-5p",120.450344202057,0.569354299977177,0.302201134007271,1.88402436624701,0.0595616796440835,0.119409713517225
"mmu-miR-140-3p",13548.386171871,-0.877739188447845,0.398871495738627,-2.20055631406414,0.0277674491428462,0.0650507095088026
"mmu-miR-140-5p",587.576869362632,-0.504740692289302,0.254381354211412,-1.98418902931785,0.0472347710898601,0.0984844977223583
"mmu-miR-141-3p",111365.009483375,0.494192562256469,0.218305507187565,2.26376589680748,0.023588517074313,0.0571884396510962
"mmu-miR-141-5p",186.598516758208,-0.20929853972278,0.257325713660923,-0.81336037796274,0.416011469228113,0.535422168728776
"mmu-miR-142a-3p",2510.09256694593,0.589112186398972,0.230098666017625,2.56025902537761,0.0104594172676704,0.0296705918409427
"mmu-miR-142a-5p",34057.0305883747,0.912079394710758,0.305888516650744,2.98173793739419,0.00286617227533226,0.00987763503151698
"mmu-miR-143-3p",1162713.0641975,0.215104630393879,0.38277768381122,0.561957082377786,0.574145260384202,0.680166402216512
"mmu-miR-143-5p",347.510463884574,0.0605546995797197,0.293781049830397,0.206121870742441,0.836695715194501,0.913356317372008
"mmu-miR-144-3p",2275.29531360794,0.880616378806818,0.257835707633903,3.41541668874348,0.000636845074460693,0.0028115646167024
"mmu-miR-144-5p",1945.46925157261,-1.16605609708414,0.271749306279165,-4.29092575451237,1.77929801046905e-05,0.000117772582597714
"mmu-miR-145a-3p",4001.40723668637,0.605132565180698,0.178666339700591,3.38694219736509,0.000706762768612402,0.00307000077616012
"mmu-miR-145a-5p",12842.7976916128,-0.109172381700317,0.25771879804721,-0.423610472063115,0.671849916840982,0.771794532569393
"mmu-miR-146a-5p",243677.285916819,0.830420159612942,0.23334013073627,3.55883986604737,0.000372496547445117,0.00182735487794718
"mmu-miR-146b-3p",14.8697363999259,0.561455205805478,0.529083545128224,1.06118440268145,0.288606106269318,0.404517346260318
"mmu-miR-146b-5p",321671.316053405,-0.611410122946211,0.240825667599818,-2.53880796444919,0.0111230858873908,0.0305153079936972
"mmu-miR-147-3p",15.2735354000115,-1.48412452569354,0.640755257520522,-2.31621123396871,0.0205467381137551,0.050194000710634
"mmu-miR-147-5p",27.2788799494992,-0.775986677429016,0.536490272917441,-1.44641332117578,0.148061307725315,0.243077028824632
"mmu-miR-148a-3p",64985.8529849894,-0.983275782869495,0.281949511187585,-3.48741793779989,0.000487708566940199,0.00228510643161868
"mmu-miR-148a-5p",1069.48937150031,-0.830675483759153,0.274704339785017,-3.02388919086331,0.00249547822329708,0.00867178682595737
"mmu-miR-148b-3p",9148.13160626188,-0.27712751902306,0.180837922783345,-1.53246351626741,0.12540809400141,0.215206482298715
"mmu-miR-148b-5p",319.567846145254,0.0806369525858625,0.221199981888105,0.364543215137571,0.715452409492118,0.810716453147319
"mmu-miR-149-5p",110.931441668009,0.934605045441721,0.355339189447689,2.63017723120942,0.00853403647709989,0.0252389589429124
"mmu-miR-150-3p",47.1704060359684,1.50426251723475,0.401003675818968,3.75124371157596,0.000175959558043102,0.000905865872888563
"mmu-miR-150-5p",6955.27228899089,1.50202101385438,0.262588959107528,5.72004633766541,1.06495005849099e-08,1.6299497348961e-07
"mmu-miR-151-3p",73602.9877656391,0.368692078258424,0.20464291795098,1.8016361472462,0.0716026702255747,0.13948582782616
"mmu-miR-151-5p",24686.0148398491,1.62999800048183,0.237002267092956,6.8775629046726,6.0885140932706e-12,1.95300798222603e-10
"mmu-miR-152-3p",3401.68711702423,0.0936604778866586,0.178323800282963,0.525227018143619,0.599425384928126,0.702135914368058
"mmu-miR-152-5p",1166.04774452784,-1.80947718072499,0.247952267171857,-7.29768354757909,2.9276420290022e-13,1.22082672609392e-11
"mmu-miR-153-3p",328.79656097067,-0.0411310857726159,0.249607991901272,-0.16478272774569,0.869114999448279,0.934074625695702
"mmu-miR-153-5p",12.7791843046645,-0.91066384935544,0.606804215413696,-1.50075399317156,0.133419202196359,0.227084927819926
"mmu-miR-155-5p",584.124596480439,-0.281242837505117,0.2185663867731,-1.28676161809401,0.198177388710428,0.307820413488732
"mmu-miR-15a-3p",108.584996319132,0.994356332206608,0.258745858149614,3.84298453825546,0.000121547128964616,0.000681340545906455
"mmu-miR-15a-5p",1739.47343967467,0.348670102250326,0.21681628509978,1.60813613280878,0.107805367163145,0.192114692765092
"mmu-miR-15b-3p",101.631345960018,-1.32362838687053,0.263365374407986,-5.02582539502731,5.0127181893381e-07,5.22575871238497e-06
"mmu-miR-15b-5p",2541.3571238094,1.11845792588439,0.191777306318344,5.83206609455547,5.47452239651755e-09,9.13150335739127e-08
"mmu-miR-16-1-3p",80.7452518393389,-0.599473412751789,0.292514019942758,-2.04938352311831,0.0404246271399016,0.0873423291053832
"mmu-miR-16-2-3p",90.6005653430476,-0.0457852040520714,0.292624293564113,-0.156464125019887,0.875667195018349,0.93514838794587
"mmu-miR-16-5p",95043.337773139,0.590110382214241,0.239076145341311,2.46829469904572,0.0135758501613572,0.0362892917774739
"mmu-miR-17-3p",111.958378089152,1.25462297489328,0.270601785634174,4.63641794511066,3.54498827222304e-06,2.89854923434707e-05
"mmu-miR-17-5p",609.420155926558,-0.513853132829851,0.196725835606459,-2.61202668803396,0.00900072275400982,0.0262179120268182
"mmu-miR-181a-1-3p",1063.89864751931,-1.23454191923867,0.180092353564483,-6.85504906123976,7.12880492612345e-12,2.12336546728105e-10
"mmu-miR-181a-2-3p",425.311473660466,0.0188856865314534,0.278224212925091,0.0678793780487329,0.94588165481674,0.982438266354805
"mmu-miR-181a-5p",460105.855622159,0.277097038704453,0.249923742955952,1.10872634759351,0.267548252093047,0.379481704499321
"mmu-miR-181b-5p",16046.4201339779,0.268619894452331,0.221657802408573,1.21186753425081,0.225563091542311,0.337131932520228
"mmu-miR-181c-3p",594.753233464075,-0.702096923574023,0.274841767195866,-2.55454958952317,0.0106325283139697,0.0299578669386848
"mmu-miR-181c-5p",50765.204264421,-0.596949544760625,0.17732408793089,-3.36643234275808,0.000761472590787913,0.00324014357508734
"mmu-miR-181d-5p",4058.91563972722,-0.317453557509718,0.215857542569522,-1.47066233466211,0.141382457143103,0.236773030637244
"mmu-miR-182-5p",30302.3477777335,-0.555009948992799,0.236234302909897,-2.34940456214984,0.0188034638544152,0.0469523618400666
"mmu-miR-183-5p",12205.6703514838,-0.586013372678995,0.292025409415231,-2.00672049001648,0.0447794330264886,0.0945292306307129
"mmu-miR-1839-3p",154.467778613686,-0.724259788626693,0.235858093719758,-3.0707438409438,0.00213526254166142,0.00754580067688823
"mmu-miR-1839-5p",1988.52171883299,0.319244039224271,0.273571333325732,1.16694989691832,0.243230603776033,0.355884778156511
"mmu-miR-184-3p",107.80796313792,-0.0416655096327201,0.366898695031896,-0.113561345943457,0.909585530530837,0.955408479172189
"mmu-miR-1843a-3p",44.9780849594064,1.32832205162812,0.373567377699232,3.5557763630463,0.000376864555164166,0.00182735487794718
"mmu-miR-1843a-5p/1843b-5p",2257.75137302175,-0.214092376183367,0.219592297093022,-0.974953944275534,0.329583105837635,0.443342435917076
"mmu-miR-1843b-3p",134.759618178026,-0.0550841197348213,0.294880594495397,-0.186801440186601,0.851816317688825,0.922616635003221
"mmu-miR-185-5p",392.526362319606,1.17322403784786,0.203407971215927,5.76783707558062,8.02953735376177e-09,1.28781426019948e-07
"mmu-miR-186-5p",31560.4257477013,-0.19035045143457,0.243608780261241,-0.781377630274417,0.434580423903832,0.549151626569388
"mmu-miR-187-3p",261.304990538812,-0.037468061099837,0.23894227386315,-0.156808004268413,0.875396164402476,0.93514838794587
"mmu-miR-188-3p",16.5292055928943,0.959956912544848,0.526047393914005,1.82484871829206,0.0680238616785832,0.134435783506963
"mmu-miR-188-5p",20.4003848770398,-1.13371693170654,0.461968129223363,-2.45410204728298,0.0141236894670105,0.037275813340148
"mmu-miR-18a-3p",184.815290748193,1.61646075298927,0.287984766989678,5.61300783331782,1.98839594495647e-08,2.85917623809257e-07
"mmu-miR-18a-5p",54.6679200040057,-0.406424100559184,0.350443036398657,-1.15974369111688,0.246153175926643,0.358901658606329
"mmu-miR-190a-3p",8.99873919653948,-1.02155101987774,0.698659806161765,-1.46215799287187,0.143697919897955,0.237938210988409
"mmu-miR-190a-5p",128.898742142208,-1.66019142648514,0.258331488976833,-6.42659333966844,1.30495306492479e-10,3.40103392546023e-09
"mmu-miR-190b-5p",32.1710144358325,-0.677017642906582,0.401759573076053,-1.68513132798064,0.0919632365889775,0.171199418114302
"mmu-miR-191-3p",21.3023851294484,0.697350749565647,0.450680409089791,1.54732874005782,0.121783994872251,0.209850933312928
"mmu-miR-191-5p",134305.461445292,0.524896881020125,0.253600892373156,2.06977537069458,0.0384733848182615,0.0844081582148163
"mmu-miR-1912-3p",40.0336439587929,-0.189816761548578,0.388078668138306,-0.489119287228973,0.624757247393825,0.729758465443207
"mmu-miR-192-5p",20626.8990378441,-0.88465082974986,0.18800494398452,-4.70546577659522,2.53286994987053e-06,2.29610167194785e-05
"mmu-miR-193a-3p",124.41493761925,-0.871205041556209,0.452379858098572,-1.9258263292668,0.0541260627116346,0.110100332442691
"mmu-miR-193a-5p",16.4522363638085,1.14130370419278,0.542002437112055,2.10571692310826,0.035228948926079,0.0789259356555979
"mmu-miR-193b-3p",303.352258484047,-1.15275972669636,0.301444572978697,-3.82411836214358,0.000131240859784604,0.000710745954937403
"mmu-miR-194-5p",587.288617544937,0.307120161165609,0.214638568218286,1.43087127218101,0.15246711177412,0.248354631288313
"mmu-miR-1941-3p",30.1035425546339,-0.0208746523892031,0.399936562734239,-0.0521949087287487,0.95837338965177,0.983317402813131
"mmu-miR-1941-5p",19.9044416460312,1.29062940505777,0.547838999914018,2.35585528825135,0.0184801153492692,0.0469523618400666
"mmu-miR-1943-5p",306.309160321571,1.23113403514599,0.263384285413276,4.67428811561108,2.94974990958203e-06,2.46009142459141e-05
"mmu-miR-1947-5p",53.7557644748244,0.730924587517757,0.343609358081717,2.12719639417949,0.0334037686156422,0.076116784222529
"mmu-miR-1955-3p",8.09897712147024,-0.387775030917422,0.666038797126584,-0.582210875087691,0.560424649038865,0.665803642875233
"mmu-miR-1955-5p",26.5968110183026,1.36800783553129,0.438444307736893,3.12014048623987,0.00180764805559586,0.00661218630862696
"mmu-miR-195a-3p",320.711289080881,-0.444160264075484,0.250411735098646,-1.77371984543981,0.0761095021324021,0.144262101769144
"mmu-miR-195a-5p",15159.7591919603,0.441991923644709,0.201911868309922,2.18903389555229,0.0285943764895891,0.0666137150623389
"mmu-miR-1964-3p",74.5825247252182,0.428688117569153,0.288530259711299,1.48576484836667,0.137341331008236,0.231867753159654
"mmu-miR-1968-5p",28.0447486726584,1.11477355885921,0.529879211772658,2.10382580424291,0.0353936450062274,0.0789259356555979
"mmu-miR-1981-3p",70.6009529090278,-0.0114700898724551,0.293022285300154,-0.0391440871492276,0.96877551142398,0.983317402813131
"mmu-miR-1981-5p",65.2895974240087,0.245171718667767,0.349729160646125,0.701033102915446,0.483282356895177,0.594744452806332
"mmu-miR-1982-3p",16.490026655385,0.166494407746671,0.496228132810865,0.335519888410134,0.737232944532922,0.824198761046189
"mmu-miR-199a-3p/199b-3p",34863.0108128541,-0.278539194937458,0.226656808673037,-1.22890283582553,0.219108238107168,0.330330609225894
"mmu-miR-199a-5p",4890.50151484347,0.178623160121833,0.198962733922662,0.897771942514946,0.36930714579142,0.481253374359445
"mmu-miR-199b-5p",580.876050089265,-0.679775729817715,0.243036865984887,-2.79700664778974,0.00515784720093836,0.0164184907083305
"mmu-miR-19a-3p",345.970363420698,-1.44276764756536,0.268673129409416,-5.36997373253059,7.87481114082867e-08,1.09459874857519e-06
"mmu-miR-19b-3p",2675.71714401838,-1.60739099653224,0.197475112317049,-8.13971430461347,3.96211708295274e-16,4.13050705897824e-14
"mmu-miR-1a-3p",6439.52723544885,1.05573425113958,1.07602440320629,0.981143409009815,0.326522026491063,0.441364843066186
"mmu-miR-200a-3p",10236.2819490342,-0.854269552881125,0.206849806949817,-4.12990258718673,3.62916973605154e-05,0.000222553497049043
"mmu-miR-200a-5p",154.976393652343,-0.864811855391347,0.256177540255236,-3.37583011582402,0.000735933456919007,0.00316375517046625
"mmu-miR-200b-3p",10482.3180427912,-0.882031108689859,0.171595050797233,-5.14018967675309,2.74461264883058e-07,3.17917631822876e-06
"mmu-miR-200b-5p",81.0437257779183,0.499057988824121,0.287619649880688,1.73513175831743,0.0827174702853675,0.15537470769819
"mmu-miR-200c-3p",2861.78502491533,-0.932194593756382,0.221887428135676,-4.20120509570457,2.65497929064334e-05,0.00016774641881792
"mmu-miR-203-3p",3819.59245160161,-0.757105149730183,0.197112408728546,-3.84098167443549,0.00012254326365224,0.000681340545906455
"mmu-miR-204-5p",139.825890920473,-0.326642490479469,0.310953954187479,-1.05045292423756,0.293509923880476,0.407978794193861
"mmu-miR-205-5p",164.786993667171,0.193720674174252,0.446407452608224,0.433954838886314,0.664321236078284,0.765254020565316
"mmu-miR-208a-3p",124.880125977181,1.16638257598074,1.33099712294267,0.876322387085266,0.380854797997924,0.494755298333752
"mmu-miR-208b-3p",455.345277937456,-0.871750620594947,0.321300475933118,-2.71319430219708,0.00666380207286443,0.0205837441806257
"mmu-miR-20a-3p",48.3582676265875,0.519969706519664,0.37075183113882,1.40247373808647,0.160773827407891,0.259855372205778
"mmu-miR-20a-5p",708.075650613347,-0.804170121579505,0.188169864242059,-4.27363927172223,1.92308070107618e-05,0.000125300726929495
"mmu-miR-210-3p",247.358438887122,-0.547196830393705,0.264631536404687,-2.06776878458244,0.0386617703094242,0.0844081582148163
"mmu-miR-210-5p",10.5134335987919,0.426826688992044,0.641400745945749,0.665460231672612,0.505756171463097,0.616667612573426
"mmu-miR-211-5p",69.4334850102262,1.24903732452137,0.444007015105302,2.81310268087801,0.00490659804921354,0.0158608634614112
"mmu-miR-212-3p",30.0368907446984,0.459928076668641,0.473786252804196,0.970750151458526,0.331672711194855,0.444515176262382
"mmu-miR-212-5p",46.6550536502845,1.13917033262428,0.391135119542556,2.91247263594375,0.00358579616562836,0.0121567235859108
"mmu-miR-214-3p",1038.67318909229,0.496422148392146,0.192754707739888,2.5754086850218,0.0100121706631801,0.028793621838249
"mmu-miR-214-5p",81.0210364991045,-0.581382648487542,0.299748113028107,-1.9395706702348,0.0524318882057095,0.107176947949906
"mmu-miR-215-5p",105.179283474779,-0.185973741048339,0.30912164923317,-0.601619917303362,0.54742716785699,0.655968761483807
"mmu-miR-218-1-3p",32.7269944166478,0.54176550155798,0.394345827658345,1.37383348208607,0.16949338398054,0.268740460531883
"mmu-miR-218-5p",975.224332561288,-0.665902337300899,0.193296030125034,-3.44498713641535,0.000571086568757498,0.0025885119475204
"mmu-miR-219a-1-3p",31.6839031392873,0.117445580301615,0.415867162325219,0.282411286442881,0.777628161749164,0.860135128513001
"mmu-miR-219a-5p",36.9905948220179,-1.10825112102984,0.420820063401619,-2.6335510528455,0.00844971315989438,0.0251680741976854
"mmu-miR-21a-3p",814.330487998577,0.754247473372668,0.769590013596159,0.980064008170015,0.327054523998684,0.441364843066186
"mmu-miR-21a-5p",87772.1155841834,-1.11874103036854,0.186766744407169,-5.99004407299399,2.09784179698688e-09,3.64500012226471e-08
"mmu-miR-22-3p",124614.203609179,0.776483990065774,0.174842345773994,4.44105223267524,8.95200603934169e-06,6.9129379970472e-05
"mmu-miR-22-5p",100.538336477918,-0.455465461745902,0.274166991647228,-1.66127023172779,0.0966591858293143,0.176784563556246
"mmu-miR-221-3p",6064.42143356926,-0.617699828878769,0.190194265872967,-3.24773108192094,0.00116329159600875,0.00470963684986068
"mmu-miR-221-5p",410.710976190077,1.10967349744106,0.219652508558852,5.05195003108166,4.37322123202039e-07,4.79903487829605e-06
"mmu-miR-222-3p",4177.34353413054,-0.334769219028818,0.281584131093751,-1.18887814355334,0.234487621988273,0.345517096710636
"mmu-miR-222-5p",21.2894925457687,0.0674467942316618,0.43521346615506,0.154974051762524,0.876841773829341,0.93514838794587
"mmu-miR-223-3p",990.450186994452,0.615358439997945,0.215252703224283,2.85877218162864,0.00425284090150172,0.0140748782216366
"mmu-miR-223-5p",36.5643227073028,1.66258831563845,0.386047430077463,4.30669442691235,1.65712278163642e-05,0.000113281999990556
"mmu-miR-224-5p",298.335339092407,0.76215838545095,0.246875117953358,3.08722236477045,0.00202036401724754,0.00726286030338126
"mmu-miR-23a-3p/23b-3p",44676.3599193188,0.465390306093553,0.187683620909377,2.47965327948498,0.0131510192445297,0.0353804840320573
"mmu-miR-23b-5p",6.84347669052678,0.222399518925376,0.718491875942028,0.309536581236613,0.756913389712249,0.843938191203229
"mmu-miR-24-1-5p",201.947209790134,0.159042652181038,0.22622202292259,0.70303788343127,0.482032141025759,0.594744452806332
"mmu-miR-24-2-5p",7174.06260775746,1.08160534478781,0.173801951675675,6.2232059787577,4.87097205038324e-10,1.01559767250491e-08
"mmu-miR-24-3p",97911.362474604,0.510552851142204,0.217223709154891,2.35035509304444,0.0187555089115169,0.0469523618400666
"mmu-miR-25-3p",8744.04447521487,-0.471522264437935,0.191289194573459,-2.46497072398337,0.013702444675286,0.0363943912713011
"mmu-miR-25-5p",17.5425933710048,1.02923218090393,0.520092708847771,1.9789398378303,0.0478227802618968,0.0992144247224425
"mmu-miR-26a-2-3p",41.0706451694928,-0.871644943962943,0.369501479924296,-2.35897551517663,0.0183254648359112,0.0468817106538342
"mmu-miR-26a-5p",1223373.28646437,0.985233902341929,0.209359714837117,4.70593830865908,2.52700933883335e-06,2.29610167194785e-05
"mmu-miR-26b-3p",112.253170326657,1.75963956714502,0.282070634787001,6.2382940658597,4.42368485376587e-10,9.70882412642299e-09
"mmu-miR-26b-5p",91485.3830342106,-0.399389588713339,0.19139236238148,-2.08675823707783,0.0369099940116387,0.0814363359939329
"mmu-miR-27a-3p/27b-3p",265693.925053683,0.341306123005251,0.168596318807463,2.0243984294522,0.0429291732325765,0.0914097777349436
"mmu-miR-27a-5p",70.675373715151,0.133677457309121,0.336891750131115,0.396796470252225,0.691517553849031,0.787876557254224
"mmu-miR-27b-5p",152.608515374454,0.0112036956331494,0.276033752719234,0.0405881364970071,0.967624242068043,0.983317402813131
"mmu-miR-28a-3p",476.695090926685,-0.449611960210376,0.323097253196967,-1.39156850069624,0.164053102952086,0.263115938196231
"mmu-miR-28a-5p/28c",812.269848406356,0.410458744076028,0.194788142547327,2.1072060070407,0.0350997264664448,0.0789259356555979
"mmu-miR-296-5p",10.361154483334,-0.641721507016376,0.615091415783618,-1.04329452590203,0.296811905615117,0.411197889174431
"mmu-miR-298-5p",31.4045328276615,1.25667178267695,0.401881371915,3.12697196361405,0.00176616769131053,0.00651762767501319
"mmu-miR-299a-3p/299b-3p",11.1371211741915,-1.35415433476677,0.669031350679355,-2.0240521365579,0.0429647876164243,0.0914097777349436
"mmu-miR-299a-5p/299b-5p",7.97075493264926,-2.1887906188897,0.761806337316875,-2.87315884847946,0.00406389724928964,0.0135571612236302
"mmu-miR-29a-3p",23126.4672073664,0.422470644554483,0.261630894662516,1.61475824596112,0.106363058498443,0.190357920145282
"mmu-miR-29a-5p",89.4000799967003,-1.19374718059876,0.27681083569315,-4.31250163169931,1.61417690806804e-05,0.000112185295110729
"mmu-miR-29b-2-5p",27.4726909103129,-0.874588209366582,0.396931777177557,-2.20337161107502,0.0275685674146809,0.0649496757735702
"mmu-miR-29b-3p",2171.36897003441,-0.033897370049205,0.289866526856922,-0.116941305423433,0.906906565694291,0.95500009569323
"mmu-miR-29c-3p",3264.19026933764,0.0509723236916752,0.256922751207967,0.198395523370429,0.842735619667881,0.917547659011766
"mmu-miR-29c-5p",134.594317565853,-0.942509941666057,0.248165566168589,-3.79790780895755,0.000145922573463204,0.000760621414176951
"mmu-miR-300-3p",132.449880212601,-0.480751877414846,0.255019127430514,-1.88516007508432,0.0594082292841552,0.119409713517225
"mmu-miR-301a-3p",2950.45804229301,-1.31518352528869,0.246995924390834,-5.32471751723161,1.01110044378441e-07,1.27766328805485e-06
"mmu-miR-301a-5p",7.39065939543237,0.00789755656817857,0.697107742686061,0.0113290329235881,0.990960932898027,0.993343050525185
"mmu-miR-301b-3p",23.4826045919752,0.251261077478667,0.459324099674282,0.547023501829847,0.584362586063494,0.688691560209022
"mmu-miR-3057-5p",89.1575452724849,0.46283832615405,0.334175993346642,1.38501369149503,0.166048280879821,0.264282950865974
"mmu-miR-3061-3p",24.6911680870675,0.0909443255505109,0.434158484469436,0.209472643755079,0.834079288790104,0.912889930250586
"mmu-miR-3061-5p",9.25923158451251,0.600018613577083,0.642702084551978,0.933587470772482,0.350516730786049,0.458198986638817
"mmu-miR-3066-5p",11.3885415303036,-0.985654354961251,0.582904980403784,-1.69093486605395,0.0908492432983289,0.169884011010776
"mmu-miR-3068-3p",191.123431808253,-0.146874343797154,0.242516553897998,-0.605626054949341,0.544763096696512,0.655968761483807
"mmu-miR-3068-5p",124.498243744904,-2.60467503927421,0.301873577657746,-8.6283637656665,6.22358710662786e-18,2.59523582346382e-15
"mmu-miR-3084-3p",94.1587501054742,1.38156064482166,0.352196321337267,3.92270038362684,8.75620143037667e-05,0.000514272675558742
"mmu-miR-3086-5p",35.5451288933286,-0.469854997266697,0.36546492769667,-1.28563635429517,0.198570002945968,0.307820413488732
"mmu-miR-30a-3p",9037.28265198495,-0.565212419637979,0.316367534053184,-1.78656897057889,0.0740071805757872,0.141564194037171
"mmu-miR-30a-5p",1766358.33692435,-0.350002380784281,0.169517120462706,-2.06470225443266,0.038951181150581,0.0845970965614182
"mmu-miR-30b-3p",541.922207610267,-0.278464755025824,0.190356557607478,-1.46285874532375,0.143506034560133,0.237938210988409
"mmu-miR-30b-5p",24091.8375052541,-0.671110716994444,0.202926530142392,-3.30716105244362,0.000942466900006267,0.00385302644414327
"mmu-miR-30c-1-3p",54.2638729021959,1.86869666108427,0.372521812445895,5.0163415903483,5.26646599521407e-07,5.29117748962591e-06
"mmu-miR-30c-2-3p",667.875695246857,0.0118752659766643,0.310312517428565,0.0382687301017369,0.969473422279075,0.983317402813131
"mmu-miR-30c-5p",66583.9439945928,-0.623302149688436,0.202828248919047,-3.07305394100804,0.00211880184949936,0.00754580067688823
"mmu-miR-30d-3p",1154.06917018453,-0.43692502736421,0.194637777933888,-2.24481101254978,0.0247802675041813,0.0597304713829111
"mmu-miR-30d-5p",408362.662859077,0.0219868854892692,0.17541631849666,0.125341163682487,0.900253465218116,0.951830222893094
"mmu-miR-30e-3p",2141.38854689446,-0.752956525338402,0.265135824400818,-2.8398898075732,0.0045129119913643,0.0148179866173143
"mmu-miR-30e-5p",96162.942467978,-0.800987479886781,0.182410435104819,-4.39112751102483,1.12764383591957e-05,8.297563370621e-05
"mmu-miR-31-3p",29.9133135282645,-1.22801855807737,0.391630362376523,-3.13565718098415,0.00171469514659357,0.00638417746544215
"mmu-miR-31-5p",1144.44487357515,0.854449610307899,0.210583649417998,4.05753064242828,4.95943118560877e-05,0.000299722145565052
"mmu-miR-3102-3p",253.908434406242,0.0471489468853016,0.247869864402815,0.19021653559579,0.849139454143344,0.922112375983788
"mmu-miR-3103-3p",9.70010966334121,0.177997274046704,0.660968136337727,0.269297813708458,0.787700514467281,0.868971202467873
"mmu-miR-3105-3p",18.1351897624796,0.162383391473658,0.479234884389164,0.33883883824658,0.734731141468712,0.823609908581863
"mmu-miR-3109-3p",13.0607745368231,1.58737995900324,0.591814136706797,2.68222717327498,0.00731337779044889,0.0222604272891766
"mmu-miR-32-3p",20.1286983984329,0.660279320302939,0.451682439643041,1.4618219845446,0.143789998007384,0.237938210988409
"mmu-miR-32-5p",238.21540176299,-0.728923881564241,0.227619632536421,-3.20237702451966,0.00136298481132078,0.0054650448684689
"mmu-miR-320-3p",2122.59961314768,-0.209852540586081,0.22003263109536,-0.953733723681799,0.340218445078351,0.448959150625545
"mmu-miR-322-3p",1767.94268028464,0.287789101098336,0.172227470075702,1.67098257305782,0.0947251200430311,0.175557222479751
"mmu-miR-322-5p",17018.3513484869,0.688191553153512,0.201588256422935,3.41384744014888,0.000640524313157621,0.0028115646167024
"mmu-miR-324-5p",350.172451511831,-0.539352116388133,0.206319704281051,-2.61415708338463,0.00894479012013521,0.0262179120268182
"mmu-miR-326-3p",711.587916610781,1.65468151572277,0.216125755642111,7.65610517268847,1.91656786299994e-14,8.88009776523304e-13
"mmu-miR-328-3p",5005.56995933665,1.43095088723529,0.186659736747406,7.66609292485879,1.77314749202934e-14,8.88009776523304e-13
"mmu-miR-329-3p",7.29034616968854,-1.75247672464576,0.751634362516008,-2.3315548251141,0.0197241226983874,0.0486683974273819
"mmu-miR-329-5p",17.8173814369379,-1.01601261599104,0.583200253349692,-1.7421333584055,0.0814851116786391,0.153752450542953
"mmu-miR-33-3p",24.8388952370472,-0.4578005240175,0.43269847498742,-1.05801279755102,0.290049607990012,0.404517346260318
"mmu-miR-33-5p",26.4805610843568,0.396126154295646,0.412642224610102,0.959974841813484,0.337067876917117,0.447634728262541
"mmu-miR-330-3p",91.2530549445637,0.455582287166643,0.288158470233444,1.58101299884596,0.113875065606683,0.198685783924631
"mmu-miR-330-5p",438.373671423165,0.970199353208403,0.22376902806611,4.335717778252,1.45285252071692e-05,0.000102684661209993
"mmu-miR-331-3p",90.9124017821109,-1.20527728485282,0.290290357180267,-4.15197148317387,3.29623343121546e-05,0.000205153632957738
"mmu-miR-331-5p",27.7549586124877,1.57116212710645,0.469514321312577,3.34635612970037,0.000818811581739457,0.00341444429585353
"mmu-miR-335-3p",395.778690345725,-1.44526340690227,0.252871703579687,-5.71540186759895,1.09445066132112e-08,1.6299497348961e-07
"mmu-miR-335-5p",1742.10478334306,-0.298246316239488,0.180238418113762,-1.6547322117044,0.0979788299671322,0.178415598673774
"mmu-miR-337-3p",13.7535580253328,-0.527685118139017,0.54592343534455,-0.966591803859782,0.333748133502976,0.444642082015147
"mmu-miR-337-5p",18.3727544935304,0.22427812336326,0.478293022362302,0.46891364263594,0.639131364317589,0.742389356324331
"mmu-miR-338-3p",3051.21108600081,0.910949868565158,0.284951003669073,3.19686492356801,0.00138929968399928,0.00551750445931144
"mmu-miR-338-5p",90.4008252239873,0.489010044856396,0.273412330938262,1.78854422248723,0.0736882476141564,0.141564194037171
"mmu-miR-339-3p",205.067583734197,0.312089341155683,0.245958189051282,1.26887151982817,0.204486891551731,0.314653261170006
"mmu-miR-339-5p",526.390406718031,0.569395636082598,0.197843738119282,2.87800686286721,0.00400196432819921,0.0134582187488635
"mmu-miR-340-3p",185.483351031013,1.241500422139,0.232388388475209,5.34235135535372,9.1748599302404e-08,1.23416664222911e-06
"mmu-miR-340-5p",2872.70753130665,-1.00524474526624,0.198135479223475,-5.0735221637536,3.90518965278553e-07,4.40125428435558e-06
"mmu-miR-342-3p",3252.3166981036,0.541201563230387,0.210358384015731,2.57275965378169,0.0100891244383492,0.0288161978821343
"mmu-miR-344-3p",29.0364334285108,-1.01396082257293,0.499573790489347,-2.02965175891178,0.0423919497410275,0.0911208404227241
"mmu-miR-344d-3p",14.5766581142785,0.387683126932193,0.548890797690994,0.706302835760866,0.479999830312508,0.594744452806332
"mmu-miR-345-3p",354.04913680864,0.136780670732484,0.347848507138427,0.393219082231253,0.694157676980335,0.788729567577111
"mmu-miR-345-5p",254.849338757476,-1.16410978798501,0.232168944241019,-5.01406332268336,5.32924351473114e-07,5.29117748962591e-06
"mmu-miR-3470a",140.063863425528,0.0333773668189112,0.357893512531117,0.0932606086733946,0.925696525374116,0.969888068042729
"mmu-miR-3470b",504.626653190723,-1.17591454389314,0.332059460348937,-3.54127704314601,0.000398195233380935,0.00190859094620517
"mmu-miR-34a-5p",1121.49932300898,-1.04807369624569,0.174124197550309,-6.01911572883415,1.75372457194845e-09,3.17957889783697e-08
"mmu-miR-34b-3p",2273.30762970311,1.1008137598655,0.177589850704838,6.19862990760153,5.69567841177654e-10,1.13099899890991e-08
"mmu-miR-34b-5p",1741.7260355622,-1.02320999856809,0.29091104695934,-3.5172607202885,0.000436025274032907,0.00206616521899685
"mmu-miR-34c-3p",696.28089171651,0.50243837591175,0.210952592253497,2.38175966715774,0.017230138338083,0.0446271284905627
"mmu-miR-34c-5p",53116.4186105698,-0.326183669036524,0.200902495472369,-1.62359192338347,0.104462930332125,0.18857593917098
"mmu-miR-350-3p",116.907138625333,0.324106520970861,0.282421197862507,1.14759983819857,0.251133796616501,0.363620809684309
"mmu-miR-350-5p",63.5392768169443,0.331943350638811,0.313547452546354,1.05867022022683,0.289749994754301,0.404517346260318
"mmu-miR-351-3p",32.4553181314439,1.41068322415957,0.406142802553009,3.47336753302542,0.000513971005960834,0.0023813989942852
"mmu-miR-351-5p",39691.8048680841,0.0714229481375813,0.280799961669461,0.254355263130896,0.799221109432773,0.877040006930174
"mmu-miR-3535",243.636680150952,0.608147611554016,0.238878976998744,2.5458398189524,0.0109015199420422,0.0302699108614543
"mmu-miR-361-3p",868.427480731891,-0.299075423472217,0.215340101105781,-1.38885150483561,0.164877909683763,0.263425625816586
"mmu-miR-361-5p",1463.73712546673,0.374540615124322,0.207685403933283,1.80340364816701,0.0713248451008398,0.13948582782616
"mmu-miR-362-3p",84.0066612508089,-0.85841999543278,0.306340790838979,-2.80217333474206,0.00507595930954914,0.0162821156313999
"mmu-miR-362-5p",60.0409561966919,0.406541606406502,0.309996183880105,1.31144068071411,0.189708922424546,0.296286968730471
"mmu-miR-365-3p",1376.34336238831,-0.435663556957768,0.222553181434306,-1.95757056425801,0.0502804241866433,0.103285403378474
"mmu-miR-369-3p",15.1895128943337,-1.20583201816518,0.565205693351402,-2.13343926352753,0.0328887090506246,0.0753548993082993
"mmu-miR-374b-5p",980.092727046775,-0.271454614584431,0.264112398449913,-1.02779958902956,0.304044109640775,0.418436942970967
"mmu-miR-375-3p",5757.61014485543,-0.235130590204465,0.209115381853615,-1.12440600074585,0.26084082751888,0.372502140669086
"mmu-miR-376b-5p",50.3951451534485,0.49380655920656,0.331869264113814,1.4879550853411,0.136762738969275,0.231829520935722
"mmu-miR-376c-3p",11.5157387085283,-0.578427317106425,0.573191040713838,-1.0091353074641,0.312909747037699,0.426416223904316
"mmu-miR-378a-3p/378b/378c",9913.04848018183,-0.687052562857918,0.219039320449796,-3.13666314087835,0.00170882337598257,0.00638417746544215
"mmu-miR-378a-5p",108.0541052026,0.149045396986602,0.324673883577693,0.459061860301849,0.646189744177696,0.748503120339164
"mmu-miR-379-3p",9.70328782933198,-0.945601551715713,0.621918483216868,-1.52045899460102,0.128395657094195,0.219430282820817
"mmu-miR-379-5p",100.770120544088,0.280071826953957,0.37338027080051,0.750098087275731,0.453195631426054,0.564127099416909
"mmu-miR-381-3p",131.872541351535,-0.673653383622222,0.405039656910297,-1.66317883231719,0.0962766435067743,0.176784563556246
"mmu-miR-382-5p",8.15746800309896,0.808651068616354,0.703932164891855,1.14876277707893,0.250653811975539,0.363620809684309
"mmu-miR-409-3p",40.1094333319244,-1.28724507149881,0.361223919567921,-3.56356542788902,0.000365851451625871,0.001816191134857
"mmu-miR-410-3p",91.9220132658141,-0.784035248659542,0.37010790646411,-2.11839637836965,0.0341415123413204,0.0773750578604924
"mmu-miR-411-3p",10.4605292839668,-1.40039601252651,0.629370101924346,-2.2250755290801,0.0260761682025808,0.0624452230370506
"mmu-miR-411-5p",139.163920196838,-0.951486481360028,0.249975981956484,-3.80631160607128,0.000141054647094301,0.000744554276434475
"mmu-miR-423-3p",2876.618881056,1.5448132018564,0.354770415302021,4.35440255225701,1.33430318245503e-05,9.59317977730602e-05
"mmu-miR-423-5p",5737.11820558338,2.05366211162054,0.262815274704271,7.81408962599831,5.53616930000101e-15,3.8476376635007e-13
"mmu-miR-425-3p",360.033163228303,-0.17428974336089,0.213307021037293,-0.817083950229742,0.413880454297457,0.534328636043466
"mmu-miR-425-5p",4287.69646285159,0.585257442336556,0.240877609930984,2.42968801668301,0.0151118246276852,0.0396105069896786
"mmu-miR-429-3p",4802.38414935561,-0.669565418782744,0.216644756783485,-3.09061446362123,0.00199742800193036,0.00724284762439096
"mmu-miR-431-5p",11.2755532913401,-0.367498488834561,0.569046179776669,-0.64581487741257,0.518399251887867,0.630240489904491
"mmu-miR-434-3p",161.844953860453,0.239967239257993,0.317106041772642,0.756741303056105,0.449204864660307,0.560833618453138
"mmu-miR-434-5p",146.819998922744,0.57470391851994,0.323062318677431,1.77892587681749,0.0752519150389562,0.143287893019382
"mmu-miR-449a-5p",2760.01688238035,-0.364581979017739,0.22888544575909,-1.59285784995467,0.111192083853969,0.196470758335192
"mmu-miR-449c-5p",119.821003692045,-0.115130026431011,0.387319955837904,-0.297247855928171,0.766277288263082,0.852100344548548
"mmu-miR-450a-1-3p",8.05816126439268,-0.954239657312188,0.696032999926178,-1.37096898769656,0.170384623765213,0.26913025799278
"mmu-miR-450a-5p",568.889855188964,-0.182278741403258,0.239683368432925,-0.760498079591486,0.446956916739233,0.560833618453138
"mmu-miR-450b-3p",15.4418518177386,-1.5718544201108,0.533119713626921,-2.94840798404763,0.00319415213142009,0.0109177167114933
"mmu-miR-450b-5p",955.408386788359,-0.579032530121054,0.210617093940561,-2.74921906521256,0.00597374468911365,0.0185899368310477
"mmu-miR-451a",22120.2030905903,-0.537276172077351,0.215771939248813,-2.49001873898812,0.0127736360239054,0.0345883520907049
"mmu-miR-455-3p",349.540981956561,1.83787291269624,0.266390344755534,6.89917239449068,5.23063645515059e-12,1.81764616816483e-10
"mmu-miR-455-5p",102.199959887455,-1.48923268325382,0.317749401881867,-4.68681506380139,2.77489500872786e-06,2.36149228293779e-05
"mmu-miR-466c-5p",7.24999958984206,0.775984035477052,0.716964173523317,1.0823191229538,0.279110751647656,0.394164022278672
"mmu-miR-467a-5p/467b-5p",21.1605926208584,1.22627343188236,0.463837720788215,2.64375529829379,0.00819919075464998,0.0245975722639499
"mmu-miR-467b-3p",5.29152151066192,0.0734660476905537,0.929381050422363,0.0790483598273998,0.936994157797166,0.979264570930873
"mmu-miR-467d-5p",8.91424772313158,0.896695240773859,0.683091240216557,1.31270200521029,0.189283381669082,0.296286968730471
"mmu-miR-467e-5p",24.786717461459,0.33034668457267,0.411042938552837,0.803679259728254,0.421582235195015,0.539263165878286
"mmu-miR-484",4127.01035491361,0.329907280864456,0.236253013196446,1.39641512461954,0.162589523158783,0.261775409873407
"mmu-miR-486a-3p/486b-3p",71.1712030223385,-0.0210834493365447,0.357270490200008,-0.0590125686695861,0.952942097208855,0.983317402813131
"mmu-miR-486a-5p/486b-5p",367375.796009541,-0.445782835245766,0.23901001652013,-1.86512197997451,0.062164308298093,0.124031179714377
"mmu-miR-489-3p",21.2130302188879,-0.551274185688937,0.482665483929518,-1.14214544864666,0.25339356665352,0.364918271237104
"mmu-miR-490-3p",900.4263870291,-0.245999389441001,0.362009474854727,-0.679538538431127,0.496796697665196,0.607519715326647
"mmu-miR-490-5p",18.7332543085587,1.15459344162674,0.487402668681022,2.36886975763023,0.0178425354020441,0.0459280077941506
"mmu-miR-491-5p",8.57167242737716,0.51791229013548,0.662297931396096,0.781992915248493,0.434218737249448,0.549151626569388
"mmu-miR-497a-3p",39.9949170393923,-0.512300535565994,0.352651144177071,-1.45271196201978,0.146303744334415,0.241140954100598
"mmu-miR-497a-5p",2184.39876108934,0.4152320061521,0.249425970579197,1.66475048764121,0.0959625457313977,0.176784563556246
"mmu-miR-499-5p",5.77544256539213,0.435893439114243,0.797444328405179,0.54661300304937,0.584644633846508,0.688691560209022
"mmu-miR-500-3p",100.368441129064,-1.11634500193782,0.259637825079093,-4.29962391495827,1.71088194128799e-05,0.000115070607986628
"mmu-miR-501-3p",373.339369731276,0.617352161695786,0.223985564355559,2.75621405991946,0.00584747147182898,0.0183338015319751
"mmu-miR-501-5p",6.15471123468648,0.637032265603235,0.798173428803199,0.798112593848705,0.42480515374484,0.541724003399383
"mmu-miR-503-3p",188.608037155011,0.432679085028421,0.217136178230604,1.99266234007722,0.0462984338374371,0.0970173211568405
"mmu-miR-503-5p",23.948004098398,-0.659763134110669,0.417161478363074,-1.58155335123357,0.113751570451978,0.198685783924631
"mmu-miR-505-5p",11.0713796433278,1.50180200724333,0.638165161871247,2.3533124290892,0.0186069928017108,0.0469523618400666
"mmu-miR-511-3p",31.2281488673451,-1.01591472165074,0.418481846972726,-2.42761957059741,0.015198276063186,0.0396105069896786
"mmu-miR-5114",40.2151053035661,0.393490741384221,0.34984827913639,1.12474682555411,0.260696333057018,0.372502140669086
"mmu-miR-532-3p",51.7576988978351,0.440641748407566,0.35351876834002,1.24644513352612,0.212601020275959,0.322380456200273
"mmu-miR-532-5p",1473.25581425304,-1.12300330774222,0.236067241611008,-4.75713317984501,1.96361628995847e-06,1.86097271116519e-05
"mmu-miR-540-5p",12.1943535809534,0.0164246605621135,0.639568900891479,0.0256808305394768,0.979511913828113,0.986609826247157
"mmu-miR-541-5p",1775.55240773779,-0.747202062245361,0.209406126830493,-3.56819579997387,0.000359447857949658,0.00180590068391575
"mmu-miR-542-3p",1930.67431845283,-1.52908156766071,0.22362757902205,-6.83762519071915,8.05167187108879e-12,2.23836478016268e-10
"mmu-miR-542-5p",70.4765142773779,1.0764622690265,0.341014313947428,3.15664834289757,0.00159593686590695,0.00605005157348361
"mmu-miR-5615-3p",19.0037048862604,-0.843612640459303,0.470023619109889,-1.79483031524437,0.0726807392205219,0.140314204884063
"mmu-miR-5709-5p",12.5396529991239,-0.0292129229358069,0.553884509189354,-0.0527419027814335,0.957937551877007,0.983317402813131
"mmu-miR-574-3p",481.297673675749,0.33447377632251,0.273539606349913,1.22276178132189,0.221419684525082,0.332129526787623
"mmu-miR-574-5p",165.044709250808,0.226367873549841,0.238021661503421,0.95103896057203,0.341584598470105,0.449339992309255
"mmu-miR-582-3p",550.36232082986,-1.08393691612918,0.822002652004636,-1.31865379446862,0.187284880571667,0.294708661125982
"mmu-miR-582-5p",266.086820637788,-1.03034580029356,0.307732416968879,-3.34818739748748,0.000813419887156696,0.00341444429585353
"mmu-miR-598-3p",51.2184178082309,-1.08279936886395,0.382069899526881,-2.83403474129939,0.00459643347076503,0.0149743184164767
"mmu-miR-6516-5p",44.0768531731677,0.726770075919211,0.383647322570704,1.89437025403786,0.0581758818581126,0.117763799683655
"mmu-miR-652-3p",2562.12278003784,0.309092989692133,0.188926365990084,1.63605004559478,0.101829113833905,0.184620610733644
"mmu-miR-653-5p",94.7086701543466,-1.34202665981216,0.334153663516607,-4.01619615864382,5.91450321413151e-05,0.00035233540575612
"mmu-miR-6540-5p",11.8257411268863,0.305241075192061,0.580477825651827,0.525844505514575,0.598996249164679,0.702135914368058
"mmu-miR-664-3p",436.451964236943,-0.63953884645503,0.239573888279097,-2.66948477168758,0.00759677178858387,0.0229554625785469
"mmu-miR-664-5p",70.2936275757888,-0.107397482991856,0.300551744173371,-0.357334419360096,0.720841465680845,0.814609461216565
"mmu-miR-668-3p",8.95079503791469,0.704614326564301,0.681083445603545,1.03454918940205,0.30087949353034,0.415452810603152
"mmu-miR-669a-3p/669o-3p",42.0443529821683,0.00469211986222036,0.329620985203438,0.0142348942356459,0.988642581229163,0.993343050525185
"mmu-miR-669a-5p/669p-5p",34.980692383939,0.782468221046432,0.390115188445893,2.00573636767018,0.0448843828894032,0.0945292306307129
"mmu-miR-669b-5p",12.6440025641787,0.629121923733393,0.551273364022087,1.14121589177341,0.253780092706859,0.364918271237104
"mmu-miR-669c-5p",30.7584968873493,0.481488680477448,0.38188896207379,1.26080805756416,0.207378010054364,0.317928787473051
"mmu-miR-669d-5p",8.97778643700147,-0.851390186634794,0.666104747064999,-1.27816261689502,0.20119209421641,0.310730012178678
"mmu-miR-671-3p",441.798588728394,0.89304207774551,0.24904150948378,3.58591657911418,0.000335896330546187,0.00170815572972878
"mmu-miR-671-5p",93.2896801957089,-0.348399511281361,0.278330887521798,-1.25174577059499,0.210662516174235,0.321781206024381
"mmu-miR-672-5p",98.6588800545951,0.0122414193796372,0.286382843690599,0.0427449466660876,0.96590485003335,0.983317402813131
"mmu-miR-673-3p",11.559060946479,-0.374328402048513,0.621345848354269,-0.602447739918083,0.546876140112004,0.655968761483807
"mmu-miR-673-5p",35.3302027506827,-0.412988458519245,0.382117011704663,-1.08079055856964,0.279790289195412,0.394164022278672
"mmu-miR-674-3p",114.895987179908,0.500545672225403,0.276319998781598,1.81147102791149,0.070067969866927,0.137822374691078
"mmu-miR-674-5p",153.041712349982,0.982421354318939,0.253984915789959,3.86803031693182,0.000109718026410729,0.000635450236295475
"mmu-miR-676-3p",1029.7900921038,0.59110486499327,0.319692781544682,1.84897782845514,0.0644610142786189,0.128001156924686
"mmu-miR-676-5p",51.8940894627108,-0.796295116099848,0.379718806805232,-2.09706525415343,0.0359877992612053,0.0798240015527799
"mmu-miR-677-5p",47.9403365053802,-1.43094273225479,0.41360318632055,-3.45969948874085,0.00054077853982092,0.00247807308906949
"mmu-miR-690",30.0337024009285,0.0367775044977819,0.508466188975237,0.0723302852681381,0.942339063650722,0.982388473855877
"mmu-miR-6952-3p",21.9641655610023,1.67835072410225,0.531523291555101,3.15762404163292,0.00159060549505403,0.00605005157348361
"mmu-miR-700-3p",59.0668867449916,0.483619061044981,0.304912812828371,1.58608966464522,0.112718971049733,0.198328316150797
"mmu-miR-700-5p",101.960373397457,-1.61493411882437,0.254936943832843,-6.33464140012305,2.37893912917247e-10,5.5112089825829e-09
"mmu-miR-7010-5p",4.53379948323735,-0.03173886949928,0.900711974816755,-0.0352375347354932,0.971890332414207,0.983317402813131
"mmu-miR-702-3p",17.1961995142494,-0.237260229550479,0.496753732555238,-0.477621432918165,0.632919673239504,0.737227664080651
"mmu-miR-7043-3p",39.1802407110174,0.296601433036708,0.381410037060752,0.777644540564267,0.436778595417586,0.550261855858409
"mmu-miR-708-5p",57.8534857560669,-0.595687720148568,0.485068019631143,-1.2280498735034,0.219428246416241,0.330330609225894
"mmu-miR-7219-3p",9.14442479917777,0.23133007335054,0.658376685726614,0.351364315240346,0.725315050138762,0.817449664615848
"mmu-miR-7226-3p",91.5314284056862,-0.520908411989242,0.334665681254249,-1.55650382207402,0.119588334511855,0.206922553906404
"mmu-miR-744-3p",49.1729494556336,-0.309878704244732,0.328535360436047,-0.943212638765724,0.345572149986493,0.453155932529458
"mmu-miR-744-5p",1143.8702064978,0.297086043939721,0.20042761875395,1.48226100667509,0.138270859397811,0.232495759551964
"mmu-miR-764-3p",13.6400916285387,0.0382749752432716,0.576860190142965,0.0663505228776245,0.947098760370819,0.982438266354805
"mmu-miR-7655-5p",7.00284817921109,-0.632054898994622,0.74129779269021,-0.852632916524491,0.393862902713532,0.510064690781188
"mmu-miR-7668-5p",7.43260429788301,0.0328125650322427,0.767993148443563,0.0427250752155037,0.965920690685623,0.983317402813131
"mmu-miR-7688-5p",27.9458340402645,-0.293304414091492,0.387254675654903,-0.757394119504103,0.448813778114819,0.560833618453138
"mmu-miR-7a-1-3p",88.6581899174998,-0.0776756127954019,0.292705881056602,-0.265370864825163,0.790723778293717,0.870004790365383
"mmu-miR-7a-5p",1201.28871973231,-0.587248089270763,0.271431145418568,-2.16352507508002,0.0305008172610433,0.0702698386621826
"mmu-miR-7b-5p",32.0583492050081,-0.601040311978982,0.428505625711619,-1.40264275639517,0.160723395156721,0.259855372205778
"mmu-miR-8111",22.7665590391007,0.868382873041086,0.482530846352762,1.79964219822382,0.07191715343555,0.13948582782616
"mmu-miR-8112",208.722499156684,1.76031604798436,0.275212149126674,6.3962148966546,1.59275803258478e-10,3.9069417622815e-09
"mmu-miR-8114",86.1116084227207,0.405020955704283,0.281456328587289,1.43901882660518,0.150145188729582,0.245531543922493
"mmu-miR-872-3p",756.611355851114,0.0339766071749801,0.233784766875057,0.145332853073094,0.88444807707732,0.940200261923651
"mmu-miR-872-5p",977.387962706378,0.63847446185389,0.209431948858796,3.04860106269825,0.00229909566775003,0.00805649490295599
"mmu-miR-874-3p",264.837756177063,0.392589885427408,0.250741446752165,1.56571596165131,0.117415127819811,0.204008784586921
"mmu-miR-877-5p",54.3140095426714,1.75884932825213,0.374589962642695,4.69539897930961,2.66086845875156e-06,2.31162947354041e-05
"mmu-miR-879-5p",584.846062961862,-0.234572981256147,0.210119130897808,-1.11638088475738,0.264259132201735,0.376095761529432
"mmu-miR-9-5p",31.7836591452945,-0.918354353658002,0.396604059174687,-2.31554451451922,0.0205831513705478,0.050194000710634
"mmu-miR-92a-1-5p",80.4925609598231,0.339749080339303,0.346087741159156,0.981684815536596,0.326255148324433,0.441364843066186
"mmu-miR-92b-3p",35525.3149893909,-0.174261504043807,0.216160761815494,-0.806166218976181,0.420147013932683,0.539080937876704
"mmu-miR-92b-5p",22.1231245285534,0.445435708502918,0.459725628987672,0.968916415392761,0.332586894469696,0.444515176262382
"mmu-miR-93-3p",24.8954799607562,0.192872232864244,0.423143215235052,0.45580840226188,0.648527761546448,0.749130405996866
"mmu-miR-93-5p",7538.70697261871,-0.113923023073569,0.193707813641635,-0.588117850962532,0.556453192039994,0.662974231659078
"mmu-miR-96-5p",788.224640256729,0.71815052532149,0.216202828259372,3.32165185397087,0.000894862733437563,0.00369463128557885
"mmu-miR-98-3p",49.4435436301436,-2.99450729174336,0.388441483196047,-7.7090306295428,1.26776987313624e-14,7.55228624425446e-13
"mmu-miR-98-5p",4154.22188094776,-0.0966679133486034,0.279006758190034,-0.346471583612186,0.728988336274658,0.819375030260195
"mmu-miR-99a-3p",330.766007527765,-1.22977328891295,0.261608757123646,-4.70081086900205,2.59130438101643e-06,2.299093461455e-05
"mmu-miR-99a-5p",9702.9186825125,0.332173227497459,0.207999552440297,1.59699010695133,0.110267912481777,0.195666891510217
"mmu-miR-99b-3p",243.019459372229,-0.639679676713019,0.24508603032079,-2.61002096233617,0.00905366746249838,0.0262179120268182
"mmu-miR-99b-5p",101301.070886328,0.657900292119389,0.244472719715005,2.69109900231952,0.00712170570453469,0.0218364064616983
