DISTINCT_MIRNA_HAIRPINS_ACCUMULATED_COUNT	Lung_M1_*	Lung_F1_*	Lung_F2_*	Lung_M2_*	Lung_F3_*	Lung_M3_*
0	0	0	0	0	0	0
1	25	4	8	19	8	2
2	25	4	8	19	8	2
3	25	8	8	29	13	3
4	25	12	8	29	14	3
5	26	12	11	29	25	4
6	38	12	12	29	25	6
7	42	12	12	30	29	6
8	42	13	14	30	29	7
9	48	13	14	32	44	16
10	48	14	14	32	52	16
11	50	14	15	39	54	16
12	50	14	16	39	54	16
13	52	15	16	45	55	19
14	55	15	17	50	55	19
15	64	16	17	50	55	21
16	88	17	19	53	55	21
17	94	19	23	55	66	23
18	94	19	27	62	87	25
19	97	19	27	72	111	36
20	107	19	27	72	118	36
21	107	19	27	72	118	45
22	113	19	27	72	150	45
23	133	20	28	72	150	46
24	133	31	30	72	152	60
25	156	35	34	98	180	60
26	168	35	34	124	180	67
27	211	38	40	135	192	70
28	211	40	53	143	197	70
29	211	41	53	145	197	70
30	211	45	53	155	197	71
31	215	46	56	164	197	71
32	215	63	56	172	203	77
33	230	73	58	175	203	81
34	263	78	62	180	214	83
35	265	78	62	180	240	83
36	265	81	66	184	241	86
37	289	81	66	197	252	91
38	289	82	66	201	252	91
39	344	83	75	201	252	102
40	344	83	83	207	299	102
41	417	104	83	218	299	103
42	417	111	91	257	299	108
43	417	111	95	273	299	108
44	440	124	124	273	302	108
45	458	133	153	303	302	111
46	458	133	159	306	395	124
47	527	142	162	310	395	157
48	527	148	162	338	395	170
49	532	200	162	338	416	172
50	544	231	162	339	416	172
51	551	231	167	365	445	172
52	551	241	172	365	477	172
53	551	241	172	416	477	176
54	689	245	176	416	477	183
55	744	273	193	416	516	183
56	744	273	194	529	533	190
57	755	273	203	559	558	190
58	758	280	208	677	598	197
59	763	280	214	717	598	197
60	763	285	214	850	604	207
61	764	285	224	1003	668	215
62	830	285	224	1003	684	215
63	971	285	237	1155	720	215
64	971	287	237	1172	942	263
65	997	308	239	1309	955	263
66	1032	441	239	1375	956	263
67	1146	441	247	1523	956	308
68	1167	520	254	1591	995	312
69	1167	532	254	1612	1099	330
70	1186	532	294	1664	1172	330
71	1386	622	371	1670	1178	386
72	1521	690	420	1835	1178	471
73	1521	732	420	1878	1337	471
74	1596	761	433	1878	1389	538
75	1601	779	476	1930	1417	543
76	1608	803	494	1975	1417	578
77	1767	877	557	2422	1582	578
78	1778	895	612	2703	1918	595
79	1806	911	619	2793	2000	601
80	1849	914	654	2801	2044	629
81	1849	914	734	2868	2056	686
82	1876	926	753	2868	2156	712
83	2000	969	753	3098	2156	778
84	2000	969	821	3218	2156	792
85	2000	969	836	3287	2183	803
86	2013	976	836	3287	2262	859
87	2117	976	836	3365	2262	869
88	2212	1044	883	3365	2422	869
89	2295	1195	892	3365	2442	871
90	2295	1231	901	3419	2632	889
91	2295	1363	901	3419	2632	919
92	2325	1403	914	3419	2693	1002
93	2434	1443	947	3505	2803	1002
94	2483	1443	954	3653	2978	1002
95	2599	1452	976	3911	3027	1027
96	2955	1473	1059	4208	3027	1093
97	3077	1497	1099	4208	3051	1106
98	3088	1583	1116	4411	3051	1110
99	3230	1670	1116	4411	3051	1110
100	3325	1791	1116	4411	3641	1171
101	3325	1791	1136	4424	4606	1214
102	3486	1915	1136	4424	4966	1218
103	3563	1922	1212	4727	5140	1218
104	3838	1966	1232	4727	5239	1312
105	4411	2029	1257	4738	6026	1403
106	4697	2029	1257	4774	6318	1403
107	4881	2077	1274	4782	6983	1506
108	5053	2077	1283	5117	6983	1609
109	5371	2179	1440	5233	6996	1622
110	5624	2230	1475	5277	7107	1772
111	5721	2230	1729	5284	7340	1842
112	5765	2230	1805	5897	7342	1842
113	6559	2246	1856	5897	7451	2160
114	6701	2283	1856	6288	7739	2160
115	6701	2423	1983	6288	7739	2160
116	6701	2744	2002	6288	8678	2231
117	7477	2744	2088	6495	9070	2231
118	7477	2780	2356	6495	9369	2236
119	7508	2780	2514	7007	9369	2308
120	7727	2843	2570	7380	10012	2431
121	7898	2857	2610	7935	10392	2455
122	8849	2922	2623	8601	10423	2455
123	9272	2993	2683	8601	10537	2455
124	9565	3174	2827	9126	11114	2465
125	10079	3425	2827	9660	11118	2474
126	10161	3610	2876	9753	12834	2533
127	10172	3859	3018	9885	12976	2563
128	10210	3963	3018	10464	13220	2839
129	10235	4078	3018	10505	14453	2876
130	11410	4094	3068	10888	16257	2948
131	11410	4636	3890	11642	16302	2995
132	11658	5027	3966	13387	16350	2998
133	11658	5178	3979	13717	17300	3307
134	12108	5298	4100	14219	17944	3437
135	12488	5307	4100	14219	17963	3619
136	12851	5399	4329	14560	17963	3619
137	12903	5559	4609	14560	17963	3707
138	16415	5573	4908	14772	17981	3775
139	17464	5898	5008	14943	18009	3879
140	17464	5951	5262	14943	18009	3964
141	18008	5951	5285	15193	18009	4044
142	18642	5970	5455	15768	18747	4044
143	19237	6026	5455	16139	18747	4199
144	19644	6026	5880	16711	19105	4220
145	19838	6157	6011	17432	19272	4220
146	20968	6165	6205	17432	19755	4452
147	21124	6323	7517	17459	21493	5129
148	21546	6323	7782	17482	23405	5209
149	22709	6323	7991	18247	24473	5248
150	22988	6357	8028	18466	24813	5257
151	23235	6644	8222	19243	24957	5846
152	23836	6749	8698	19890	25074	5868
153	24349	7067	8766	20026	25074	5963
154	24349	7240	9135	20561	25125	7193
155	24517	7245	9135	20800	25125	7333
156	25360	7530	9255	20898	25125	7717
157	25846	8352	9285	21579	25334	7789
158	26360	8438	9285	22263	25712	7944
159	26688	8699	9309	22573	29302	8133
160	26845	8914	9953	22573	29491	9113
161	28147	9382	10409	23001	29491	9113
162	28147	9382	10409	23038	30551	9152
163	28147	9480	10452	23376	30570	9358
164	29180	9697	10820	24255	32070	9460
165	29231	9925	10958	25268	33344	9460
166	32657	9925	11722	25883	33789	9756
167	32657	9966	11722	27319	33789	10006
168	34256	10482	11863	27319	33891	10006
169	35341	10507	13441	27319	34454	10006
170	35675	11066	13869	27998	35293	10249
171	35693	11066	13869	28393	36003	10930
172	36845	11066	14007	30205	36003	10964
173	38258	11244	14043	30205	37717	10964
174	38394	11316	14390	30205	38065	10964
175	38557	12194	15796	30809	38515	11338
176	38561	12423	16459	32849	38987	11919
177	41040	12509	17196	33077	39361	12163
178	44581	12509	17196	34167	39394	12544
179	44634	13389	17572	34968	39561	12834
180	49310	13417	17572	36164	39772	12834
181	49310	13631	18001	36681	39827	13084
182	49724	14149	18147	36942	41418	13612
183	50052	14774	18541	37662	42578	15339
184	50056	14774	18614	39967	42578	15681
185	50203	14912	19225	41524	42578	15702
186	52270	15262	20949	42801	42736	15850
187	52738	15262	22909	42801	42736	16063
188	53606	15266	23112	43380	43347	16560
189	54990	15572	23628	46722	43347	17091
190	54990	15752	25069	46745	46582	18747
191	54990	16014	25542	46745	47385	19428
192	54990	17502	26532	47467	47807	20066
193	54990	17895	26608	47467	48182	20168
194	54990	18248	27167	48509	48182	20210
195	54990	19390	27496	48509	49766	20901
196	54990	19684	29541	52620	49808	21697
197	54990	20534	29694	52805	49808	21697
198	54990	20786	30019	58761	49928	22066
199	54990	21480	30894	61134	51585	22434
200	54990	21886	32038	63735	52097	23408
201	54990	22742	32549	68383	56017	23408
202	54990	22742	32750	68470	58481	26107
203	54990	22742	34687	68928	59422	26761
204	54990	22847	34953	75475	62236	27964
205	56244	23484	35307	81030	62524	28738
206	56339	27787	35513	83515	62524	28965
207	56770	28116	35874	85988	62627	29237
208	56770	29481	37121	85988	63915	29293
209	56770	31198	37725	88405	64970	29396
210	57949	32205	37798	88561	65416	30411
211	57949	34926	37914	91210	72068	30558
212	60208	35485	37946	91270	74614	31820
213	63051	36566	37946	98902	74633	33076
214	63555	37381	39767	104639	77274	33144
215	66888	39030	39767	110725	77274	34858
216	72412	39751	39767	113569	77607	35769
217	72517	40032	42521	115649	79090	36355
218	72949	42242	43197	116185	81137	36884
219	73237	44166	43524	119369	81377	37031
220	73794	47722	44731	122223	83699	38744
221	74707	47919	46533	131027	85270	39416
222	77662	48895	46894	131540	87736	40658
223	78225	51038	48452	131603	93180	40658
224	79183	54980	49472	137028	102348	41470
225	82508	55430	49733	137488	103075	42497
226	82883	58178	52267	137685	103579	42913
227	83705	60644	53017	142409	105956	43063
228	88006	62168	53741	143127	109214	44959
229	88006	62788	54869	144552	109972	44981
230	89262	64091	55170	145044	110825	44981
231	89262	64472	55549	146591	112237	44994
232	91320	64977	56732	152822	117607	47139
233	91320	67555	58887	153268	117882	47501
234	95296	68153	58887	154466	123167	50343
235	96543	68207	59121	154466	131135	51307
236	96711	68207	59121	154466	132699	52767
237	97180	69835	64229	154466	132699	54396
238	99163	69835	66636	157668	141756	54549
239	99278	71514	67005	161277	144959	55419
240	99838	72225	67698	162173	150890	56924
241	101444	72696	67698	164332	152654	57726
242	110112	75601	67698	166658	177036	60174
243	111007	76094	67698	166658	182058	60399
244	111071	79074	75594	170076	182843	60804
245	111071	79407	76462	170076	182843	61688
246	111709	81213	76685	170076	193176	64031
247	114169	81250	76685	173272	193176	65314
248	116099	81250	78278	181157	194462	65972
249	119475	81250	79490	181846	195962	66419
250	119475	83809	82573	182790	203247	66419
251	120203	85927	83113	183463	203247	68878
252	122528	87492	83924	188524	207456	69288
253	126433	88716	88003	188524	214367	71741
254	126433	88716	89349	188524	231500	72200
255	129509	89785	92996	188524	236820	72322
256	142874	93470	96018	188524	249945	74546
257	142874	94509	97059	188524	257163	75071
258	143200	95133	102834	188524	259604	75071
259	143200	98018	103297	188524	261026	78727
260	143788	98942	105908	188524	270979	79642
261	150206	100597	111807	188524	273443	80756
262	152007	104171	119418	188524	274455	80756
263	152940	105321	121892	188524	277980	80874
264	156578	108144	121892	188524	283467	83209
265	160126	109134	125875	188524	283467	86548
266	163681	121557	132507	192911	283467	88551
267	165767	123580	132507	193717	283467	89175
268	170181	131391	138448	193717	283467	89223
269	178712	131489	144567	193717	283467	95041
270	178712	134521	146607	193717	283467	95041
271	180417	135576	147654	193717	283467	96746
272	181343	142628	147654	193717	283467	98062
273	186335	143016	149395	193717	283467	99183
274	187395	145196	149557	193717	283467	99183
275	188009	145916	152545	193717	283467	99183
276	191334	151693	152545	193717	283467	99183
277	191433	154209	152545	193717	283467	99183
278	193824	161316	152545	193717	288061	99183
279	194273	163791	152545	193717	295901	99183
280	202374	170702	152545	193717	298828	99183
281	202556	171869	152545	193717	302863	99183
282	215575	182287	152545	193717	310923	99183
283	224534	193692	152545	195763	327652	99183
284	227628	203545	152545	196148	332162	99183
285	230889	204532	152545	197642	335332	99183
286	247681	205762	152545	197642	348124	99183
287	251929	205762	152545	199992	363535	99183
288	254828	209330	152545	204286	380857	102133
289	254828	209383	157324	205165	388694	104920
290	259168	210953	161490	206872	397080	105184
291	271128	213000	161490	221146	398979	105610
292	277172	213570	179148	221146	408174	105737
293	280967	220371	184497	229576	409502	107686
294	286289	222635	184949	242007	409690	109668
295	286289	222999	188594	244575	415187	112908
296	297730	222999	196348	247898	448444	114536
297	299026	224208	198001	256994	448444	114536
298	303101	229640	202857	260359	448444	119468
299	335960	233689	210266	260617	451009	119878
300	349758	241240	211014	260617	452442	125165
301	353074	249485	217840	261692	452442	127605
302	354187	252068	219920	262290	457278	128344
303	361808	261770	220125	266543	466594	130294
304	365368	267102	221015	267896	480996	130668
305	370162	282388	225201	270016	481991	134606
306	371121	285274	225321	274083	482682	142364
307	372739	287204	226779	278352	491496	142564
308	374023	289579	229926	278352	494228	142827
309	375668	297232	230819	287669	494228	144011
310	382136	301973	233366	304510	494228	145982
311	396395	307364	248310	315830	494228	146020
312	406210	312093	251385	317457	494228	146724
313	406748	313164	252616	332001	501545	153244
314	409705	316611	253644	338947	501545	153769
315	446098	317626	253644	346032	511167	154932
316	460276	318981	253644	346032	522159	161944
317	467456	321422	271705	346032	538757	167568
318	473074	322711	283366	346032	541321	172525
319	477330	333593	287368	346032	579166	178958
320	477431	373780	287672	346370	583396	178958
321	491190	377710	297568	348707	588923	178958
322	497171	380984	300707	358548	606459	181763
323	500839	383310	312933	358949	608420	181763
324	504354	383757	334543	377313	614959	181763
325	509352	383757	334543	378618	618596	181763
326	515029	387334	334543	380765	621812	183118
327	515896	387429	341622	390177	646137	187191
328	528942	394340	384783	390726	651546	191187
329	553322	394728	402776	395015	684417	192270
330	557420	401975	402776	410194	685291	194537
331	557420	406442	414483	415282	685816	211422
332	557420	419779	450795	415738	703372	215744
333	557420	423547	454629	425602	703894	215860
334	557420	430957	464631	427076	718490	215935
335	557420	449787	465985	438695	730805	234310
336	557420	458574	466143	443545	744030	235314
337	557420	459207	466143	444767	744030	238439
338	557420	469252	466143	460328	744030	239004
339	557420	481124	467568	460840	752260	241231
340	557420	483166	467894	462304	754395	241814
341	557828	484528	490253	469660	756637	243974
342	565255	498741	490621	479975	811666	256345
343	595743	501769	498878	494163	812033	256345
344	630229	502171	535133	499528	841526	256345
345	633325	507579	548726	502642	858303	261069
346	644983	513401	549778	504374	865853	264938
347	645017	523205	551408	507247	866363	269017
348	653739	525590	560620	512485	882997	281249
349	656443	525590	568257	514917	882997	281598
350	678218	533113	568257	517910	882997	285696
351	679493	560168	568257	518166	882997	285696
352	681250	570322	568257	518166	882997	285696
353	686441	578056	568257	518166	882997	285696
354	687273	581205	568257	537669	882997	285696
355	694898	589753	568257	554390	882997	285696
356	702233	590189	568257	560153	882997	290631
357	709325	610723	568257	562085	882997	298327
358	714444	612899	568257	562085	882997	302304
359	720918	612899	568257	579496	882997	307559
360	732060	612899	575462	615396	882997	328035
361	755758	612899	580094	627084	882997	340870
362	758802	612899	580094	628415	884480	341652
363	789768	612899	580094	628415	889706	350330
364	798978	612899	580929	654131	901619	350330
365	820556	612899	591711	669874	906253	350330
366	823028	612899	592458	711999	909257	350330
367	843735	612899	592873	726140	914298	350330
368	865606	612899	599143	735229	914443	350330
369	874335	612899	605201	753329	927899	350330
370	882140	612899	616782	762187	992726	350330
371	927597	636046	643947	769519	993562	350330
372	937303	639881	649882	773195	997278	350330
373	943026	639881	664819	781639	997278	350330
374	974593	641116	665573	787159	1001635	350330
375	1035913	649297	672145	840721	1010822	350330
376	1061646	649297	679718	843820	1020675	355430
377	1061646	660141	685146	847995	1022213	374341
378	1061646	663619	685701	848597	1041290	376114
379	1122399	663619	693630	848597	1050562	380054
380	1122399	676951	695535	875954	1066102	381014
381	1122399	681394	706940	936250	1116152	381494
382	1122399	686896	713362	939362	1172248	393872
383	1122399	709068	723182	953170	1255279	404359
384	1122399	733588	737310	964584	1258116	407768
385	1122399	734579	758290	966902	1258116	407789
386	1122399	741172	775602	973475	1273378	407789
387	1122399	762342	775602	989719	1281262	409255
388	1122399	766688	775602	993437	1291094	412284
389	1159842	807608	813839	998484	1291094	417626
390	1180485	816141	836647	1026478	1291094	419170
391	1180485	844458	848222	1033394	1291094	419583
392	1180485	883351	851760	1065282	1305074	426847
393	1181987	883351	855985	1065486	1318758	427741
394	1188912	883351	860891	1086760	1329593	442830
395	1210669	883351	880341	1099771	1329989	446717
396	1225600	883351	885483	1126048	1342902	447637
397	1229826	883351	890395	1155753	1377739	448289
398	1257457	883351	890395	1191821	1413852	449090
399	1281379	883351	904046	1193175	1415562	453243
400	1287078	883351	914518	1198189	1422289	456464
401	1318951	883351	914650	1200488	1458280	457442
402	1318951	883351	918491	1233791	1459858	461241
403	1319074	883351	920492	1242762	1498362	475478
404	1320383	883351	921516	1255145	1534396	477927
405	1326181	883351	951808	1257273	1551085	486097
406	1328914	890350	976232	1269426	1562944	489237
407	1379980	890606	994569	1306386	1596672	507317
408	1390918	899004	996937	1321715	1651943	526048
409	1394474	899004	1000582	1346443	1659556	532053
410	1394859	899004	1014409	1392152	1703224	553092
411	1395197	909206	1041562	1411571	1704898	575803
412	1402466	920011	1063048	1413288	1760289	575803
413	1415876	921069	1063943	1448117	1801948	575803
414	1421612	930299	1068722	1448117	1819341	575803
415	1461392	945936	1074484	1469019	1854273	575803
416	1473678	946284	1079709	1474445	1938507	575803
417	1486854	1004352	1094998	1482148	1952741	575803
418	1511403	1007345	1096667	1529043	1990970	575803
419	1551026	1041179	1103524	1620275	2036836	575803
420	1580321	1041179	1104379	1640080	2046597	575803
421	1611348	1041179	1106229	1653011	2105707	577750
422	1691401	1041179	1111922	1712882	2177812	578751
423	1691401	1041179	1126234	1712882	2227414	580315
424	1691401	1041179	1126234	1737456	2390469	583669
425	1724239	1041179	1126234	1767622	2390469	586151
426	1741159	1041179	1126234	1767622	2407277	618507
427	1749940	1041179	1126234	1767622	2520229	625224
428	1766991	1041179	1126234	1767622	2641838	628063
429	1767004	1041179	1126234	1767622	2648315	628063
430	1816840	1041179	1126234	1767622	2746379	631146
431	1823589	1041179	1126234	1767622	2756304	634274
432	1843949	1041179	1126234	1767622	2812037	634274
433	1845709	1041179	1126234	1767622	2814525	634274
434	1885184	1043498	1126234	1767622	2826834	634710
435	1894525	1045216	1160619	1778324	2826834	636295
436	1896385	1048155	1179449	1847340	2938774	646886
437	1938750	1084114	1198537	1854494	2996041	673667
438	1986041	1084114	1206562	1865661	2998472	694690
439	2078346	1111579	1210799	1886896	3022918	703459
440	2082874	1128784	1219177	1889542	3057212	706157
441	2090798	1132170	1223186	2008674	3147975	716397
442	2173688	1132170	1233479	2047947	3157254	717030
443	2195523	1132170	1247722	2050615	3181791	728423
444	2208414	1143629	1247722	2060208	3198477	730354
445	2219467	1151950	1257208	2072221	3331201	734298
446	2292442	1156596	1329296	2075516	3364230	734406
447	2300780	1161385	1329858	2105100	3459084	746531
448	2398694	1165397	1349059	2115277	3468398	747348
449	2423001	1165397	1361110	2150919	3545060	747348
450	2481838	1167215	1386845	2171393	3577626	767777
451	2481838	1176601	1392997	2179987	3687408	779973
452	2481838	1179270	1401052	2184562	3687408	779973
453	2553814	1179270	1413694	2238710	3688283	780760
454	2573463	1184406	1413694	2258099	3688735	786756
455	2614845	1194951	1413694	2329451	3823195	793877
456	2644140	1213841	1413694	2357542	4038994	797110
457	2675230	1220777	1413694	2403138	4094175	798668
458	2712380	1220777	1413694	2419285	4094175	805770
459	2739058	1220777	1413694	2431782	4094175	816717
460	2779488	1220777	1413694	2524279	4146863	835297
461	2802926	1220777	1413694	2605024	4230518	836656
462	2819206	1220777	1461252	2630602	4233293	849930
463	2826055	1221193	1472176	2634186	4280913	874260
464	2879808	1263156	1476933	2644853	4506944	901088
465	2918517	1263156	1490502	2650473	4506944	901088
466	3008598	1304325	1547531	2661468	4557219	905439
467	3030448	1306990	1554417	2661468	4682701	906215
468	3030448	1322681	1630199	2941207	4725766	919032
469	3033135	1339958	1630199	2973805	4918204	936515
470	3057012	1368670	1630199	2973805	4952560	936515
471	3117621	1400927	1654763	2973805	4952560	936515
472	3194612	1404293	1658953	3018377	4952560	938990
473	3214289	1437038	1659301	3022026	5011552	1008162
474	3238265	1485692	1700371	3031596	5071506	1008205
475	3263564	1495713	1701671	3060177	5115870	1028581
476	3300903	1519756	1713509	3065336	5121137	1031759
477	3309975	1519756	1731197	3126779	5191270	1034126
478	3314155	1556986	1760320	3134661	5207262	1043745
479	3314155	1556986	1779854	3195111	5280650	1045035
480	3314155	1556986	1815830	3238593	5305176	1052221
481	3339721	1556986	1817775	3289768	5315520	1053204
482	3343859	1595398	1830692	3303620	5362902	1053204
483	3359430	1628187	1855554	3340099	5741835	1063348
484	3364431	1665357	1870035	3358074	5741835	1064258
485	3364431	1701010	1879745	3393872	5795929	1089674
486	3389082	1701178	1934456	3398252	5854014	1113955
487	3453119	1731297	1934456	3412882	5854014	1120819
488	3459114	1782934	1934456	3424719	5872534	1145113
489	3556964	1791496	1948976	3439932	5968150	1196054
490	3562333	1864171	1960837	3439932	6295502	1236028
491	3585230	1864171	1981641	3465619	6333237	1236028
492	3586190	1871818	2035054	3503439	6395702	1236028
493	3592493	1896936	2038993	3504844	6479842	1236028
494	3625133	1907595	2052594	3523216	6573563	1236028
495	3625133	1989151	2053187	3643166	6693455	1272411
496	3625133	1996127	2055460	3643166	6841973	1288545
497	3639892	2017899	2062262	3705739	6913000	1290428
498	3665105	2034876	2093329	3716388	6934822	1294377
499	3782147	2063922	2095802	3741621	6934822	1301312
500	3827541	2082662	2185515	3769373	6934822	1316759
501	3839483	2087765	2228664	3793305	6934822	1372696
502	3880797	2109923	2253653	3921652	6934822	1382531
503	3907879	2145804	2286610	3992906	6994064	1408602
504	3912480	2145804	2301565	4053282	7174094	1408602
505	3948944	2145804	2328762	4058017	7499560	1466274
506	3948944	2155464	2334347	4073494	7576146	1543785
507	3948944	2175997	2367345	4073494	7648588	1561399
508	3948944	2207606	2384452	4107609	7661433	1562228
509	3948944	2234366	2388399	4202351	7804834	1571748
510	3948944	2253476	2421916	4228268	7834031	1613742
511	3948944	2270139	2465628	4314879	7839832	1616487
512	3948944	2315611	2479182	4463288	7875843	1665959
513	3948944	2316074	2479182	4546789	7878954	1710337
514	3948944	2442969	2501016	4571403	7899049	1723250
515	3948944	2446674	2505132	4571403	7952988	1735912
516	3948944	2541250	2510912	4610614	7996653	1753453
517	3954527	2543979	2547130	4635232	8012631	1777725
518	3987161	2546479	2584090	4661013	8032439	1780294
519	4003464	2547800	2586889	4683265	8079779	1781637
520	4298491	2560841	2616523	4725736	8103500	1807436
521	4323087	2599640	2688596	4755055	8223601	1812166
522	4343897	2618994	2702175	4896515	8262873	1886060
523	4343897	2626478	2803393	4930488	8268221	1893537
524	4407169	2654554	2827957	5011852	8313868	1916071
525	4441057	2694258	2827957	5176842	8463912	1943419
526	4459059	2700550	2898905	5189011	8481456	1954873
527	4533081	2710100	2942425	5243997	8639158	2031807
528	4533081	2809361	2961869	5286619	8715808	2031807
529	4555300	2821513	2992784	5339984	8759314	2079923
530	4555300	2851047	2998862	5339984	8777006	2086371
531	4636619	2852744	3007837	5339984	8819385	2086829
532	4871549	2863480	3012528	5555964	8860662	2086829
533	4954824	2880471	3012528	5561664	8893984	2116366
534	4977864	2886345	3050092	5584942	9067942	2159795
535	5082270	2900160	3062915	5592640	9156528	2175498
536	5098517	2981883	3083554	5657239	9293375	2187087
537	5103479	2983448	3105400	5715837	9293375	2218331
538	5134129	3012001	3116385	5728459	9293375	2224070
539	5181016	3063791	3133225	5757963	9293375	2271934
540	5263910	3068497	3219081	5846178	9293375	2305237
541	5317866	3143320	3227848	5855824	9293375	2317452
542	5318458	3161965	3262151	5856477	9293375	2329826
543	5351688	3339487	3287089	5904275	9293375	2340691
544	5382148	3339572	3345398	5940013	9314121	2415589
545	5453860	3349033	3346527	6065937	9451061	2415589
546	5493940	3487118	3369280	6076532	9532802	2420728
547	5573563	3501233	3371356	6197726	9595543	2462458
548	5583351	3564002	3385825	6275334	9623580	2507882
549	5661947	3573690	3428338	6394779	9629694	2536985
550	5722085	3657146	3454750	6554084	9679520	2567598
551	5939922	3667645	3459229	6634381	9751116	2567598
552	5985803	3740542	3482991	6763275	9807048	2570118
553	5991154	3750081	3618212	6785219	9979489	2604230
554	6052663	3802523	3808532	6785219	10114387	2672937
555	6291215	3827116	3915139	6785219	10191988	2701181
556	6529878	3884147	3936638	6816231	10411547	2761972
557	6547851	3914619	3969935	6819797	10496723	2818416
558	6653691	3940007	3973281	6826645	10496723	2831384
559	6926714	3990695	3997710	6873300	10496723	2841418
560	7015369	4000076	4026140	6984990	10496723	2841418
561	7190751	4035868	4064474	6991597	10496723	2841418
562	7194096	4045555	4094560	7008921	10544991	2873375
563	7599617	4053420	4122733	7074263	10674111	2906329
564	7632555	4058902	4130793	7134741	10804708	2927505
565	7705801	4125188	4167388	7134741	10890183	2950344
566	7733369	4140173	4169135	7134741	11026908	2969573
567	7746493	4147284	4185396	7134741	11155862	2974001
568	7746931	4213798	4203324	7151583	11176449	3003830
569	7790151	4239228	4246867	7235563	11225007	3073596
570	7839730	4249532	4353449	7255061	11386470	3107361
571	7943398	4485417	4356420	7273357	11433879	3157794
572	7949987	4485417	4473388	7445240	11697326	3195755
573	8027526	4519008	4691447	7528376	11967431	3206520
574	8089581	4763007	4717204	7647543	12047309	3214641
575	8141700	4766287	4721309	7712824	12093340	3216080
576	8163392	4776293	4776858	7756341	12207905	3268380
577	8325066	4793825	4779828	7846794	12207905	3293904
578	8359247	4820447	4817502	7861702	12290563	3401930
579	8470563	4968012	4833906	7916375	12462361	3472039
580	8654449	5006029	4836096	7929934	12583165	3512936
581	8834708	5139692	4838975	8124177	12675237	3520970
582	9053481	5186388	4844798	8171017	12793333	3564798
583	9298241	5198028	4996938	8293215	12810929	3586643
584	9298241	5277206	5163660	8429809	12810929	3622521
585	9508930	5379058	5168913	8468284	13045343	3711522
586	9561558	5379058	5183101	8687958	13045343	3715172
587	9785039	5379058	5247939	8708737	13108482	3722117
588	9930568	5395355	5247939	8881974	13246612	3723840
589	10065257	5410903	5255140	8895191	13309960	3741439
590	10128251	5625958	5255140	9035187	13396000	3744240
591	10213873	5733713	5323664	9104831	13449233	3786445
592	10416411	5737881	5331285	9205192	13609421	3799792
593	10437643	5748722	5357909	9215495	13650412	3806397
594	10438992	5749174	5413001	9308576	13705621	3814467
595	10507672	5811535	5415228	9531656	13892009	3833817
596	10533827	5842760	5416499	9636404	13948562	3847066
597	10735006	5863439	5472520	9780293	13983724	3883338
598	10843682	5919142	5512008	9876977	14073799	3886834
599	10925200	6012865	5571017	9937291	14124634	3886834
600	10935867	6033581	5621609	10192660	14207628	3947608
601	11008856	6033581	5629121	10224313	14223324	3978316
602	11038554	6209986	5636622	10420441	14412112	4023054
603	11129191	6303494	5670125	10711783	14430756	4053486
604	11171615	6675538	5728994	10975824	14606960	4103900
605	11362866	6715333	5783149	10986902	14729240	4170882
606	11395133	6956789	5895333	11022944	15505179	4252982
607	11492372	7072312	5895333	11197254	16153514	4315682
608	11492372	7201494	5906777	11266828	16159571	4370294
609	11492372	7453470	5915482	11408073	16186077	4400805
610	11554777	7525414	6245982	11602180	16445374	4429529
611	11611622	7579875	6366032	11817511	17203601	4469947
612	11637358	7579875	6466141	12273806	17439147	4525107
613	11686455	7579875	6491017	12281036	17593459	4561185
614	11694702	7579875	6556830	12478164	17703706	4576631
615	11793636	7609389	6725285	12556240	17841997	4587814
616	11878480	7655539	6981704	12628586	18040490	4697890
617	12085254	7660902	6981704	13022511	18114444	4721710
618	12195836	7777420	7017581	13031599	18506318	4724950
619	12317627	7810367	7027507	13359508	18584763	4727834
620	12387564	7818467	7079373	13547057	19219529	4736320
621	12390589	7818467	7104629	13650579	19219529	4780009
622	12608900	7818467	7195827	13682464	19427237	4846303
623	12621452	8075178	7307843	13734992	19480640	5013787
624	12737943	8132810	7371153	13777590	19693379	5064291
625	12781723	8402483	7426124	13783675	19839740	5064291
626	12794610	8433030	7459466	13808455	20136177	5116018
627	12930048	8479854	7855379	13811378		5359170
628	12935807	8598034	7927300	13864926		5378587
629	12986652	8741276	7928599	13957512		5455564
630	12994612	8871469	8034408	14060457		5488354
631	12994612	9044229	8105635	14121538		5518820
632	13024369	9050826	8133632	14157546		5527045
633	13086194	9052994	8150295	14347195		5566519
634	13122877	9135126	8469785	14389464		5582281
635	13350746	9249318	8526602	14410826		5597224
636	13363074	9372941	8655877	14457195		5642781
637	13376160	9381184	8679640	14526963		5829214
638	13410294	9531768	8756281	14527699		5855188
639	13522842	9546226	8873554	14553198		5867910
640	13587207	9594608	8883262	14707208		5879185
641	13709671	9617065	9035919	14782335		5887683
642	13710751	9655940	9113190	14814582		5888799
643	13771619	9845938	9144517	14950574		5888799
644	13781058	9991473	9196313	15128564		5916409
645	13817310	10030211	9238700	15129047		5990150
646	13847008	10069102	9605600	15149911		6015586
647	13869961	10408044	9740990	15160970		6083845
648	13918276	10840582	9762881	15188582		6125683
649	13935255	10852424	9811915	15230624		6132207
650	13939429	11236035	9857364	15290782		6150134
651	13974317	11258967	9857364	15290782		6269499
652	13974317	11312213	9957015	15290782		6325718
653	14028109	11314314	10006524	15342953		6357401
654	14073878	11694568	10192915	15448660		6360529
655	14160505	11701055	10224952	15469711		6617568
656	14166190	11892232	10270261	15477552		6741648
657	14207043	12093953	10336199	15796713		6930404
658	14257771	12121796	10336199	16220818		6960932
659	14352609	12161494	10336199	16293108		7079279
660	14368865	12186114	10386890	16460417		7088286
661	14490070	12416225	10428610	16472203		7253669
662	14540399	12998300	10468947	16775344		7270985
663	14575552	12999293	10489249	16842918		7271403
664	14575552	13071156	10506656	17212556		7335988
665	14575552	13075257	10555420	17226266		7427412
666	14687005	13082201	10617064	17301395		7427412
667	14710251	13179994	10697305	17424985		7456778
668	14718506	13317726	10836399	17904650		7508456
669	14969661	13382104	10841424	17916712		7513819
670	15018640	13518830	10855504	17951081		7578318
671	15104624	13568045	10934409	17976145		7677132
672	15113395	13912529	11442884	18018604		7767109
673	15267022	13970044	11622599	18104310		7890737
674	15338693	13998420	11727748	18244992		7936324
675	15374403	14208863	12036403	18372091		8013186
676	15473484	14329269	12129107	18395875		8026916
677	15548952	14919014	12187806	18494786		8103367
678	15611993	15426326	12256653	18578663		8231397
679	15625430	15552676	12256653	18866216		8265314
680	15774470	15825894	12256653	18953412		8357377
681	15839050	16038962	12256653	19179608		8393071
682	15856933	16153581	12256653	19210880		8416231
683	16089176	16238760	12300653	19238702		8431557
684	16150456	16345641	12385189	19327559		8450393
685	16152411	16521891	12431957	19498228		8559823
686	16306604	16604221	12497059	19516347		8682520
687	16337394	16825732	12502526	19521347		8772290
688	16389205	16855254	12506439	19568971		8948233
689	16389205	16935801	12506439	19638724		8971073
690	16389205	17090836	12639416	19797074		8982147
691	16394271	17111825	12705490	19800705		9283396
692	16521568	17258354	12858357	19876737		9289475
693	16521568	17323948	12860268	19984036		9327308
694	16689685	17426119	12860268	19984036		9422271
695	16753813	17454325	13219492	20113286		9452683
696	16781307	17623568	13399663	20333581		9496231
697	17053679	17631439	14031303	20481356		9547041
698	17185012	17818346	14122300	20481356		9585192
699	17192021	17883060	14157665	20551147		9661955
700	17377530	17923498	14367014	20626879		9671238
701	17461322	17970378	14408705	20643341		9812741
702	17541735	18114820	14411879	20771236		9957221
703	17542710	18153436	14504603	20913711		10060266
704	17558169	18751830	14531708	20993605		10084133
705	17584789	19047109	14906563	20998387		10207692
706	17608490	19066940	14906563	21030466		10440213
707	17610337	19288587	14906563	21108658		10603188
708	17656180	19865946	14931061	21125569		10703858
709	17686871	20038890	14969284	21164207		10877116
710	17731023	20124606	15126401	21186264		11081834
711	17739928	20471029	15173681	21208583		11221383
712	17779150	20586952	15185971	21418249		11344329
713	18041343	20635838	15192645	21487028		11402736
714	18259708		15295195	21500070		11470217
715	18363621		15378703	21572862		11803039
716	18370629		15496457	21603892		11854671
717	18479749		15544471	21605247		11860695
718	18506967		15763240	21718884		11867652
719	18651601		15999965	21801410		12075268
720	18737276		16071747	21908660		12275597
721	19141027		16082913	21913816		12385165
722	19146022		16156519	21964580		12469507
723	19161127		16190558	22035749		12789147
724	19227309		16234156	22138724		12921195
725	19254625		16286701	22164014		13043592
726	19296252		16498493	22169945		13242414
727	19331037		16628078	22284779		13320200
728	19508974		16766792	22284779		13503996
729	19743271		16780167	22323145		13547199
730	19743271		16935047	22471979		13855104
731	19920272		17111500	22493720		13932921
732	19934398		17146441	22603576		13966430
733	20121987		17247948	22840322		14553191
734	20185165		17302978	22843462		14664674
735	20293904		17308753	22947455		15149644
736	20538337		17376318	23186604		15566141
737	20678798		17536878	23281942		15674527
738	20734957		17827672	23628498		15821004
739	20789718		17850575	23989378		15904585
740	20880482		17910033	23994841		16055186
741	20959454			24103459		16369645
742	20976095			24123754		16382735
743	21024530			24142372		16528859
744	21080035			24154932		16579430
745	21165591			24191921		16611367
746	21278591			24195098		16709335
747	21352630			24379718		16799711
748	21571069			24534414		16802194
749	21624235			24662194		16816838
750	21832628			25065081		16829227
751	21931365			25093968		17014411
752	22183779			25333424		17276455
753	22312910			25546186		17285781
754	22596333			25622987		17850795
755	22668439			26100912		18308862
756	22818332			26215685		18632956
757	22822779			26406614		19107529
758	22941115			26451635		19127082
759	23004849			26749933		19525534
760	23175149			26827465		19808899
761	23493279			26855393		20605531
762	23630237			27019860		22101650
763	24177969			27362424		22166628
764	24494952			27470206		22603341
765	24782860			27943817		24715149
766	24899713			28201318		27403546
767	24953793					27623514
768	24957992					27905124
769	25310160					28927412
770						29204298
771						30022847
772						30172165
773						30349692
774						31257247
775						32134172
776						33250821
777						33685772
778						33754808
779						33805352
