"","Lung_F1","Lung_F2","Lung_F3","Lung_M1","Lung_M2","Lung_M3"
"mmu-miR-30a-5p",17.5086358126679,17.4124887530529,17.3239043043624,17.1620987257514,17.0377633103842,17.1880994849671
"mmu-miR-30a-3p",9.10691206786839,10.083463283549,10.1867477135736,9.19331550843322,9.76909748662987,9.10723646468741
"mmu-miR-10a-5p",17.4993466386664,17.4310295176251,17.5690242500257,17.9921572094416,17.8717477714573,18.0245341245037
"mmu-miR-10a-3p",5.49748214571453,5.30995446657141,4.75209543378655,5.04526110239281,5.06653499209901,5.20746157151667
"mmu-miR-27a-5p",2.1863469850277,2.38781433544344,3.13255507368902,2.74582237390801,2.97420076539349,2.73177641926514
"mmu-miR-27a-3p",12.5823114725119,12.4296149251089,12.2481701207645,12.7344152427203,12.8163347773379,12.6716735182087
"mmu-miR-27b-3p",13.91131104509,13.917401945992,13.8036628377438,14.3545608497124,14.3212397090482,14.2759343690584
"mmu-miR-27b-5p",4.01305550278011,3.43964517022054,3.87122424609476,3.72747202020175,4.25109082315694,3.6672080835701
"mmu-miR-143-5p",4.35947940599217,4.70788282796492,5.37876884073884,4.97750419243906,4.93756014715116,5.16549820820738
"mmu-miR-143-3p",15.1749764613206,16.6437828823851,17.0788214289675,16.8231504575992,16.6052480074805,16.9777358105088
"mmu-miR-26a-5p",16.4322618144673,15.8460126545701,15.7589427668725,17.1754911126583,13.0799249843466,17.1015688602743
"mmu-miR-26a-1-3p",0.231132305060262,-0.00256318292019073,-0.403652898410835,-2.00409910438781,-0.763812127399754,-1.10844964931575
"mmu-miR-26b-5p",13.2448683867534,13.0165116897567,13.2038521772996,12.8361895901723,12.627071924454,12.9907312154209
"mmu-miR-26b-3p",2.49748593203669,1.9798789128665,1.95729338750054,3.92971757126158,4.19162901437345,3.86661922778146
"mmu-let-7f-5p",13.7500651057435,11.786099664283,13.7258968079871,12.3366888331409,13.9202868193343,13.2513526589649
"mmu-let-7f-2-3p",5.16079798001314,4.7627368874956,4.37107270025629,3.02554728818657,3.15488499969276,3.26962108321441
"mmu-miR-451a",11.9069754392945,11.6881370980156,11.1730287453826,11.0096633774361,10.7839050100396,10.9514701646179
"mmu-miR-16-5p",12.6818588040157,12.6915580051343,7.20312426584817,13.3566192552722,7.64640842833485,12.9720235414218
"mmu-miR-16-1-3p",2.82937424771049,2.93122318334612,3.39629954827509,2.62048875771097,2.41735937528832,2.61190590440916
"mmu-miR-125a-5p",12.9527328863874,12.4882188350914,12.4861218322309,14.176541284364,14.1563511822766,13.9984245372928
"mmu-miR-125a-3p",2.0656937142402,2.28254117818118,2.54546026740079,3.47158710619917,3.8010795826462,3.54887744536114
"mmu-miR-34c-5p",12.5455751503321,12.324585562021,12.1586765792198,12.1145488936197,11.8270520325833,12.2848370809984
"mmu-miR-34c-3p",5.62838254036473,5.51848373186908,5.80919772437779,6.10141468949056,6.11909114303444,6.46566859225361
"mmu-miR-30d-5p",15.2692369510931,15.0042704721181,15.0941772926148,15.2582242113163,15.1612843147856,15.2191526633888
"mmu-miR-30d-3p",7.13800225551198,6.78877102672077,6.66139628366961,6.5276641727922,6.47926518002761,6.49137419927229
"mmu-miR-486a-5p",15.9038428214357,15.128999893984,15.7975087335951,15.2375719993451,15.1265930229233,15.0304899659477
"mmu-miR-486a-3p",2.86596621478668,1.91090581449391,3.03271497794131,2.50364935325861,2.99963998995985,2.52607511358423
"mmu-miR-486b-5p",6.43969838972906,5.68523638602394,6.35185879801094,5.37958893170261,5.35471376116359,5.368196788655
"mmu-miR-151-5p",10.4526449224577,10.0662204593582,9.52027166488188,11.7246785292193,11.8289381108243,11.685940461961
"mmu-miR-151-3p",12.7881097480527,12.3340841700679,12.1958763023265,12.9149931947408,12.9552719821323,12.8040650519121
"mmu-miR-126a-5p",13.8328629352165,13.1102262843561,12.8410162294477,11.3722318879107,12.0188037407028,11.1580674793405
"mmu-miR-126a-3p",12.7367052892331,12.2707112152921,12.0122946023053,12.0680489396413,12.2647906863588,12.1332628187167
"mmu-miR-153-5p",1.23911462901789,0.124723997604747,0.197695614471213,-0.626025262103724,-0.0916907651422758,0.297254344249381
"mmu-miR-153-3p",5.05384237000437,5.15826443815608,4.30127431771001,4.82352262266824,4.98290864913066,4.92959120016915
"mmu-let-7c-5p",8.84864022535529,12.4087086917012,11.1826448267671,13.3742550375378,13.5644450375123,13.6533019235036
"mmu-let-7c-2-3p",6.45928911429016,6.37407049188273,6.07903267486078,4.01044821014617,4.7591474869148,4.12198829112183
"mmu-miR-181a-5p",15.2609254392938,10.867553148481,15.3852575092246,11.7790757992088,15.4459522996809,15.2469892299789
"mmu-miR-181a-1-3p",7.12201766956318,6.93706404256696,7.05194330181232,5.85143126506296,5.896801679421,5.85984628193547
"mmu-miR-330-5p",4.69563549030839,4.85742299479349,4.50128892559945,5.71355443928924,5.95159883116339,5.52576330139798
"mmu-miR-330-3p",3.11430064325288,2.99925413214598,2.44546726091638,3.29533122037067,3.78653805500566,3.48964559261338
"mmu-miR-146b-5p",15.2914236921529,14.5786448475141,15.2320377903712,14.663472253473,14.4262784318654,14.4641190460567
"mmu-miR-146b-3p",-0.0127894428447163,0.124723997604747,0.424735772119013,0.819039304570306,0.771706145093649,0.226454968664796
"mmu-miR-141-5p",3.81206266435932,4.11231318911598,4.41138627716085,4.00329291209996,3.93896067300313,4.0157785426575
"mmu-miR-141-3p",13.2112808248834,13.126627369561,12.5942762947762,13.643691966306,13.3345547250443,13.6583274597981
"mmu-miR-146a-5p",14.3578052068396,13.6381115630851,13.5968079884569,14.7792399129011,14.8980585992138,14.7221212754244
"mmu-miR-146a-3p",-0.479347829671414,-0.00256318292019073,-0.835264661023555,-1.29068089133417,-0.763812127399754,-1.30420165558191
"mmu-let-7i-5p",12.4977126081238,12.1839603031846,12.9338905305499,12.5569762027331,12.9757086467909,12.5175202197494
"mmu-let-7i-3p",2.1571163835901,3.93260245124372,3.68645137938723,1.67781815378768,2.35958671926411,2.40306286535671
"mmu-let-7b-5p",11.0359506036318,10.7849648541891,11.3811336464562,11.6256796013035,11.8810655196733,11.716913692656
"mmu-let-7b-3p",6.46675373538345,6.198899373702,6.14028244411107,5.95148132598753,5.87291053281663,5.50721657868908
"mmu-miR-99b-5p",13.0197618585536,12.9487544754906,12.1396794804201,13.5747328520185,13.3979967208487,13.4402688383505
"mmu-miR-99b-3p",4.5057883742803,4.22315018872626,4.7933571620746,3.8837011823045,4.14679089575892,3.85493180692273
"mmu-miR-181b-5p",8.91480799134939,7.91640584185299,9.87042595171854,10.0516782977918,10.3921741716889,9.86165241270717
"mmu-miR-181b-1-3p",3.83069549381405,3.25718064091851,3.16435657090156,2.46250108581795,2.81135759633608,2.90044934414467
"mmu-miR-191-5p",13.7134614938787,13.1746832636231,12.7151564188686,13.8501756472096,13.9813096720684,13.6529790068998
"mmu-miR-191-3p",0.929095782411747,0.349872003964346,0.424735772119013,1.11296646023234,1.4985762449653,1.40115662347008
"mmu-miR-181c-5p",12.3378234551155,12.3764953191106,12.4627836124726,11.8617613748566,11.9012157659215,11.8294567406016
"mmu-miR-181c-3p",5.41345123157448,6.09779244962641,6.34493718424408,5.38785454969357,5.31726667032499,5.42067292094353
"mmu-miR-21a-5p",13.5440007448089,13.1367067330505,13.4088144490254,12.2761718738102,12.3417548760673,12.339556500724
"mmu-miR-21a-3p",3.41521771360044,5.89620945883151,6.39605752617788,6.47432496141498,6.54121069898039,6.6349657297389
"mmu-miR-351-5p",11.2278438892595,11.5302079540166,12.2173534826965,11.8652189205822,11.9635701193348,11.7865066907388
"mmu-miR-351-3p",0.231132305060262,0.794784831343292,1.08690130938307,1.87885846343116,2.21504337417469,1.97664486181354
"mmu-miR-24-2-5p",8.81042747842174,8.58056002652425,8.60051078697303,9.82289752709959,9.84901215053606,9.76348410853448
"mmu-miR-24-3p",8.37786406976049,12.3910853581114,12.4402798790265,10.4566792393672,12.2169380502217,12.3254994431679
"mmu-miR-145a-5p",10.0944546310883,10.5559300021075,9.83967322572112,10.0730868114454,9.79396044855718,10.5113917666226
"mmu-miR-145a-3p",8.1790893583746,8.25148739778115,7.92092735976348,8.71495513190344,8.77686884156239,8.89964554821644
"mmu-miR-29a-5p",3.69491018451099,3.62332295277492,2.99783816975481,2.35418293964329,2.35958671926411,2.32048864298457
"mmu-miR-29a-3p",11.1667676768777,10.8930634916253,10.0479338772229,11.2388930960704,11.2021072343955,11.3084428235455
"mmu-miR-142a-5p",11.5877529747401,11.0951785635811,10.0735443609022,11.9560928134994,11.998122455479,12.0572316086914
"mmu-miR-142a-3p",7.55774083949512,7.74866765330249,7.00661032254118,8.09915972925321,7.94208558100872,8.29732558926413
"mmu-miR-10b-5p",12.8986887713233,13.9444650441214,13.5107355469395,12.5408128086085,12.1940288112239,12.6725060483151
"mmu-miR-10b-3p",-0.479347829671414,0.869392005192429,-0.071870879924886,0.449495182171053,0.108646245597846,0.226454968664796
"mmu-miR-125b-5p",8.98458830585358,7.11912238570753,8.8862655428703,7.79382403467052,10.1091383239963,9.96473721260867
"mmu-miR-125b-2-3p",7.07980415002782,8.19549378309279,8.22320479331667,8.42952627174288,8.3223222055747,8.36455163816349
"mmu-miR-22-5p",3.47566251799098,3.48780306859194,3.06676851094997,2.77971923813205,3.26388045230434,2.86592831894942
"mmu-miR-22-3p",13.0493652196684,13.0772535959508,12.8200726593196,13.7881759226978,13.9187509601482,13.7668061021037
"mmu-miR-199a-5p",7.39590684692113,6.90527909337483,7.80087265046077,7.36264894697272,4.95066296628961,7.93959589660261
"mmu-miR-199a-3p",11.8799034659539,10.9954470183229,10.7542764892853,11.322613028811,10.3433329460167,11.4855141551766
"mmu-miR-199b-5p",6.01596478758438,6.32851689957608,5.47700832662877,5.30006998471312,5.29175080948817,5.49973061038358
"mmu-miR-199b-3p",2.03388510613422,2.30958834803623,1.72112881204356,1.52632048576906,1.87357674939332,1.33539082890104
"mmu-miR-101a-5p",2.93647827516944,3.11109552927028,1.95729338750054,2.90786292549215,2.72248066499542,3.41996704647301
"mmu-miR-101a-3p",11.8948524177573,12.6870328200052,12.8419767360894,11.3642687801845,11.2007369268479,11.430656215339
"mmu-let-7f-1-3p",4.47057852328007,4.33268367684374,3.81222414231561,2.56325154008124,2.67590091776041,2.67972611686521
"mmu-miR-1a-3p",6.08743361697717,8.28210764755461,6.79436761585395,8.13642868971927,6.249398568364,9.97548697902638
"mmu-let-7a-5p",11.9724146120921,10.1686785667485,8.81354621417309,10.3320196694481,11.0417403776601,12.2815497255103
"mmu-miR-186-5p",11.9690019559237,11.5221008400214,10.9818635922499,11.4217111057408,11.4505048657958,11.3503415374006
"mmu-miR-186-3p",-0.479347829671414,0.632891876031023,-1.45395809940742,-1.60373361811606,-0.456540189818924,-0.516263564172826
"mmu-miR-322-5p",10.1208351590853,10.4187515279821,9.92017012810756,10.9661653708006,10.8069410277423,10.9789453346367
"mmu-miR-322-3p",7.15935036562781,7.20265425900643,7.02837519213469,7.45732458203474,7.46653566607502,7.53465319443839
"mmu-miR-26a-2-3p",2.32422577020227,2.33613776390594,2.02814091982762,1.16519350411586,1.13524957158144,1.86454550786051
"mmu-miR-30c-5p",12.9373844525145,12.6484088628691,9.12011677449014,12.0685846388979,8.10073951114005,12.0143481287571
"mmu-miR-30c-1-3p",1.71080940892257,0.940329935102443,0.424735772119013,3.06731638887598,2.89507556295278,3.00989523834831
"mmu-miR-92a-1-5p",3.21701928442396,2.64303767325395,1.80422058409353,2.90786292549215,2.92193571161215,3.39597240586164
"mmu-miR-92a-3p",12.7517929139972,13.1977988370997,13.1481265862624,13.1443538530622,13.1907600882005,13.2535798074965
"mmu-miR-320-3p",7.67709206487963,7.26874984832779,7.86638413462149,7.39717926105383,7.56301116877327,7.4909583213666
"mmu-miR-23a-3p",10.7893302305494,10.5344165336957,10.2385507727772,11.3710163333332,11.2946509403025,11.3293133377596
"mmu-miR-30e-5p",13.5702361890182,13.4502362757917,13.1255223129201,12.6633320820332,12.6100590269628,12.6935620320566
"mmu-miR-30e-3p",7.60247686340051,7.87230107338999,8.11038833561125,6.98535153939825,7.61228643577706,6.88672571639201
"mmu-let-7g-5p",11.3275045516371,10.9008656874171,11.7033605397934,11.1480890803676,11.3977003428935,11.1792734533696
"mmu-let-7g-3p",2.82937424771049,3.06422099640028,2.3380241849452,1.21559574282281,1.13524957158144,1.33539082890104
"mmu-miR-24-1-5p",4.10010689912342,4.08908606031487,4.05209691448131,4.4181034707877,4.10638080268286,4.36795282024817
"mmu-miR-181a-2-3p",4.94260718767394,4.82498501299043,5.67213039678525,5.35168976418822,5.13126367044438,5.36613985436133
"mmu-miR-92b-5p",1.1229739022252,1.30533572488689,0.793479633254913,0.882810868761434,1.63469762059196,1.61025671207574
"mmu-miR-92b-3p",11.7102573802665,11.1581472538662,11.2440409864458,11.4861255883602,11.1911081565525,11.3970829450346
"mmu-miR-30b-5p",11.5153186796531,11.4850442682817,11.0015284486378,10.667482278315,10.8946209740814,10.6489805177092
"mmu-miR-30b-3p",5.74347931250997,5.667051181894,5.73171688223719,5.3712756845786,5.61962567708604,5.50347845000275
"mmu-miR-335-5p",7.53732524198941,7.41212693643454,7.26493401296989,7.20941259853236,7.05575383009194,7.24676158052231
"mmu-miR-335-3p",5.98094406457198,5.82301176569627,5.0784797531885,4.15950293955584,4.38742601144227,4.27453674255725
"mmu-miR-23b-3p",10.950614407326,10.6533355328665,10.8660710761436,10.9226786233251,11.4778799326592,10.8021839634556
"mmu-miR-23b-5p",-0.306515079011505,-1.49937975391975,-0.403652898410835,-0.81546465381219,-0.456540189818924,-0.291813887395169
"mmu-miR-15a-5p",7.19753699290172,7.31619889368398,6.64458366931658,7.4871236662191,7.42723574837197,7.55871848673029
"mmu-miR-15a-3p",2.86596621478668,2.78470802793937,2.3380241849452,3.72747202020175,3.67253730962336,3.82529219039816
"mmu-miR-149-5p",2.37588771838795,3.2710074091101,2.44546726091638,3.78701635059972,3.13206173214358,4.16047766743618
"mmu-miR-29c-5p",3.99664776356956,4.08125983355429,3.85182440920388,3.2835662058899,3.02463840311406,3.03082222630252
"mmu-miR-29c-3p",8.44478285737633,8.32416138808249,7.42281650139748,8.24657774484021,8.16959874811505,8.3070083569012
"mmu-miR-423-5p",7.81448692631889,7.01513264995974,7.9127591634046,9.69092253405812,9.91097102109126,9.63846711141139
"mmu-miR-423-3p",6.14811917066385,6.69956821982214,7.72293107978822,8.6210813355405,8.73156509509067,8.56346549784125
"mmu-miR-375-3p",9.20635446535507,9.12875897455067,8.95719771462594,9.03523285743703,8.59115081287027,9.11292098204278
"mmu-miR-3535",9.35031205076798,9.12424337554512,9.10943524800192,8.48097899593676,8.28918044058663,8.40518731673147
"mmu-miR-130a-3p",9.84594403001516,9.91757040510354,9.0867951320864,10.2757863783295,10.3000770416972,10.1757869268958
"mmu-miR-378a-5p",2.6729528767114,3.61250335401218,3.13255507368902,2.98253273477895,3.44145355787004,3.65378015533981
"mmu-miR-378a-3p",9.96905359918081,10.0156600595936,10.3340526093914,9.5582142953763,9.285399726231,9.74173410176622
"mmu-miR-182-5p",11.9356684170854,11.7394656211804,12.3953955215,11.352966909961,11.460415540486,11.2986686073123
"mmu-miR-195a-5p",10.3734455169556,10.2433435047068,9.77065070198821,10.6847770028275,10.6290038659418,10.6428341387119
"mmu-miR-195a-3p",5.05780193341664,4.54103058377467,5.22892347550848,4.46573432390656,4.82466535313439,4.48251844822577
"mmu-miR-342-5p",0.858212942540962,0.794784831343292,1.95729338750054,2.42014465210652,2.82565232170351,2.52607511358423
"mmu-miR-342-3p",8.10974156172968,7.93117567956593,7.5073891283871,8.55012404340731,8.28595324098336,8.56772296945056
"mmu-miR-133a-3p",6.31786725713048,9.35616506751695,7.95768978928584,8.581992162923,6.20907564337023,10.6410808048765
"mmu-miR-133a-5p",0.705057664201866,-1.16559737985551,0.620856852576899,0.36269840726741,-2.06218049158549,0.814285358800317
"mmu-miR-144-5p",7.98688936264638,7.2618422019704,8.2400910385364,6.87403887676136,6.79747539442648,6.68202669155487
"mmu-miR-144-3p",7.53164213708073,7.12007759687625,6.39605752617788,8.16556582482226,7.9692999539853,8.06979113981687
"mmu-miR-221-5p",5.85462765019196,6.80668045304199,7.18579710397811,7.52696172088607,7.51750720574328,7.34715854263548
"mmu-miR-221-3p",9.44556556814602,9.14363141984138,9.36856156548509,8.688154011137,8.9294367749472,8.6942439411812
"mmu-miR-671-5p",3.33917364682013,3.08001566859684,3.59606627997086,3.02554728818657,3.17735282161786,2.97792434075078
"mmu-miR-671-3p",5.03387988487165,4.20885474736343,4.78315183647162,5.70916351588707,5.75462377622415,5.62543640238316
"mmu-miR-200c-3p",8.20163293216907,8.23394597150551,8.59687380132343,7.48262853840417,7.66689786749784,7.33248453212081
"mmu-miR-541-5p",7.44812687022766,7.70922235034851,7.90572085429576,6.97715762750057,6.96180669288953,7.0798297674052
"mmu-miR-30c-2-3p",5.06961583468886,5.740941757957,6.27018186579995,5.63239749058794,6.14497168814946,5.59765405428171
"mmu-miR-429-3p",9.39266334318494,8.85495134535202,8.71834058396335,8.42785711409127,8.28530693387737,8.49122227826005
"mmu-miR-152-5p",7.00589873614066,7.19360822060899,7.65320013517646,5.64624466571895,5.63796718961877,5.43644279369022
"mmu-miR-152-3p",8.20073792042369,7.95866831195219,8.15063720500833,8.24354458301164,8.26118771805977,8.32882392700266
"mmu-miR-16-2-3p",3.39031241172322,2.84140904624123,2.84923365162932,2.69343532485342,3.30527290117133,3.15038386587471
"mmu-miR-148a-5p",6.41367165854955,6.80430533606314,7.33995478962065,6.20639876391128,6.05380141683703,6.18443798731977
"mmu-miR-148a-3p",12.190014567846,13.0440602248505,13.2096386103459,11.9879614483836,11.9412040523373,11.9968811941927
"mmu-miR-200b-3p",10.3868854691472,10.2060442475187,10.0701382961333,9.39078809482268,9.4385751607317,9.39641049912073
"mmu-miR-200b-5p",2.58788539491466,2.66414812952697,2.3380241849452,2.93819616720662,3.41333467434275,3.02039667650047
"mmu-miR-125b-1-3p",5.1644749747255,4.43448469269389,4.53816729409475,5.82529573722838,5.98382383507622,6.05379159985972
"mmu-miR-328-3p",7.86958773003473,7.59706538466174,7.60331769791236,9.21322010868713,9.42675561701346,9.21072927964495
"mmu-miR-192-5p",11.2311349777523,11.0472733005425,11.3096119273952,10.4407114350251,10.2893998335112,10.4118306723082
"mmu-miR-192-3p",-0.479347829671414,-0.00256318292019073,-0.835264661023555,-0.626025262103724,-1.69268482960479,-0.399678229305347
"mmu-miR-148b-5p",4.82672209240548,4.54103058377467,4.95663708903348,4.92166919565952,4.97009673235189,4.86405226518439
"mmu-miR-148b-3p",9.69188592817415,9.9393805958769,9.69442030220862,9.56551976910667,9.56483943083884,9.58276053606637
"mmu-miR-200a-5p",4.02118992201176,3.89737898265655,4.41138627716085,3.23552258964847,3.31543807784385,3.42787738879095
"mmu-miR-200a-3p",9.96009015859755,10.1285404687983,10.3885014657422,9.33719768613773,9.37681711104453,9.44143101234615
"mmu-miR-20a-5p",6.29456680278131,6.37726993566883,6.24809189908168,5.60666057326074,5.61551792369896,5.48464112489559
"mmu-miR-20a-3p",2.21499708421963,2.10865712205639,1.08690130938307,2.67554154559226,2.21504337417469,2.40306286535671
"mmu-miR-99a-5p",9.78245662673094,9.6710288059979,9.17188056911652,10.0066544955301,9.82241728105409,10.0101482240609
"mmu-miR-99a-3p",4.88136627645328,5.63265819532498,5.39895919784546,4.28281858768175,4.05270421175128,4.2434985290531
"mmu-miR-7a-5p",3.6003473108001,6.42133273180061,3.39629954827509,6.30571357594693,1.84579211929795,6.42178113570328
"mmu-miR-29b-2-5p",2.00135933867148,1.76220186007129,1.3306136239691,0.819039304570306,1.08859532342459,0.861775903080948
"mmu-miR-29b-3p",3.8851921896472,7.98354899090234,6.40606776698308,3.6004613155998,7.46425330472309,7.53098557390306
"mmu-miR-338-5p",2.95358066524432,2.80385704588913,2.39274570451318,3.13435164707879,3.49609872402649,3.28712109778047
"mmu-miR-338-3p",7.92916024616173,7.78345010739301,6.67525866194192,8.4886851584467,8.5602286520975,8.51902846897669
"mmu-miR-324-5p",5.19355835144831,5.08579824831624,5.30222178968038,4.59986116154772,4.81036079653397,4.74245986856342
"mmu-miR-324-3p",2.40104111424772,3.01577217204946,2.96209729124006,2.67554154559226,2.83980679844519,2.32048864298457
"mmu-miR-34b-5p",7.71582262973313,8.15085667375263,7.08347347760392,6.74056289753584,6.33682820829754,7.04038649345942
"mmu-miR-34b-3p",7.0353144144513,6.92508996928353,7.02188013853368,8.12534874220302,8.24133118819806,8.11336271642513
"mmu-miR-100-5p",9.31827966773991,9.4043999570962,8.89754422633246,9.99046211690682,9.81605486537983,9.95219372624621
"mmu-miR-100-3p",0.439716124379037,-0.469924711026784,-0.403652898410835,-0.81546465381219,-0.324403309893827,-1.30420165558191
"mmu-miR-652-5p",0.533691136440835,0.940329935102443,-1.45395809940742,-0.81546465381219,-0.763812127399754,0.226454968664796
"mmu-miR-652-3p",7.82788112823908,7.43687039526159,7.64336067247788,8.05139426660783,7.97852508140961,8.01143557501627
"mmu-miR-103-2-5p",-0.15218999844099,-0.89471389093239,-0.403652898410835,-1.60373361811606,-0.456540189818924,-0.782183065003398
"mmu-miR-103-3p",10.3665785404105,10.0328802418867,9.41804173390147,9.68757848602615,7.47052113070024,9.72186468003498
"mmu-miR-34a-5p",7.1305021539055,7.04360430904941,6.9207731407021,5.97178502159932,6.06589416169977,6.08163684629219
"mmu-miR-34a-3p",-0.0127894428447163,0.544580322161894,-1.45395809940742,-1.60373361811606,-0.946078935550217,-0.936112765440007
"mmu-miR-25-5p",0.533691136440835,-0.296763742356594,0.424735772119013,1.26429639989466,1.46243996630216,0.861775903080948
"mmu-miR-25-3p",9.77721283108602,9.64985418209233,9.95780253305329,9.40443211148825,9.41217675552905,9.37201749614392
"mmu-miR-98-5p",8.57308741737912,8.09170671746423,8.88507316755128,8.23784015913888,8.93501028017072,8.31022155827413
"mmu-miR-98-3p",3.18840971598857,2.55536418734752,3.10003674135613,0.270343506509182,0.365027926340996,-0.191456132375486
"mmu-let-7e-5p",8.77147640417963,8.27182968488883,9.0285898905141,8.87026334266626,9.4636425242732,8.97412706166601
"mmu-let-7e-3p",3.62190342428724,3.28470291874232,2.68354564165315,1.90980114756686,2.83980679844519,2.26857590966564
"mmu-miR-101b-3p",8.18814910349469,8.77138918149234,8.96003167774136,7.35774807105243,7.33156281163343,7.41040716176106
"mmu-miR-1839-5p",7.22508786211311,6.71482365542134,7.71490022920434,7.63391583680201,7.75355995851015,7.62085280256817
"mmu-miR-1839-3p",4.27356253598479,3.92387687891361,4.06899692973815,3.35275879557559,3.32553213188733,3.63340097539338
"mmu-miR-140-3p",9.22055333567531,10.4502349783203,11.2990188873565,9.77065177267318,9.63627182994411,9.90214260214944
"mmu-miR-140-5p",6.02610526778299,6.24866212281218,5.39895919784546,5.55131603317855,5.24199107368805,5.65606508303199
"mmu-miR-150-5p",8.6706885139996,8.46727411271276,7.69326347115089,9.97899554085344,9.58506830348302,10.0607064994672
"mmu-miR-150-3p",1.1229739022252,1.25056029619863,0.197695614471213,2.67554154559226,2.00499878583823,2.93416361165429
"mmu-let-7d-5p",9.31518169681136,8.94206243173788,9.68793913166139,10.6066662695455,10.862538250594,10.6684121926088
"mmu-let-7d-3p",7.87352436351674,7.69839097591915,7.80213665628854,7.14747552704794,7.62919365717261,7.00116053493686
"mmu-miR-378c",1.75049290785984,1.30533572488689,2.02814091982762,-0.458598506111669,0.441274610415605,-0.00953089053434058
"mmu-miR-542-5p",2.0656937142402,2.53258726495624,1.21389760380763,3.14739286526728,3.3355560516372,2.99931679894636
"mmu-miR-542-3p",7.77414341829767,7.82329062839509,8.2732819082072,6.48720479748404,6.52597188433229,6.54236201659498
"mmu-miR-1843b-5p",7.10489752583532,6.76209504129895,7.33646945943057,7.03881963345003,7.04662967986939,6.98717553938177
"mmu-miR-1843b-3p",4.12296408502107,3.11109552927028,3.68645137938723,3.70999799494505,3.60784098603585,3.68711850578931
"mmu-miR-1843a-5p",6.21347165657329,5.94446158082868,6.5118264147347,5.93088780362965,5.95647870855976,5.88448649914979
"mmu-miR-1843a-3p",0.705057664201866,1.30533572488689,1.43858981282506,2.82911646272435,2.56098354005275,2.32048864298457
"mmu-miR-5099",7.61663851780384,7.69647108680176,7.76631902956658,8.01539226516622,8.17414440692645,8.45418138198243
"mmu-miR-214-5p",3.23111408876078,3.35129563003136,2.59297247212242,2.72857052769846,2.39835772415419,2.66641473343888
"mmu-miR-214-3p",6.35373849311588,6.13795801353451,5.9886646342966,6.84531529043214,6.67453208475502,6.72198222558141
"mmu-miR-155-5p",5.8659632819099,5.94014110639174,5.84397901181498,5.89654204827391,5.45006616537758,5.61854081154154
"mmu-miR-223-5p",3.79318603425894,4.63490953892735,4.5976106994867,3.66536392370998,4.2080904334928,4.38836588451834
"mmu-miR-223-3p",6.1974089711237,6.18800888663792,5.83906130079588,6.560940791496,6.64460839122804,7.08484156364737
"mmu-miR-183-5p",10.6828721065628,10.6353258257606,9.44903470942444,9.88759582695945,9.804598984549,9.74084136831138
"mmu-miR-183-3p",0.533691136440835,-0.469924711026784,-0.835264661023555,1.0587774979006,0.441274610415605,1.0782744622832
"mmu-miR-365-2-5p",0.231132305060262,-0.469924711026784,0.197695614471213,2.13600843151446,2.72248066499542,2.49629132627785
"mmu-miR-365-3p",7.26588004510565,6.62347024544374,6.49629228418148,5.21281270062636,5.08447823127365,6.50545963318378
"mmu-miR-1298-5p",7.04532026451332,6.52881889628201,6.77904322190378,5.83540397213134,5.52862391009143,5.75213034748858
"mmu-miR-1298-3p",2.1571163835901,2.07752411518389,2.59297247212242,1.44415555195914,0.938833921504165,1.11793179122374
"mmu-miR-301a-5p",-0.903143906223654,-0.469924711026784,-0.835264661023555,-0.308597128494569,-0.602011047243717,-0.291813887395169
"mmu-miR-301a-3p",8.95437428339332,8.81155955158424,7.96560820564777,7.42422053063415,7.40301229085367,7.43906554023151
"mmu-miR-532-5p",7.04032601394503,7.49177691128816,7.66714111128617,6.33735521024049,6.26652781635148,6.49420230914179
"mmu-miR-532-3p",2.32422577020227,2.19821728671883,1.08690130938307,2.63907408903593,2.17093823474819,2.49629132627785
"mmu-miR-574-5p",3.77405913882941,3.7272773851754,4.10221439957308,4.10037496384113,4.2351154931316,4.22998926209957
"mmu-miR-574-3p",5.56858524081733,5.38180341889063,4.55025353068571,5.2555961685946,5.79513989938776,5.79251496892504
"mmu-miR-222-5p",0.78366670400675,0.794784831343292,1.08690130938307,1.16519350411586,0.885247399902221,1.19411870295018
"mmu-miR-222-3p",8.65770245549089,8.08927001316593,9.07795177008761,8.38617571448894,8.63847824027725,8.16070916210659
"mmu-miR-93-5p",9.71933103839467,9.3579880995984,9.19034036911742,9.39352724054155,9.30402488128629,9.45492175979277
"mmu-miR-93-3p",1.44662648716904,0.869392005192429,0.793479633254913,1.11296646023234,1.53382946442091,1.30134842392261
"mmu-miR-511-5p",-0.0127894428447163,-0.666741012051535,-0.835264661023555,-0.458598506111669,0.441274610415605,-0.00953089053434058
"mmu-miR-511-3p",2.0656937142402,2.1391324537266,1.21389760380763,0.531365025120521,1.42537524973965,0.765178155766214
"mmu-miR-203-5p",-1.50578471343178,-0.89471389093239,-0.403652898410835,0.17166963992771,-0.763812127399754,-0.00953089053434058
"mmu-miR-203-3p",8.98536809082452,8.4903586699479,8.61496772998508,8.00915478130753,7.92890427043546,8.11274944056749
"mmu-miR-425-5p",8.68227685716043,8.23570974301999,7.72826025153589,8.92335282363717,8.87226926714178,8.91889264155575
"mmu-miR-425-3p",5.02176844850902,4.91579576213146,5.26603808656745,4.90256677620541,5.02067556469497,4.96807404850764
"mmu-miR-6412",1.86338641763834,1.30533572488689,1.21389760380763,2.50364935325861,2.45462795868625,2.5696287102663
"mmu-miR-450b-5p",6.74488316710985,6.88855965156477,6.28110129314064,6.10643202813815,6.10597466038905,6.22472708951841
"mmu-miR-450b-3p",0.705057664201866,0.940329935102443,1.53904437592916,-0.458598506111669,-0.0916907651422758,-0.291813887395169
"mmu-miR-107-5p",-1.17322366113812,-0.666741012051535,-1.45395809940742,-1.60373361811606,-2.06218049158549,-1.79961585686449
"mmu-miR-107-3p",7.78314020870755,7.79725107478107,7.99353867732962,6.99078840654696,6.96826378860826,7.0416758336273
"mmu-miR-501-5p",-0.0127894428447163,-0.89471389093239,-0.403652898410835,-0.458598506111669,-0.602011047243717,-0.191456132375486
"mmu-miR-501-3p",4.86338054138039,4.88914764088481,4.27238116026055,5.37682316852138,5.37186190424713,5.38860642554563
"mmu-miR-764-5p",0.339190548551204,-0.666741012051535,0.197695614471213,0.608837362850551,0.284525636563087,0.490924031829377
"mmu-miR-764-3p",0.929095782411747,0.24168564555543,-0.403652898410835,0.882810868761434,-0.324403309893827,0.714340335636655
"mmu-miR-1191b-5p",0.231132305060262,1.13434560610535,1.72112881204356,1.48582287601972,0.771706145093649,1.15652810554037
"mmu-miR-340-5p",8.22866743677202,8.41957852536598,8.50361229103518,7.43356649016955,7.34154506168923,7.59386037489213
"mmu-miR-340-3p",3.48745341838295,3.11109552927028,3.31362858060853,4.6140226275448,4.57256784415141,4.60269682529139
"mmu-miR-3068-5p",4.30054757528236,4.49464542142635,3.94631560730916,1.21559574282281,1.92759046876091,2.0604470142394
"mmu-miR-3068-3p",4.51157403529824,3.9412755674897,4.00017555611907,3.92971757126158,4.04049993000768,4.22998926209957
"mmu-miR-449c-5p",6.71385246285114,8.76285221363319,8.22697440993041,8.18979917196628,7.54476544115465,8.48625918304021
"mmu-miR-194-5p",5.54621124123383,3.87943941602812,2.44546726091638,3.67440189287187,5.77502406314183,5.33703053078797
"mmu-miR-326-3p",4.77954900080145,5.12057842500366,4.55025353068571,6.62294396749975,6.50502976008491,6.54327258974595
"mmu-miR-1964-3p",2.63104603791091,2.43770371151229,2.39274570451318,3.02554728818657,3.12051325663153,2.76961767994831
"mmu-miR-450a-5p",2.37588771838795,5.77772583151314,5.11961602515224,2.96790475148695,5.32231613245785,5.66947185949257
"mmu-miR-193b-3p",4.85884885293335,5.81595518535299,4.73101342331733,4.0732973904574,4.11222343601767,4.18402229920661
"mmu-miR-3470a",4.28711814777278,5.18772012498645,4.39807319267036,3.83616855365637,4.97009673235189,4.95170693022094
"mmu-miR-181d-5p",8.48135732823506,8.47513451392685,8.90226689267063,8.38686318247635,8.43558213194625,8.32406332218155
"mmu-miR-15b-5p",7.37384273090349,7.15311768152658,6.8782591892628,8.32722653450786,8.39332009205136,8.25848583977709
"mmu-miR-15b-3p",3.82140915993457,3.74719871589576,3.39629954827509,2.39849078724758,2.25784006206696,2.5552564445335
"mmu-miR-28a-5p",6.23286402203977,5.99948113565352,5.72640048718177,6.38905388973958,6.48603086037499,6.52402881143021
"mmu-miR-28a-3p",4.71080287714771,5.64066812244971,6.03670541705987,5.17191604563089,5.28400721386632,5.1392398129145
"mmu-miR-1981-5p",2.32422577020227,1.9798789128665,3.13255507368902,2.67554154559226,2.98697644858427,2.41902534295382
"mmu-miR-1981-3p",2.98718898525394,2.55536418734752,2.28114496384079,2.77971923813205,2.72248066499542,2.6257274014685
"mmu-miR-19b-3p",7.60653725517436,6.5187133354485,6.27747065924954,6.64380045247602,6.49835279825708,6.89173910455251
"mmu-miR-3470b",6.87960909423155,7.72814038768853,6.73471870658572,5.2765213383926,6.24807247138273,6.40484768250031
"mmu-miR-484",8.75175204778751,8.2901927555926,7.8309072662616,8.73128731307402,8.73275075642626,8.70526958793148
"mmu-miR-872-5p",6.34404354797159,6.12088094153506,5.69952061277426,6.7629782647995,6.71540916923571,6.85993302855759
"mmu-miR-872-3p",6.06596911317509,6.04243739588618,5.72106442849165,6.3430344119739,5.79332273309869,6.06651519243947
"mmu-miR-497a-5p",7.69944148947698,7.53896736016563,6.71606408369071,7.80929197909183,7.83839743245455,7.89748969742419
"mmu-miR-497a-3p",1.89913627821702,2.22687638024222,2.09567153892692,1.52632048576906,1.34826064742866,1.84104117451992
"mmu-miR-543-3p",-1.17322366113812,-1.93439344115528,-0.403652898410835,-1.60373361811606,-1.69268482960479,-1.10844964931575
"mmu-miR-449a-5p",8.31142575464743,8.11776416881015,7.83338215372922,7.94384939975631,7.40360797179936,7.97545695353678
"mmu-let-7j",7.83885287258459,7.08136706802771,7.8542490263448,7.4039872439178,7.48297567726678,7.37248430945846
"mmu-miR-5709-5p",0.231132305060262,0.124723997604747,0.620856852576899,0.36269840726741,0.582649548447174,0.073494643794358
"mmu-miR-224-5p",4.71582344337068,4.19441623584742,3.89036667206198,5.14616022490625,5.22051504280366,5.0134639203069
"mmu-miR-339-5p",5.28422344994513,5.33320594793434,4.96568975064839,5.87514322351469,5.77686440977193,5.89736291934339
"mmu-miR-339-3p",3.74488476193388,4.15767482282902,4.08570126489501,4.45003145353478,4.22436614175738,4.45955006886585
"mmu-miR-744-5p",6.36176814189554,6.41978201613279,6.61324226109708,6.81906771568989,6.94143995891139,6.77565889396549
"mmu-miR-744-3p",2.29768407334851,2.10865712205639,2.49632990360382,2.05527948119001,2.25784006206696,1.86454550786051
"mmu-miR-1264-5p",-1.17322366113812,-0.469924711026784,-0.071870879924886,-0.626025262103724,-0.946078935550217,-0.643105137877205
"mmu-miR-1264-3p",3.85820114778092,3.03210322859913,2.96209729124006,3.18582378036656,3.06134214328665,3.40401504260782
"mmu-miR-3084-3p",0.62191731810174,2.30958834803623,-0.071870879924886,2.58258402689946,2.81135759633608,2.83056097728319
"mmu-miR-3084-5p",-1.93871983348412,-1.16559737985551,-1.45395809940742,-1.60373361811606,-1.69268482960479,-1.10844964931575
"mmu-miR-421-3p",6.65886687051614,6.0056966084632,6.20669366990137,6.97898252284628,7.11296614746103,6.68697907513942
"mmu-miR-361-5p",7.02422722941369,6.87617439548727,6.41600902936661,7.21484319278634,7.34030105110749,7.16689086315279
"mmu-miR-361-3p",6.77405757593226,6.26775160229154,6.17971707509779,6.20171785899947,6.24142364078491,6.14178949362297
"mmu-miR-219a-5p",1.89913627821702,2.53258726495624,1.88278620020626,1.6040570064603,0.441274610415605,1.40115662347008
"mmu-miR-219a-1-3p",1.96808332620528,1.40901653236103,0.793479633254913,1.81490801589936,1.84579211929795,1.30134842392261
"mmu-miR-8114",2.91917071059812,2.46201601515961,2.59297247212242,3.35275879557559,3.08530259017274,2.99931679894636
"mmu-miR-185-3p",-0.0127894428447163,-0.142177090952661,0.793479633254913,0.36269840726741,0.582649548447174,0.297254344249381
"mmu-miR-185-5p",4.53448741052502,4.23730536748224,4.30127431771001,5.51906885213692,5.7263319881464,5.5817881175227
"mmu-miR-676-5p",1.96808332620528,2.19821728671883,3.13255507368902,1.87885846343116,1.72897193857987,1.76813935597905
"mmu-miR-676-3p",5.47988298211602,5.83003399848393,6.7738987032862,6.75979731341853,6.89305155410796,6.7810727345789
"mmu-miR-664-5p",2.69345847807005,1.72250110266867,2.63896971921957,1.99883603645672,2.35958671926411,2.32048864298457
"mmu-miR-664-3p",5.83168563492098,5.55849435719133,5.19852862362211,4.83565887766493,5.26839420585973,4.79844783105911
"mmu-miR-127-5p",0.339190548551204,1.50574318487807,1.21389760380763,0.819039304570306,-1.15474878690114,0.606952660871986
"mmu-miR-127-3p",8.63137431619775,8.63870624095212,7.91041687351804,8.1104418543685,7.73095429318009,8.18774828169061
"mmu-miR-1306-3p",-1.17322366113812,-0.666741012051535,-1.45395809940742,-0.458598506111669,0.513693117576214,0.073494643794358
"mmu-miR-374b-5p",6.89739488046812,6.77306762840057,5.86348392079365,6.29256655662583,6.51278069221141,6.27273274371279
"mmu-miR-7052-3p",0.231132305060262,0.24168564555543,0.620856852576899,1.44415555195914,0.885247399902221,1.36864843854462
"mmu-miR-8112",3.40281880464663,2.82275522303988,2.99783816975481,5.18462355542511,4.70218047828222,4.75823127584122
"mmu-miR-218-5p",5.73608537655602,6.39316158182187,5.09507527796052,4.76126102389938,4.56832369437819,4.58865183105027
"mmu-miR-218-1-3p",1.54016669218472,1.25056029619863,1.08690130938307,2.10959754601569,2.0299053117084,1.5243247665133
"mmu-miR-106b-5p",5.99546746162255,6.09973066643783,5.86348392079365,5.26160582231056,5.31726667032499,5.43644279369022
"mmu-miR-106b-3p",5.07743836369628,4.43448469269389,4.95663708903348,4.96282487333495,4.91768005077479,4.88143848696082
"mmu-miR-674-5p",3.24507252129373,2.89596560871033,3.25575965391852,4.15950293955584,4.3483560825197,4.02623739772949
"mmu-miR-674-3p",3.39031241172322,3.17131596104433,2.44546726091638,3.6286349803052,3.7268603648367,3.6127297941469
"mmu-miR-31-5p",6.23636207121271,5.86007478933725,6.34840214209928,7.03268283372107,7.15106784549235,7.06532310633212
"mmu-miR-31-3p",1.89913627821702,2.19821728671883,1.63295732886013,0.819039304570306,0.711398692102807,0.995531574240452
"mmu-miR-17-5p",6.07966524223513,6.09196212643241,5.76321029249621,5.43647780055724,5.67000944707685,5.46555458247625
"mmu-miR-17-3p",2.35028797943367,2.7054643417403,2.59297247212242,4.00329291209996,3.85085080939475,3.75156939376376
"mmu-miR-193a-3p",2.79182996949332,4.77249008582558,2.96209729124006,2.95312692945663,2.89507556295278,3.20664324351719
"mmu-miR-193a-5p",-0.479347829671414,0.450508439504537,0.197695614471213,1.35702701720991,1.1804422439481,0.814285358800317
"mmu-miR-448-3p",3.57846422369431,2.33613776390594,2.96209729124006,1.35702701720991,1.6018523046361,1.46405471026421
"mmu-miR-3102-5p.2-5p",-1.50578471343178,-1.93439344115528,-0.071870879924886,-0.626025262103724,-0.324403309893827,-0.00953089053434058
"mmu-miR-3102-3p.2-3p",3.00370403696043,2.30958834803623,2.09567153892692,2.84521336866381,2.25784006206696,2.51126007767027
"mmu-miR-3102-3p",4.32703712388503,3.9412755674897,4.03499658020633,4.23474964881573,4.48521778459683,4.09740032530773
"mmu-miR-19a-3p",5.71367344551844,5.75822443532836,4.80349080409813,4.05956560843154,4.00325513900163,4.27453674255725
"mmu-miR-362-5p",3.15922130324551,2.74563019902691,2.49632990360382,3.02554728818657,3.10887159149547,3.22491917831638
"mmu-miR-362-3p",3.18840971598857,3.62332295277492,2.76876691991161,2.4414783074814,2.25784006206696,2.73177641926514
"mmu-miR-7235-3p",-1.17322366113812,-0.666741012051535,-0.835264661023555,-0.308597128494569,0.108646245597846,-0.191456132375486
"mmu-miR-879-5p",5.7483876341819,6.06642152343437,5.54502373906481,5.58765015856349,5.65807684227593,5.66947185949257
"mmu-miR-879-3p",1.54016669218472,0.940329935102443,-0.071870879924886,1.71333109276926,1.04038179314173,1.03749613108095
"mmu-miR-134-5p",2.27064491462295,1.59639020126847,2.28114496384079,1.0587774979006,0.711398692102807,1.23075466774451
"mmu-miR-431-5p",0.439716124379037,0.450508439504537,-0.403652898410835,-0.0485705135837803,0.199264471754289,0.226454968664796
"mmu-miR-7043-3p",1.67000340669073,0.24168564555543,0.947637323756286,1.67781815378768,1.08859532342459,1.7429964764812
"mmu-miR-215-5p",3.46377445796771,2.80385704588913,3.49963781152199,3.18582378036656,2.78233608609516,3.48206765179729
"mmu-miR-350-5p",1.89913627821702,2.50944496986407,2.49632990360382,2.62048875771097,2.82565232170351,2.73177641926514
"mmu-miR-350-3p",3.46377445796771,3.12638793146098,3.03271497794131,3.19840990721448,3.94552060099524,3.57760570599095
"mmu-miR-136-5p",3.56739693554349,3.98387586480178,3.25575965391852,3.70999799494505,3.42276866139026,3.77035627425842
"mmu-miR-136-3p",6.46377252004945,6.70848681657189,6.04527079905091,4.58555930769761,4.38742601144227,4.74245986856342
"mmu-miR-455-5p",4.08466507699439,3.9412755674897,2.92544843780549,2.18742252863425,2.27877155624284,2.51126007767027
"mmu-miR-455-3p",3.99664776356956,3.28470291874232,3.94631560730916,5.7244736336998,5.36942461338853,5.83179983930467
"mmu-miR-1912-5p",2.27064491462295,1.68167685151238,1.53904437592916,0.36269840726741,0.108646245597846,-0.00953089053434058
"mmu-miR-1912-3p",2.27064491462295,1.94580451205272,1.43858981282506,2.16194450192542,1.30810044230024,1.76813935597905
"mmu-miR-490-5p",0.339190548551204,0.124723997604747,0.197695614471213,0.882810868761434,1.34826064742866,1.4945044458859
"mmu-miR-490-3p",6.32445599025704,7.01410533924094,5.49587825109244,6.2341696713087,5.57166527304591,6.71148915506284
"mmu-miR-128-3p",3.75467525279955,3.42735025784281,3.54865754508308,4.7484796470686,5.04225816016287,5.02132773344804
"mmu-miR-3968",3.82140915993457,2.85982475392247,3.61919894769338,5.49631399655549,5.95972281418469,5.73788344486489
"mmu-miR-130b-5p",0.114320395853263,0.716108028516718,-0.071870879924886,2.46250108581795,2.50878559515073,2.08065844607655
"mmu-miR-130b-3p",4.82672209240548,4.4887409929731,3.03271497794131,5.77155990955888,6.11181893542496,5.66445890705931
"mmu-miR-7008-3p",1.54016669218472,1.59639020126847,-0.835264661023555,1.40124892774226,0.582649548447174,0.765178155766214
"mmu-miR-503-3p",3.91168752237808,3.7570571661972,3.77150614249403,4.2589843092061,4.26689118992432,4.3638353175522
"mmu-miR-503-5p",1.34659831247696,1.13434560610535,1.3306136239691,1.00247344481642,0.771706145093649,0.714340335636655
"mmu-miR-96-5p",5.68067333742934,5.99948113565352,5.39226042557641,6.53512559120703,6.44147592474126,6.50077975193245
"mmu-miR-9769-3p",-1.50578471343178,-0.666741012051535,0.197695614471213,-1.29068089133417,-0.946078935550217,-1.53074708363956
"mmu-miR-208b-3p",6.37927761608364,5.45024326578447,4.9383595510301,5.07627861855227,4.82821944037949,4.76761202058689
"mmu-miR-101c",1.86338641763834,2.43770371151229,2.76876691991161,0.270343506509182,0.199264471754289,0.606952660871986
"mmu-miR-3079-5p",-0.306515079011505,-1.49937975391975,-1.45395809940742,-0.458598506111669,-1.69268482960479,-1.10844964931575
"mmu-miR-363-3p",1.54016669218472,1.35810731964351,-0.835264661023555,3.03960511801682,3.13206173214358,3.04117297670002
"mmu-miR-1247-5p",3.3261006145738,2.1391324537266,2.59297247212242,4.03871971660178,4.39223618880312,3.65378015533981
"mmu-miR-3083-5p",-1.50578471343178,-1.49937975391975,-1.45395809940742,-1.03359387717228,-1.15474878690114,-0.782183065003398
"mmu-miR-208a-3p",-0.15218999844099,3.7272773851754,2.63896971921957,4.10037496384113,0.711398692102807,4.8929139790635
"mmu-miR-3963",5.20431522069933,3.81483372113902,3.59606627997086,5.49376338177541,5.58852859327565,6.11018433593949
"mmu-miR-32-5p",4.84974254734066,4.8756366958065,4.35738056286735,3.94473588219473,4.07680735339761,4.17465050539314
"mmu-miR-32-3p",0.705057664201866,0.544580322161894,0.197695614471213,1.21559574282281,1.30810044230024,1.15652810554037
"mmu-miR-18a-5p",2.91917071059812,2.62161372205521,1.53904437592916,2.05527948119001,2.17093823474819,2.37059809194476
"mmu-miR-18a-3p",3.33917364682013,2.76530142055326,2.88784427115626,4.99924686262959,4.33842101025473,4.62351122600146
"mmu-miR-3105-3p",0.78366670400675,1.0079426791061,0.197695614471213,1.16519350411586,0.648459874518991,0.907752848849522
"mmu-miR-8111",1.2938572081724,0.544580322161894,-0.403652898410835,1.6040570064603,1.66681177435218,1.30134842392261
"mmu-miR-582-5p",5.30102427352342,5.29987367429562,4.10221439957308,4.17231977154869,3.85782286279031,4.0314385288493
"mmu-miR-582-3p",4.15288769278163,5.12819479382845,7.08762591270852,4.95913158658753,5.03612458007346,5.06255913564648
"mmu-miR-376b-5p",1.89913627821702,2.10865712205639,1.80422058409353,2.65742303916857,2.54379321468431,2.21472524200881
"mmu-miR-376b-3p",-0.0127894428447163,-0.469924711026784,-0.835264661023555,-0.172733440558426,-1.39878827062274,-0.782183065003398
"mmu-miR-3471",4.13050337466452,3.94989685459165,1.80422058409353,3.02554728818657,3.02463840311406,3.9403633183989
"mmu-miR-6911-3p",-0.479347829671414,-0.89471389093239,-0.835264661023555,0.0657481893867633,0.284525636563087,-1.10844964931575
"mmu-miR-210-5p",-0.306515079011505,0.124723997604747,-0.403652898410835,0.531365025120521,0.365027926340996,-0.291813887395169
"mmu-miR-210-3p",4.15288769278163,4.94627561493377,4.64346262557943,4.03871971660178,4.28252038437926,4.19796682025727
"mmu-miR-204-5p",4.06118794879211,4.02525424368857,3.13255507368902,2.98253273477895,3.80829574945559,3.70024108485019
"mmu-miR-7668-5p",-1.50578471343178,-1.16559737985551,-0.403652898410835,-1.03359387717228,-0.324403309893827,-1.30420165558191
"mmu-miR-205-5p",3.24507252129373,4.27895619474163,3.61919894769338,3.3971097370996,3.02463840311406,4.93792437852705
"mmu-miR-6390",-0.675740074478778,-0.666741012051535,0.424735772119013,-1.03359387717228,-1.39878827062274,-1.10844964931575
"mmu-miR-3473d",1.06119819549696,1.72250110266867,0.424735772119013,1.00247344481642,1.72897193857987,0.952309705039174
"mmu-miR-877-5p",1.78911401005188,0.869392005192429,0.947637323756286,3.06731638887598,2.61135867735793,3.15038386587471
"mmu-miR-877-3p",2.56581100444313,2.48592538855595,2.09567153892692,2.65742303916857,2.23660040458013,2.48116563614139
"mmu-miR-7a-1-3p",3.05214429142135,3.32502624062434,2.59297247212242,2.81283792670733,3.23203763607651,2.97792434075078
"mmu-miR-6988-3p",1.2938572081724,1.25056029619863,0.947637323756286,2.71110988338897,2.12544210534041,2.41902534295382
"mmu-miR-300-3p",3.69491018451099,3.99224702831382,3.5725566424386,3.40798766439757,3.12051325663153,3.54160509677202
"mmu-miR-466h-5p",-1.50578471343178,-1.16559737985551,-0.835264661023555,-0.81546465381219,-0.456540189818924,-0.291813887395169
"mmu-miR-1249-3p",5.23611281580796,5.05815514302115,4.9383595510301,5.78830819779514,5.4977122094246,5.59765405428171
"mmu-miR-29b-1-5p",-0.0127894428447163,-0.142177090952661,-0.403652898410835,0.682360620810748,0.648459874518991,0.226454968664796
"mmu-miR-669o-5p",-0.479347829671414,-1.16559737985551,-0.835264661023555,-0.0485705135837803,0.441274610415605,0.297254344249381
"mmu-miR-1943-3p",-1.17322366113812,-1.93439344115528,-1.45395809940742,-0.458598506111669,-1.69268482960479,-0.936112765440007
"mmu-miR-1943-5p",3.82140915993457,3.6016019993432,4.43764946294231,5.3029867217083,5.29689021177985,5.28136089837338
"mmu-miR-6946-3p",0.533691136440835,0.24168564555543,-0.403652898410835,1.11296646023234,0.771706145093649,0.995531574240452
"mmu-miR-874-3p",4.43448781167065,4.41593615215888,3.90925842877468,4.9920356536989,4.43482096633211,4.786192482102
"mmu-miR-874-5p",-1.93871983348412,-0.296763742356594,-0.403652898410835,1.0587774979006,0.582649548447174,0.606952660871986
"mmu-miR-122-5p",0.996658479075662,2.36220741573091,2.76876691991161,3.47158710619917,4.82466535313439,3.87821272799345
"mmu-miR-673-5p",1.54016669218472,2.36220741573091,1.21389760380763,1.35702701720991,1.46243996630216,1.55354116684405
"mmu-miR-673-3p",-0.479347829671414,-0.469924711026784,1.08690130938307,-0.0485705135837803,-0.456540189818924,0.226454968664796
"mmu-miR-5100",1.58475658749097,0.632891876031023,0.947637323756286,1.99883603645672,2.31974493966064,2.35408757430863
"mmu-miR-7044-3p",-0.903143906223654,0.349872003964346,0.197695614471213,-0.0485705135837803,0.513693117576214,0.297254344249381
"mmu-miR-6516-5p",1.39747914850742,1.91090581449391,0.947637323756286,2.3765069538105,2.57797144493836,2.08065844607655
"mmu-miR-211-5p",1.93402163934422,2.55536418734752,0.197695614471213,3.14739286526728,2.69159519502866,3.64701903071548
"mmu-miR-345-5p",4.89470994283007,5.22015443775738,4.60921102245428,3.7617976676827,3.91241854935449,3.93482261053633
"mmu-miR-345-3p",3.89407814272423,4.86199802260907,5.39895919784546,5.03477194633246,5.18491992426928,4.957183293587
"mmu-miR-296-5p",-0.0127894428447163,0.24168564555543,0.424735772119013,-1.03359387717228,-0.20335993129722,0.226454968664796
"mmu-miR-296-3p",-1.17322366113812,-1.93439344115528,-0.835264661023555,-0.626025262103724,-0.456540189818924,-1.10844964931575
"mmu-miR-3082-3p",3.18840971598857,3.29826963849313,3.66438041369727,4.31784758718245,3.87166669584573,4.2434985290531
"mmu-miR-331-5p",-0.903143906223654,0.716108028516718,0.793479633254913,1.87885846343116,2.0299053117084,1.81714755853337
"mmu-miR-331-3p",3.40281880464663,3.57954901381535,3.47448886240303,2.30847108203535,2.69159519502866,2.0604470142394
"mmu-miR-6944-3p",1.67000340669073,1.35810731964351,1.21389760380763,1.31140662408459,0.648459874518991,0.907752848849522
"mmu-miR-708-5p",1.62800954483269,3.46392505198763,2.09567153892692,1.67781815378768,1.69822661078608,2.73177641926514
"mmu-miR-708-3p",2.86596621478668,4.04147891611329,2.09567153892692,2.21245840982924,1.46243996630216,2.13964741259068
"mmu-miR-434-5p",2.6729528767114,3.87038528043557,3.31362858060853,4.00329291209996,3.81547600153405,4.25688246908544
"mmu-miR-434-3p",2.97048268841515,4.06547885138252,3.89036667206198,3.92971757126158,4.10638080268286,4.0052433118197
"mmu-miR-212-5p",1.86338641763834,1.19362282799573,0.947637323756286,2.74582237390801,2.83980679844519,2.03994840239763
"mmu-miR-212-3p",1.96808332620528,0.544580322161894,0.424735772119013,1.26429639989466,2.14836950559059,1.43294841567485
"mmu-miR-132-5p",0.114320395853263,-0.00256318292019073,-0.403652898410835,0.0657481893867633,0.108646245597846,0.429211726474931
"mmu-miR-132-3p",3.46377445796771,3.88843708343845,4.16643934326138,3.03960511801682,3.70382905866613,3.05144999336697
"mmu-miR-184-3p",2.21499708421963,3.69686991740299,3.44889372939292,3.27170445967318,3.31543807784385,3.27839762491944
"mmu-miR-33-3p",1.18221265423563,1.80083930877478,1.08690130938307,1.0587774979006,1.1804422439481,0.814285358800317
"mmu-miR-33-5p",0.78366670400675,1.19362282799573,1.3306136239691,1.31140662408459,1.38733312624928,1.61025671207574
"mmu-miR-700-5p",3.82140915993457,3.7272773851754,3.68645137938723,2.10959754601569,2.21504337417469,2.30339111516879
"mmu-miR-700-3p",2.1571163835901,2.10865712205639,1.72112881204356,2.62048875771097,2.59476164101976,2.52607511358423
"mmu-miR-139-3p",0.339190548551204,-0.296763742356594,-0.835264661023555,2.3765069538105,1.72897193857987,2.41902534295382
"mmu-miR-139-5p",3.20278541730686,3.48780306859194,2.28114496384079,3.55224696473071,3.85085080939475,3.77656459290302
"mmu-miR-379-5p",1.93402163934422,3.11109552927028,3.49963781152199,3.42950050976792,3.2212652415482,3.3633458617655
"mmu-miR-379-3p",0.114320395853263,0.24168564555543,0.620856852576899,-0.172733440558426,-0.602011047243717,-0.516263564172826
"mmu-miR-669b-5p",0.114320395853263,-0.296763742356594,-0.071870879924886,0.531365025120521,0.711398692102807,0.364741209630866
"mmu-miR-187-5p",1.1229739022252,1.13434560610535,1.08690130938307,2.42014465210652,2.69159519502866,2.33738591714417
"mmu-miR-187-3p",3.27259065098627,3.21488700624527,2.92544843780549,2.93819616720662,2.86770582858625,3.33838242759849
"mmu-miR-669p-5p",-0.306515079011505,-1.16559737985551,0.197695614471213,0.36269840726741,1.13524957158144,0.606952660871986
"mmu-miR-1941-5p",0.231132305060262,-0.89471389093239,0.620856852576899,1.00247344481642,1.53382946442091,1.33539082890104
"mmu-miR-1941-3p",1.96808332620528,1.35810731964351,0.947637323756286,1.44415555195914,1.72897193857987,1.46405471026421
"mmu-miR-7068-3p",3.93770502616656,3.94989685459165,3.49963781152199,3.3070010680437,3.36521658493875,3.4357445948629
"mmu-miR-8103",1.06119819549696,0.940329935102443,1.08690130938307,2.69343532485342,2.14836950559059,2.30339111516879
"mmu-miR-128-1-5p",0.996658479075662,0.716108028516718,1.43858981282506,0.608837362850551,0.0119523755016556,1.0782744622832
"mmu-miR-3086-5p",2.75328248455616,2.19821728671883,2.84923365162932,1.74799081656584,2.00499878583823,1.7429964764812
"mmu-miR-491-5p",-0.479347829671414,-0.142177090952661,-0.835264661023555,-0.308597128494569,-0.20335993129722,0.429211726474931
"mmu-miR-1968-5p",-0.15218999844099,0.24168564555543,1.53904437592916,1.44415555195914,2.45462795868625,1.15652810554037
"mmu-miR-411-5p",4.20380546645518,4.0005698986655,3.89036667206198,3.19840990721448,2.86770582858625,3.3633458617655
"mmu-miR-411-3p",0.339190548551204,0.869392005192429,0.424735772119013,-0.626025262103724,-0.946078935550217,-0.191456132375486
"mmu-miR-467c-5p",0.996658479075662,-0.469924711026784,-0.835264661023555,1.52632048576906,1.72897193857987,1.11793179122374
"mmu-miR-467c-3p",-1.17322366113812,-1.16559737985551,-1.45395809940742,-2.00409910438781,-2.06218049158549,-1.79961585686449
"mmu-miR-382-5p",-0.479347829671414,-0.666741012051535,-0.403652898410835,0.0657481893867633,-0.456540189818924,0.55010448122879
"mmu-miR-301b-3p",1.62800954483269,0.632891876031023,0.620856852576899,0.94388245956974,1.53382946442091,1.36864843854462
"mmu-miR-297c-3p",-0.479347829671414,-1.16559737985551,-1.45395809940742,-0.626025262103724,-1.39878827062274,-0.516263564172826
"mmu-miR-190a-3p",0.114320395853263,0.940329935102443,-0.403652898410835,-0.458598506111669,0.0119523755016556,-1.30420165558191
"mmu-miR-190a-5p",3.87625116618772,4.13517228282586,4.24289750734445,2.42014465210652,2.52639558669233,2.5696287102663
"mmu-let-7k",0.78366670400675,0.632891876031023,1.53904437592916,1.74799081656584,2.23660040458013,2.03994840239763
"mmu-miR-1198-5p",4.54580905824011,4.37170566769119,4.39807319267036,4.46573432390656,4.81395025439464,4.56373919746023
"mmu-miR-1198-3p",-0.903143906223654,-0.666741012051535,-1.45395809940742,-0.0485705135837803,-1.39878827062274,-0.399678229305347
"mmu-miR-669c-5p",1.06119819549696,1.25056029619863,1.43858981282506,1.6040570064603,1.90083637485735,1.84104117451992
"mmu-miR-1199-5p",-0.15218999844099,0.124723997604747,1.88278620020626,1.00247344481642,1.72897193857987,1.58217762326595
"mmu-miR-1199-3p",-0.675740074478778,-0.666741012051535,-0.835264661023555,-0.81546465381219,-0.602011047243717,-0.399678229305347
"mmu-miR-709",-0.675740074478778,-0.00256318292019073,-0.835264661023555,0.0657481893867633,1.08859532342459,1.03749613108095
"mmu-miR-3076-3p",-0.479347829671414,-1.49937975391975,-0.835264661023555,0.270343506509182,-0.602011047243717,-0.399678229305347
"mmu-miR-3057-5p",2.63104603791091,2.013167059394,3.16435657090156,3.40798766439757,3.29503559249447,2.87752735037102
"mmu-miR-381-3p",2.54339360296514,4.36527485900616,4.01769112105453,3.22325746893458,2.94830490377207,3.47444969660158
"mmu-miR-378d",0.62191731810174,-0.296763742356594,0.620856852576899,-2.00409910438781,-1.15474878690114,-0.516263564172826
"mmu-miR-298-5p",0.705057664201866,0.869392005192429,1.08690130938307,2.05527948119001,1.90083637485735,2.17767465334771
"mmu-miR-466i-5p",0.996658479075662,1.25056029619863,0.620856852576899,1.31140662408459,2.4729073302094,2.35408757430863
"mmu-miR-500-5p",-1.17322366113812,-1.16559737985551,-0.835264661023555,-1.29068089133417,-0.20335993129722,-0.516263564172826
"mmu-miR-500-3p",3.51075000339488,3.6016019993432,3.68645137938723,2.3765069538105,2.70712057863254,2.54073955899293
"mmu-miR-409-3p",2.1863469850277,2.57778709502535,2.02814091982762,1.11296646023234,0.990501137079152,1.5243247665133
"mmu-miR-5107-3p",-0.0127894428447163,-0.296763742356594,-0.835264661023555,0.449495182171053,0.108646245597846,0.814285358800317
"mmu-miR-18b-5p",-0.479347829671414,-1.16559737985551,-0.835264661023555,-0.81546465381219,-1.15474878690114,-0.936112765440007
"mmu-miR-410-3p",2.40104111424772,3.77657424084784,3.5725566424386,2.56325154008124,2.52639558669233,2.71893883566994
"mmu-miR-669d-5p",0.231132305060262,-1.49937975391975,-0.071870879924886,-1.29068089133417,-0.456540189818924,-0.782183065003398
"mmu-miR-3060-3p",1.58475658749097,1.76220186007129,1.53904437592916,2.35418293964329,2.17093823474819,1.81714755853337
"mmu-miR-505-5p",-0.903143906223654,-0.89471389093239,-0.071870879924886,0.682360620810748,0.582649548447174,0.606952660871986
"mmu-miR-505-3p",0.78366670400675,0.124723997604747,-0.071870879924886,-0.172733440558426,-0.20335993129722,0.152001040978804
"mmu-miR-1955-5p",0.339190548551204,0.24168564555543,0.947637323756286,1.6414089301165,2.0299053117084,1.84104117451992
"mmu-miR-1955-3p",0.114320395853263,-0.469924711026784,-0.071870879924886,-0.458598506111669,-0.324403309893827,-0.643105137877205
"mmu-miR-466g",-0.15218999844099,-0.469924711026784,-0.403652898410835,-0.458598506111669,0.284525636563087,0.661645449093274
"mmu-miR-147-5p",2.58788539491466,1.40901653236103,-0.403652898410835,1.0587774979006,1.1804422439481,0.907752848849522
"mmu-miR-147-3p",1.78911401005188,0.24168564555543,0.620856852576899,-0.172733440558426,-1.15474878690114,0.429211726474931
"mmu-miR-488-3p",-1.17322366113812,-1.16559737985551,-0.403652898410835,-1.29068089133417,-1.15474878690114,-1.10844964931575
"mmu-miR-7226-3p",0.929095782411747,1.91090581449391,2.22193087258208,2.23706723008575,1.53382946442091,1.88767304011479
"mmu-miR-3064-3p",-0.675740074478778,-1.16559737985551,-0.835264661023555,-1.60373361811606,-1.69268482960479,-0.936112765440007
"mmu-miR-433-3p",-1.17322366113812,0.124723997604747,-0.403652898410835,-0.0485705135837803,-0.324403309893827,0.55010448122879
"mmu-miR-7688-5p",-0.306515079011505,-0.00256318292019073,-0.403652898410835,0.270343506509182,0.284525636563087,-0.00953089053434058
"mmu-miR-6952-3p",-1.50578471343178,-0.296763742356594,0.197695614471213,1.31140662408459,0.711398692102807,1.03749613108095
"mmu-miR-677-5p",2.00135933867148,2.93122318334612,2.84923365162932,0.819039304570306,1.90083637485735,1.0782744622832
"mmu-miR-467d-5p",-0.15218999844099,-0.666741012051535,-0.403652898410835,0.752317948475219,0.711398692102807,0.226454968664796
"mmu-miR-467d-3p",0.996658479075662,-0.142177090952661,0.793479633254913,-0.458598506111669,0.441274610415605,0.814285358800317
"mmu-miR-499-5p",-1.50578471343178,-1.16559737985551,-0.835264661023555,-0.626025262103724,-0.946078935550217,0.073494643794358
"mmu-miR-3074-5p",-1.17322366113812,-1.93439344115528,-0.835264661023555,-0.458598506111669,0.938833921504165,0.152001040978804
"mmu-miR-3074-1-3p",0.231132305060262,0.716108028516718,-1.45395809940742,0.608837362850551,0.284525636563087,0.995531574240452
"mmu-miR-5128",-1.17322366113812,-1.49937975391975,-1.45395809940742,-0.81546465381219,-2.06218049158549,-0.291813887395169
"mmu-miR-6240",4.81741006446564,3.78623465129321,5.04470478277319,0.0657481893867633,1.6018523046361,0.490924031829377
"mmu-miR-1668",1.2938572081724,1.59639020126847,2.54546026740079,2.26126331495336,2.17093823474819,2.40306286535671
"mmu-miR-5129-3p",0.996658479075662,0.450508439504537,-0.835264661023555,0.0657481893867633,0.199264471754289,0.073494643794358
"mmu-miR-672-5p",3.14440261677465,2.66414812952697,3.44889372939292,3.17312688460451,3.16616264806225,3.12140948898755
"mmu-miR-672-3p",-0.675740074478778,-1.93439344115528,-0.403652898410835,-1.03359387717228,-1.39878827062274,-1.10844964931575
"mmu-miR-1983",-0.306515079011505,-0.666741012051535,-1.45395809940742,-2.00409910438781,-0.20335993129722,-0.782183065003398
"mmu-miR-690",2.40104111424772,1.0079426791061,1.63295732886013,1.84723755267368,0.990501137079152,2.13964741259068
"mmu-miR-135b-5p",-0.479347829671414,-0.89471389093239,-0.403652898410835,-1.60373361811606,-0.946078935550217,-0.643105137877205
"mmu-miR-9-5p",1.1229739022252,0.544580322161894,0.197695614471213,-0.81546465381219,-0.946078935550217,-1.30420165558191
"mmu-miR-5101",-0.903143906223654,-0.89471389093239,0.197695614471213,-0.308597128494569,-1.15474878690114,0.073494643794358
"mmu-miR-369-3p",0.858212942540962,0.632891876031023,1.3306136239691,-0.172733440558426,-0.763812127399754,0.490924031829377
"mmu-miR-5121",-0.675740074478778,-1.93439344115528,-0.071870879924886,-1.03359387717228,-1.15474878690114,-1.53074708363956
"mmu-miR-1947-5p",2.09681610716538,1.40901653236103,2.09567153892692,2.84521336866381,2.64399069793448,2.41902534295382
"mmu-miR-467e-5p",0.996658479075662,1.13434560610535,0.947637323756286,1.40124892774226,1.42537524973965,1.33539082890104
"mmu-miR-450a-1-3p",-0.306515079011505,0.24168564555543,0.424735772119013,-1.03359387717228,-0.20335993129722,-0.643105137877205
"mmu-miR-592-5p",-1.17322366113812,-1.49937975391975,-1.45395809940742,-0.626025262103724,-0.946078935550217,-0.191456132375486
"mmu-miR-615-3p",-1.50578471343178,-0.666741012051535,-0.835264661023555,-1.03359387717228,-1.69268482960479,-1.30420165558191
"mmu-miR-7224-3p",2.52062236199249,1.50574318487807,1.80422058409353,1.26429639989466,1.56824175565137,1.58217762326595
"mmu-miR-6540-5p",0.114320395853263,-0.469924711026784,-0.071870879924886,0.270343506509182,0.771706145093649,0.073494643794358
"mmu-miR-466c-3p",0.339190548551204,-0.00256318292019073,-0.403652898410835,0.531365025120521,1.1804422439481,0.152001040978804
"mmu-miR-540-3p",-1.93871983348412,0.124723997604747,-0.835264661023555,0.17166963992771,-0.456540189818924,-0.291813887395169
"mmu-miR-540-5p",-1.50578471343178,0.632891876031023,-0.835264661023555,-0.0485705135837803,0.284525636563087,0.55010448122879
"mmu-miR-6899-3p",1.78911401005188,1.35810731964351,1.43858981282506,1.71333109276926,1.66681177435218,1.4945044458859
"mmu-miR-1191a",0.62191731810174,0.632891876031023,0.197695614471213,-0.626025262103724,0.108646245597846,0.661645449093274
"mmu-miR-6971-3p",0.996658479075662,0.24168564555543,1.43858981282506,1.6414089301165,1.13524957158144,1.15652810554037
"mmu-miR-3061-5p",-0.306515079011505,-0.469924711026784,-0.071870879924886,0.36269840726741,0.108646245597846,0.073494643794358
"mmu-miR-3061-3p",1.54016669218472,0.349872003964346,1.21389760380763,1.35702701720991,1.26679021063663,1.0782744622832
"mmu-miR-1195",1.89913627821702,1.4581903463875,0.793479633254913,1.31140662408459,1.63469762059196,1.95491100090582
"mmu-miR-190b-5p",1.58475658749097,1.80083930877478,1.95729338750054,1.00247344481642,0.885247399902221,1.58217762326595
"mmu-miR-7019-3p",-1.50578471343178,-0.89471389093239,-1.45395809940742,-0.172733440558426,0.441274610415605,0.073494643794358
"mmu-miR-3109-5p",-1.93871983348412,-1.16559737985551,-1.45395809940742,-2.00409910438781,-1.69268482960479,-1.10844964931575
"mmu-miR-3109-3p",-0.903143906223654,-0.89471389093239,-0.403652898410835,0.882810868761434,0.829593457810736,0.861775903080948
"mmu-miR-138-5p",0.533691136440835,0.349872003964346,-0.403652898410835,-0.626025262103724,-0.763812127399754,0.861775903080948
"mmu-miR-188-3p",0.339190548551204,0.632891876031023,-0.835264661023555,0.94388245956974,1.30810044230024,1.03749613108095
"mmu-miR-188-5p",1.2938572081724,1.59639020126847,1.21389760380763,0.682360620810748,0.108646245597846,0.152001040978804
"mmu-miR-483-3p",-1.17322366113812,-1.93439344115528,-0.403652898410835,-2.00409910438781,-2.06218049158549,-2.13033998272511
"mmu-miR-3069-3p",-1.17322366113812,-0.296763742356594,-1.45395809940742,-1.60373361811606,-0.946078935550217,-1.30420165558191
"mmu-miR-547-3p",-0.306515079011505,-0.666741012051535,-1.45395809940742,-0.81546465381219,-1.15474878690114,-0.516263564172826
"mmu-miR-337-5p",0.339190548551204,1.0079426791061,0.793479633254913,0.682360620810748,0.938833921504165,1.11793179122374
"mmu-miR-337-3p",0.339190548551204,0.869392005192429,0.620856852576899,-0.172733440558426,0.108646245597846,0.661645449093274
"mmu-miR-12195-3p",-0.306515079011505,-0.89471389093239,-0.835264661023555,-1.29068089133417,-0.456540189818924,-0.291813887395169
"mmu-miR-12199-3p",0.114320395853263,-0.142177090952661,-0.071870879924886,0.0657481893867633,0.648459874518991,-0.399678229305347
"mmu-miR-6901-5p",0.231132305060262,-0.89471389093239,-0.403652898410835,-0.308597128494569,0.108646245597846,-0.516263564172826
"mmu-miR-341-3p",-0.479347829671414,1.55177851453293,0.424735772119013,-0.81546465381219,-1.15474878690114,0.429211726474931
"mmu-miR-378b",-1.50578471343178,-0.666741012051535,-1.45395809940742,-1.60373361811606,-1.69268482960479,-1.79961585686449
"mmu-miR-653-5p",3.41521771360044,3.41494966468523,3.89036667206198,2.13600843151446,2.81135759633608,1.81714755853337
"mmu-miR-7015-3p",0.339190548551204,-0.296763742356594,0.424735772119013,1.11296646023234,0.648459874518991,0.714340335636655
"mmu-miR-598-3p",3.18840971598857,1.94580451205272,2.39274570451318,1.31140662408459,1.90083637485735,1.69135671099114
"mmu-miR-669f-3p",-1.93871983348412,-1.16559737985551,-1.45395809940742,-0.458598506111669,-0.0916907651422758,-0.936112765440007
"mmu-miR-1933-3p",-0.903143906223654,-1.49937975391975,-1.45395809940742,-0.626025262103724,-0.946078935550217,-0.782183065003398
"mmu-miR-7116-3p",-0.479347829671414,0.124723997604747,-0.403652898410835,-0.308597128494569,0.284525636563087,0.429211726474931
"mmu-miR-376c-3p",0.533691136440835,0.349872003964346,0.424735772119013,-0.172733440558426,0.365027926340996,-0.399678229305347
"mmu-miR-1954",-1.50578471343178,-0.89471389093239,-1.45395809940742,-0.626025262103724,-0.763812127399754,-1.10844964931575
"mmu-miR-1982-3p",0.439716124379037,0.24168564555543,-0.071870879924886,0.752317948475219,0.441274610415605,0.661645449093274
"mmu-miR-3572-3p",0.439716124379037,-0.142177090952661,-0.403652898410835,-0.308597128494569,0.365027926340996,-0.516263564172826
"mmu-miR-452-5p",0.929095782411747,1.07252806224558,0.793479633254913,0.682360620810748,0.365027926340996,0.429211726474931
"mmu-miR-666-5p",-0.306515079011505,-0.666741012051535,-0.835264661023555,-0.0485705135837803,-0.602011047243717,0.606952660871986
"mmu-miR-667-3p",-0.479347829671414,-0.00256318292019073,-0.403652898410835,-0.626025262103724,-0.763812127399754,-0.643105137877205
"mmu-miR-466f-3p",-0.479347829671414,-1.93439344115528,-0.835264661023555,0.36269840726741,-0.456540189818924,0.073494643794358
"mmu-miR-6539",-0.903143906223654,-1.93439344115528,-0.403652898410835,-1.03359387717228,-1.39878827062274,-1.53074708363956
"mmu-miR-383-5p",-1.17322366113812,-0.666741012051535,0.424735772119013,-0.458598506111669,-0.946078935550217,-0.291813887395169
"mmu-miR-7b-5p",1.44662648716904,1.30533572488689,2.44546726091638,1.16519350411586,0.513693117576214,1.61025671207574
"mmu-miR-329-5p",-0.15218999844099,1.76220186007129,0.620856852576899,-0.308597128494569,0.0119523755016556,0.490924031829377
"mmu-miR-329-3p",0.114320395853263,0.349872003964346,-0.071870879924886,-1.03359387717228,-1.69268482960479,-0.782183065003398
"mmu-miR-1187",-1.93871983348412,-1.49937975391975,-0.835264661023555,-1.60373361811606,-1.39878827062274,-0.643105137877205
"mmu-miR-1895",-0.15218999844099,0.124723997604747,0.947637323756286,-0.0485705135837803,1.22426214158178,0.765178155766214
"mmu-miR-5114",1.06119819549696,1.25056029619863,0.424735772119013,1.74799081656584,1.66681177435218,1.4945044458859
"mmu-miR-760-3p",-1.50578471343178,-1.49937975391975,0.424735772119013,-1.29068089133417,-0.0916907651422758,-0.00953089053434058
"mmu-miR-106a-5p",0.231132305060262,-0.296763742356594,-0.403652898410835,-0.0485705135837803,0.365027926340996,-0.399678229305347
"mmu-miR-7010-5p",-1.17322366113812,-1.49937975391975,-0.403652898410835,-1.03359387717228,-0.763812127399754,-1.30420165558191
"mmu-miR-344-3p",0.533691136440835,0.632891876031023,0.620856852576899,0.682360620810748,0.829593457810736,0.364741209630866
"mmu-miR-30f",-0.479347829671414,-0.00256318292019073,-0.071870879924886,0.36269840726741,-0.324403309893827,-0.291813887395169
"mmu-miR-195b",-1.50578471343178,-1.49937975391975,-0.835264661023555,-1.60373361811606,-2.06218049158549,-1.79961585686449
"mmu-miR-701-3p",-1.93871983348412,-1.93439344115528,-1.45395809940742,-1.29068089133417,-1.69268482960479,-2.13033998272511
"mmu-miR-7236-3p",-1.50578471343178,-0.00256318292019073,-1.45395809940742,-0.308597128494569,-0.0916907651422758,-0.291813887395169
"mmu-miR-3066-5p",0.62191731810174,0.124723997604747,0.424735772119013,-0.308597128494569,-0.324403309893827,-0.516263564172826
"mmu-miR-6968-3p",-1.17322366113812,-1.49937975391975,-1.45395809940742,-0.626025262103724,-0.602011047243717,-0.516263564172826
"mmu-miR-299a-3p",-0.479347829671414,1.0079426791061,0.620856852576899,-0.626025262103724,-0.946078935550217,-0.0976277907664809
"mmu-miR-299a-5p",-0.15218999844099,0.940329935102443,0.424735772119013,-1.60373361811606,-1.39878827062274,-0.936112765440007
"mmu-miR-6996-5p",-1.93871983348412,-0.89471389093239,-1.45395809940742,0.752317948475219,-0.20335993129722,0.152001040978804
"mmu-miR-6975-3p",-1.17322366113812,-1.93439344115528,-1.45395809940742,-0.458598506111669,-0.946078935550217,-0.399678229305347
"mmu-miR-129-2-3p",-0.903143906223654,-0.469924711026784,-0.403652898410835,-2.00409910438781,-0.763812127399754,-1.10844964931575
"mmu-miR-7655-5p",-0.675740074478778,-0.469924711026784,0.424735772119013,-0.458598506111669,-0.602011047243717,-0.936112765440007
"mmu-miR-6960-5p",-1.93871983348412,-0.89471389093239,-0.835264661023555,-0.308597128494569,-0.946078935550217,-0.516263564172826
"mmu-miR-489-3p",1.75049290785984,0.794784831343292,0.947637323756286,0.36269840726741,1.22426214158178,0.714340335636655
"mmu-miR-196b-5p",-1.17322366113812,-1.49937975391975,-1.45395809940742,1.0587774979006,1.13524957158144,0.429211726474931
"mmu-miR-7219-3p",-0.903143906223654,-1.16559737985551,-0.835264661023555,-1.29068089133417,-1.15474878690114,-0.516263564172826
"mmu-miR-377-3p",-0.306515079011505,-0.00256318292019073,-1.45395809940742,0.270343506509182,-0.20335993129722,-1.10844964931575
"mmu-miR-3058-3p",-1.17322366113812,-1.93439344115528,-1.45395809940742,-0.81546465381219,-1.15474878690114,-0.936112765440007
"mmu-miR-1966-3p",0.114320395853263,-0.89471389093239,-0.403652898410835,1.11296646023234,0.990501137079152,-0.516263564172826
"mmu-miR-7075-3p",-0.15218999844099,-0.469924711026784,-0.835264661023555,0.682360620810748,0.513693117576214,0.073494643794358
"mmu-miR-293-5p",-1.93871983348412,-1.93439344115528,-1.45395809940742,-2.00409910438781,-2.06218049158549,-1.79961585686449
"mmu-miR-7063-3p",-1.93871983348412,-1.49937975391975,-1.45395809940742,0.0657481893867633,-1.15474878690114,-0.516263564172826
"mmu-miR-6985-3p",-0.0127894428447163,0.450508439504537,-1.45395809940742,0.752317948475219,0.990501137079152,0.364741209630866
"mmu-miR-346-5p",0.339190548551204,-1.93439344115528,-1.45395809940742,-2.00409910438781,-1.69268482960479,-1.30420165558191
"mmu-miR-3103-3p",0.339190548551204,-1.16559737985551,-0.071870879924886,0.17166963992771,-0.456540189818924,0.297254344249381
"mmu-miR-3097-3p",-0.675740074478778,-1.16559737985551,-1.45395809940742,-1.60373361811606,-0.602011047243717,-1.10844964931575
"mmu-miR-1903",-1.93871983348412,-1.49937975391975,-1.45395809940742,-1.60373361811606,-2.06218049158549,-0.782183065003398
"mmu-miR-6948-3p",-0.675740074478778,-1.93439344115528,-0.835264661023555,-0.81546465381219,-0.763812127399754,-0.191456132375486
"mmu-miR-487b-3p",-1.93871983348412,-0.89471389093239,-0.403652898410835,-0.172733440558426,-1.69268482960479,-0.399678229305347
"mmu-miR-7025-3p",-0.903143906223654,-0.142177090952661,-0.403652898410835,-0.81546465381219,-0.324403309893827,-1.10844964931575
"mmu-miR-7237-3p",-1.50578471343178,-0.469924711026784,0.424735772119013,-1.60373361811606,-2.06218049158549,-1.53074708363956
"mmu-miR-201-5p",0.114320395853263,-0.296763742356594,-1.45395809940742,-1.29068089133417,-0.946078935550217,-0.643105137877205
"mmu-miR-5113",-0.903143906223654,-1.93439344115528,-0.071870879924886,-0.81546465381219,-1.15474878690114,-1.10844964931575
"mmu-miR-485-3p",-0.306515079011505,-1.93439344115528,-0.835264661023555,-1.29068089133417,-0.946078935550217,-1.10844964931575
"mmu-miR-485-5p",-0.306515079011505,-1.93439344115528,-0.835264661023555,-0.458598506111669,-0.602011047243717,-0.936112765440007
"mmu-miR-3087-3p",-0.903143906223654,-1.49937975391975,-0.071870879924886,-2.00409910438781,-1.69268482960479,-1.10844964931575
"mmu-miR-6981-3p",-1.50578471343178,-1.49937975391975,-0.835264661023555,-0.626025262103724,-0.20335993129722,-0.291813887395169
"mmu-miR-8094",0.78366670400675,-1.93439344115528,-0.835264661023555,0.36269840726741,-0.0916907651422758,-0.191456132375486
"mmu-miR-551b-3p",-1.93871983348412,-0.89471389093239,-1.45395809940742,-1.03359387717228,-1.39878827062274,-1.79961585686449
"mmu-miR-668-3p",-0.675740074478778,-0.469924711026784,-0.403652898410835,-0.172733440558426,0.513693117576214,-0.291813887395169
"mmu-miR-5120",-1.50578471343178,-0.469924711026784,-1.45395809940742,-1.29068089133417,-2.06218049158549,-0.399678229305347
"mmu-miR-219c-3p",-1.17322366113812,-0.469924711026784,-0.835264661023555,-0.626025262103724,-0.946078935550217,-1.53074708363956
"mmu-miR-1960",-1.93871983348412,-1.93439344115528,-0.835264661023555,-0.81546465381219,-1.39878827062274,-0.936112765440007
"mmu-miR-6541",-1.50578471343178,-1.49937975391975,-0.835264661023555,-2.00409910438781,-1.39878827062274,-1.53074708363956
"mmu-miR-6538",-1.17322366113812,-1.49937975391975,-0.835264661023555,-2.00409910438781,-1.69268482960479,-2.13033998272511
"mmu-miR-1956",-1.93871983348412,-1.49937975391975,-0.403652898410835,-1.60373361811606,-1.69268482960479,-2.13033998272511
"mmu-miR-203b-3p",-1.93871983348412,0.450508439504537,-0.835264661023555,-2.00409910438781,-2.06218049158549,-2.13033998272511
"mmu-miR-295-3p",-1.93871983348412,-0.89471389093239,-0.835264661023555,-1.60373361811606,-0.602011047243717,-1.30420165558191
"mmu-miR-6913-3p",-1.17322366113812,-1.16559737985551,-1.45395809940742,-0.626025262103724,-1.39878827062274,-1.53074708363956
"mmu-miR-3552",-1.50578471343178,-1.49937975391975,-1.45395809940742,-1.29068089133417,-1.69268482960479,-1.53074708363956
"mmu-miR-21c",-1.93871983348412,-1.93439344115528,-1.45395809940742,-2.00409910438781,-2.06218049158549,-2.13033998272511
