miRNA	Lung_M3_.	Lung_F2_.	Lung_F3_.	Lung_F1_.	Lung_M1_.	Lung_M2_.
mmu-miR-30a-5p	2537514	1894711	839369	2042665	1839349	1924951
mmu-miR-30a-3p	9369	11782	5962	6038	7340	12481
mmu-miR-10a-5p	4531068	1919218	994813	2029555	3269918	3431423
mmu-miR-10a-3p	625	429	137	493	412	477
mmu-miR-27a-5p	110	55	44	48	82	110
mmu-miR-27a-3p	110871	59915	24888	67176	85465	103189
mmu-miR-27b-3p	337098	168040	73156	168768	262729	292861
mmu-miR-27b-5p	213	116	74	175	164	270
mmu-miR-143-5p	607	282	212	223	393	436
mmu-miR-143-3p	2193222	1112088	708232	405223	1454221	1426328
mmu-miR-26a-5p	2389792	639714	283695	968670	1856503	123875
mmu-miR-26a-1-3p	5	9	3	11	1	6
mmu-miR-26b-5p	138314	89994	48271	106333	91712	90502
mmu-miR-26b-3p	245	41	19	60	189	259
mmu-let-7f-5p	165700	38354	69317	150921	64872	221800
mmu-let-7f-2-3p	161	293	105	390	100	125
mmu-miR-451a	33648	35836	11812	42064	25856	25222
mmu-miR-16-5p	136532	71844	753	71975	131551	2864
mmu-miR-16-1-3p	101	81	53	76	75	74
mmu-miR-125a-5p	278110	62399	29351	86841	232230	261231
mmu-miR-125a-3p	196	51	29	44	137	197
mmu-miR-34c-5p	84794	55708	23391	65487	55614	51978
mmu-miR-34c-3p	1499	496	286	540	859	992
mmu-miR-30d-5p	648179	356940	178952	432583	491518	524254
mmu-miR-30d-3p	1526	1199	517	1541	1155	1274
mmu-miR-486a-5p	568724	389173	291381	671592	484532	511798
mmu-miR-486a-3p	95	39	41	78	69	112
mmu-miR-486b-5p	699	557	417	949	520	583
mmu-miR-151-5p	55985	11642	3756	15349	42444	52046
mmu-miR-151-3p	121527	56076	24002	77476	96861	113621
mmu-miR-126a-5p	38829	96034	37537	159836	33244	59367
mmu-miR-126a-3p	76337	53666	21134	74764	53850	70404
mmu-miR-153-5p	18	10	5	24	6	11
mmu-miR-153-3p	515	386	100	362	353	450
mmu-let-7c-5p	218939	59053	11891	5048	133169	173317
mmu-let-7c-2-3p	293	899	345	962	200	385
mmu-miR-181a-5p	660807	20290	218958	430098	44075	638610
mmu-miR-181a-1-3p	984	1329	678	1524	722	850
mmu-miR-330-5p	780	313	115	282	656	883
mmu-miR-330-3p	188	85	27	93	121	195
mmu-miR-146b-5p	384066	265747	196896	439287	325462	314979
mmu-miR-146b-3p	17	10	6	9	20	22
mmu-miR-141-5p	272	186	108	152	199	217
mmu-miR-141-3p	219703	97132	31636	103886	160514	147787
mmu-miR-146a-5p	459275	138464	63384	229985	352655	436820
mmu-miR-146a-3p	4	9	2	6	3	6
mmu-let-7i-5p	99635	50534	40033	63350	75574	115242
mmu-let-7i-3p	87	164	65	47	38	71
mmu-let-7b-5p	57200	19161	13645	22998	39629	53961
mmu-let-7b-3p	770	796	360	967	774	836
mmu-miR-99b-5p	188883	85865	23085	90971	153022	154431
mmu-miR-99b-3p	243	201	141	247	183	251
mmu-miR-181b-5p	15807	2622	4788	5285	13309	19224
mmu-miR-181b-1-3p	124	102	45	154	67	98
mmu-miR-191-5p	218890	100422	34401	147140	185213	231383
mmu-miR-191-3p	42	12	6	19	25	38
mmu-miR-181c-5p	61841	57749	28880	56704	46675	54720
mmu-miR-181c-3p	725	742	415	465	523	568
mmu-miR-21a-5p	88072	97813	55640	130833	62207	74262
mmu-miR-21a-3p	1686	645	430	115	1113	1330
mmu-miR-351-5p	60027	32120	24362	26270	46787	57137
mmu-miR-351-3p	64	17	10	11	44	64
mmu-miR-24-2-5p	14767	4156	1985	4916	11357	13192
mmu-miR-24-3p	87218	58336	28433	3642	17623	68107
mmu-miR-145a-5p	24801	16348	4687	11974	13508	12698
mmu-miR-145a-3p	8113	3308	1239	3173	5268	6273
mmu-miR-29a-5p	82	132	40	140	62	71
mmu-miR-29a-3p	43095	20652	5415	25181	30309	33704
mmu-miR-142a-5p	72418	23758	5512	33714	49829	58522
mmu-miR-142a-3p	5343	2334	657	2062	3437	3516
mmu-miR-10b-5p	110935	171222	59713	83648	74732	67034
mmu-miR-10b-3p	17	18	4	6	15	13
mmu-miR-125b-5p	16978	1508	2420	5547	2781	15799
mmu-miR-125b-2-3p	5598	3182	1528	1480	4322	4577
mmu-miR-22-5p	121	120	42	120	84	135
mmu-miR-22-3p	236860	93864	36996	92857	177422	221564
mmu-miR-199a-5p	4169	1300	1140	1843	2062	440
mmu-miR-199a-3p	48723	22171	8836	41282	32120	18584
mmu-miR-199b-5p	766	871	227	707	492	558
mmu-miR-199b-3p	40	52	16	43	34	50
mmu-miR-101a-5p	179	92	19	82	92	92
mmu-miR-101a-3p	46905	71619	37562	41712	33061	33672
mmu-let-7f-1-3p	106	217	71	241	72	89
mmu-miR-1a-3p	17105	3379	567	743	3527	1086
mmu-miR-1a-2-5p	0	1	0	0	0	0
mmu-let-7a-5p	84601	12499	2301	44016	16164	30158
mmu-let-7a-2-3p	3	2	3	0	7	4
mmu-miR-186-5p	44365	31940	10346	43912	34404	40037
mmu-miR-186-3p	9	15	1	6	2	8
mmu-miR-322-5p	34295	14865	4956	12195	25088	25628
mmu-miR-322-3p	3148	1598	667	1564	2202	2528
mmu-miR-26a-2-3p	59	53	20	53	26	29
mmu-miR-30c-5p	70297	69727	2846	85922	53870	3925
mmu-miR-30c-1-3p	134	19	6	34	103	104
mmu-miR-181b-2-3p	5	0	2	3	1	2
mmu-miR-92a-1-5p	176	66	17	100	92	106
mmu-miR-92a-3p	165956	102044	46442	75550	113552	133767
mmu-miR-320-3p	3054	1673	1193	2240	2112	2703
mmu-let-7a-1-3p	2	1	1	0	0	0
mmu-miR-1a-1-5p	1	0	0	0	1	0
mmu-miR-23a-3p	43723	16106	6180	19384	33216	35937
mmu-miR-23a-5p	1	1	0	1	3	1
mmu-miR-30e-5p	112566	121557	45720	133234	81356	89441
mmu-miR-30e-3p	2008	2543	1413	2127	1587	2797
mmu-let-7g-5p	39404	20764	17060	28149	28460	38598
mmu-let-7g-3p	40	89	25	76	27	29
mmu-miR-24-1-5p	348	183	84	186	266	244
mmu-miR-181a-2-3p	698	306	260	335	510	499
mmu-miR-92b-5p	49	25	8	22	21	42
mmu-miR-92b-3p	45826	24818	12408	36702	35975	33448
mmu-miR-30b-5p	27283	31130	10488	32063	20396	27234
mmu-miR-30b-3p	768	550	271	585	517	701
mmu-miR-335-5p	2578	1848	786	2033	1854	1901
mmu-miR-335-3p	326	613	172	690	222	297
mmu-miR-23b-3p	30340	17490	9548	21677	24343	40804
mmu-miR-23b-5p	11	2	3	7	5	8
mmu-miR-15a-5p	3201	1729	511	1606	2248	2460
mmu-miR-15a-3p	238	73	25	78	164	180
mmu-miR-149-5p	301	103	27	55	171	123
mmu-miR-149-3p	3	0	0	1	1	1
mmu-miR-29c-5p	136	182	73	173	120	114
mmu-miR-29c-3p	5379	3479	877	3815	3807	4117
mmu-miR-423-5p	13541	1403	1232	2464	10364	13771
mmu-miR-423-3p	6426	1127	1080	775	4936	6079
mmu-miR-375-3p	9406	6078	2542	6469	6578	5515
mmu-miR-3535	5758	6059	2825	7148	4479	4473
mmu-miR-130a-5p	10	1	0	4	3	3
mmu-miR-130a-3p	19653	10502	2781	10079	15546	18035
mmu-miR-378a-5p	211	131	44	68	97	153
mmu-miR-378a-3p	14546	11241	6603	10977	9453	8925
mmu-miR-182-5p	42804	37134	27562	42909	32803	40313
mmu-miR-182-3p	4	0	0	0	0	2
mmu-miR-195a-5p	27167	13163	4468	14529	20642	22654
mmu-miR-195a-3p	377	251	191	363	275	403
mmu-miR-342-5p	95	17	19	18	65	99
mmu-miR-342-3p	6445	2649	930	3024	4699	4463
mmu-miR-133a-3p	27134	7116	1271	872	4804	1056
mmu-miR-133a-5p	27	3	7	16	14	1
mmu-miR-144-5p	1742	1665	1546	2777	1469	1589
mmu-miR-144-3p	4563	1509	430	2025	3599	3583
mmu-miR-221-5p	2764	1214	744	632	2311	2619
mmu-miR-221-3p	7036	6141	3381	7636	5171	6973
mmu-miR-671-5p	131	90	61	109	100	127
mmu-miR-671-3p	836	199	140	357	654	770
mmu-miR-200c-5p	4	4	2	3	0	2
mmu-miR-200c-3p	2736	3268	1980	3223	2241	2905
mmu-miR-541-5p	2296	2271	1226	1911	1578	1781
mmu-miR-541-3p	2	0	0	1	1	0
mmu-miR-30c-2-3p	820	579	394	366	620	1010
mmu-miR-429-3p	6112	5027	2154	7361	4317	4461
mmu-miR-152-5p	733	1588	1029	1406	626	710
mmu-miR-152-3p	5461	2700	1453	3221	3799	4387
mmu-miR-16-2-3p	148	76	36	113	79	139
mmu-miR-148a-5p	1233	1212	828	932	924	948
mmu-miR-148a-3p	69451	91729	48465	51182	50942	56258
mmu-miR-200b-3p	11449	12827	5499	14665	8417	9925
mmu-miR-200b-5p	135	67	25	64	94	150
mmu-miR-125b-1-3p	1126	233	118	391	709	903
mmu-miR-328-5p	1	0	0	0	0	0
mmu-miR-328-3p	10066	2101	994	2560	7442	9844
mmu-miR-192-5p	23147	22982	12985	26330	17429	17902
mmu-miR-192-3p	10	9	2	6	6	2
mmu-miR-148b-5p	492	251	158	309	378	446
mmu-miR-148b-3p	13028	10662	4238	9058	9501	10833
mmu-miR-200a-5p	180	160	108	176	116	140
mmu-miR-200a-3p	11812	12156	6857	10909	8110	9509
mmu-miR-20a-5p	758	901	388	858	609	699
mmu-miR-20a-3p	87	45	10	49	78	64
mmu-miR-99a-5p	17521	8852	2950	9645	12900	12951
mmu-miR-99a-3p	319	537	215	321	242	235
mmu-let-7c-1-3p	8	5	0	10	3	13
mmu-miR-7a-5p	1454	929	53	131	990	49
mmu-miR-7a-2-3p	1	0	0	0	0	0
mmu-miR-29b-2-5p	28	35	12	42	20	28
mmu-miR-29b-3p	3140	2747	433	160	150	2524
mmu-miR-338-5p	163	74	26	83	108	159
mmu-miR-338-3p	6231	2391	522	2668	4503	5398
mmu-miR-324-5p	452	367	201	399	302	399
mmu-miR-324-3p	82	86	39	56	78	100
mmu-miR-34b-5p	2234	3085	693	2301	1339	1154
mmu-miR-34b-3p	4703	1318	664	1435	3500	4327
mmu-miR-100-5p	16831	7358	2439	6991	12756	12894
mmu-miR-100-3p	4	6	3	13	5	9
mmu-miR-652-5p	17	19	1	14	5	6
mmu-miR-652-3p	4382	1880	1022	2487	3325	3606
mmu-miR-103-2-5p	7	4	3	8	2	8
mmu-miR-103-3p	14347	11376	3499	14460	10340	2535
mmu-miR-34a-5p	1148	1431	619	1533	785	956
mmu-miR-34a-3p	6	14	1	9	2	5
mmu-miR-25-5p	28	7	6	14	28	37
mmu-miR-25-3p	11257	8723	5087	9610	8497	9745
mmu-miR-98-5p	5391	2961	2418	4170	3784	7000
mmu-miR-98-3p	12	62	43	98	13	16
mmu-let-7e-5p	8543	3355	2671	4785	5867	10099
mmu-let-7e-3p	79	104	32	133	45	100
mmu-miR-101b-3p	2888	4744	2547	3193	2055	2302
mmu-miR-1839-5p	3342	1139	1074	1637	2489	3085
mmu-miR-1839-3p	208	163	85	210	126	141
mmu-miR-140-3p	16257	15193	12890	6533	10953	11383
mmu-miR-140-5p	854	824	215	712	586	539
mmu-miR-150-5p	18146	3842	1058	4462	12655	10986
mmu-miR-150-3p	127	24	5	22	78	55
mmu-let-7d-5p	27653	5340	4219	6976	19554	26635
mmu-let-7d-3p	2174	2254	1141	2567	1776	2830
mmu-miR-378c	14	25	20	35	7	17
mmu-miR-542-5p	133	61	11	44	109	142
mmu-miR-542-3p	1581	2458	1582	2396	1123	1316
mmu-miR-1843b-5p	2153	1177	826	1506	1647	1889
mmu-miR-1843b-3p	216	92	65	189	162	172
mmu-miR-1843a-5p	1001	667	466	811	763	886
mmu-miR-1843a-3p	82	25	13	16	87	82
mmu-miR-5099	5957	2251	1113	2148	3243	4130
mmu-miR-214-5p	105	109	30	101	81	73
mmu-miR-214-3p	1791	763	324	894	1440	1459
mmu-miR-155-5p	832	665	293	637	745	623
mmu-miR-155-3p	1	0	0	0	0	1
mmu-miR-223-5p	353	268	123	150	157	262
mmu-miR-223-3p	2304	790	292	802	1182	1429
mmu-miR-183-5p	14537	17273	3575	18005	11878	12792
mmu-miR-183-3p	33	6	2	14	24	17
mmu-miR-365-2-5p	93	6	5	11	53	92
mmu-miR-365-3p	1541	1069	461	1684	463	483
mmu-miR-1298-5p	913	1001	561	1445	714	658
mmu-miR-1298-3p	34	44	30	47	32	25
mmu-miR-301a-5p	11	6	2	4	8	7
mmu-miR-301a-3p	2946	4878	1278	5432	2152	2419
mmu-miR-532-5p	1529	1953	1039	1440	1012	1099
mmu-miR-532-3p	93	48	10	53	76	62
mmu-miR-574-5p	316	142	87	148	213	267
mmu-miR-574-3p	939	451	119	518	477	792
mmu-miR-222-5p	36	17	10	17	26	24
mmu-miR-222-3p	4860	2956	2764	4422	4194	5699
mmu-miR-93-5p	11923	7125	2988	9232	8433	9041
mmu-miR-93-3p	39	18	8	28	25	39
mmu-miR-511-5p	14	5	2	9	7	17
mmu-miR-511-3p	26	46	11	44	16	36
mmu-miR-203-5p	14	4	3	2	12	6
mmu-miR-203-3p	4701	3904	2005	5550	3229	3484
mmu-miR-425-5p	8222	3272	1084	4498	6087	6702
mmu-miR-425-3p	529	326	196	354	373	462
mmu-miR-6412	98	25	11	38	69	76
mmu-miR-450b-5p	1268	1285	397	1173	862	983
mmu-miR-450b-3p	11	19	14	16	7	11
mmu-miR-107-5p	2	5	1	3	2	1
mmu-miR-107-3p	2236	2414	1303	2411	1593	1789
mmu-miR-501-5p	12	4	3	9	7	7
mmu-miR-501-3p	709	320	98	317	519	590
mmu-miR-764-5p	21	5	5	12	17	15
mmu-miR-764-3p	25	11	3	19	21	9
mmu-miR-1191b-5p	35	22	16	11	33	22
mmu-miR-1191b-3p	5	3	0	4	2	0
mmu-miR-340-5p	3280	3717	1856	3284	2166	2318
mmu-miR-340-3p	410	92	50	121	305	338
mmu-miR-3068-5p	68	243	78	214	27	52
mmu-miR-3068-3p	316	165	81	248	189	233
mmu-miR-449c-5p	6091	4716	1532	1148	3660	2669
mmu-miR-449c-3p	0	3	0	1	0	2
mmu-miR-194-5p	684	158	27	510	158	781
mmu-miR-194-1-3p	0	1	0	0	0	0
mmu-miR-326-5p	0	1	0	0	0	1
mmu-miR-326-3p	1582	376	119	299	1234	1297
mmu-miR-1964-5p	3	0	0	0	0	1
mmu-miR-1964-3p	113	57	26	66	100	122
mmu-miR-450a-2-3p	7	0	1	4	3	3
mmu-miR-450a-5p	862	594	177	55	96	570
mmu-miR-193b-5p	5	0	0	0	2	2
mmu-miR-193b-3p	306	610	135	316	209	245
mmu-miR-3470a	523	394	107	212	177	446
mmu-miR-181d-5p	5443	3863	2447	3913	4196	4951
mmu-miR-181d-3p	2	3	0	1	6	4
mmu-miR-15b-5p	5201	1544	601	1815	4026	4808
mmu-miR-15b-3p	97	144	53	153	64	66
mmu-miR-28a-5p	1561	693	270	822	1049	1280
mmu-miR-28a-3p	596	540	335	285	450	555
mmu-miR-1981-5p	88	41	44	53	78	111
mmu-miR-1981-3p	102	62	24	85	84	92
mmu-miR-19b-1-5p	2	2	0	2	1	0
mmu-miR-19b-3p	2015	994	396	2133	1252	1291
mmu-miR-3470b	1437	2301	544	1288	484	1085
mmu-miR-484	7090	3398	1164	4720	5328	6084
mmu-miR-872-5p	1971	754	265	888	1360	1501
mmu-miR-872-3p	1136	714	269	732	1016	791
mmu-miR-497a-5p	4049	2018	537	2275	2811	3272
mmu-miR-497a-3p	58	49	21	39	34	34
mmu-miR-543-3p	5	1	3	3	2	2
mmu-miR-449a-5p	4274	3015	1166	3478	3086	2420
mmu-miR-449a-3p	5	2	0	4	5	1
mmu-let-7j	2813	1469	1183	2506	2122	2557
mmu-miR-5709-5p	15	10	7	11	14	19
mmu-miR-5709-3p	0	1	1	0	1	1
mmu-miR-224-5p	546	197	75	286	442	531
mmu-miR-224-3p	1	3	0	0	4	5
mmu-miR-339-5p	1010	436	159	425	734	782
mmu-miR-339-3p	371	192	86	145	272	265
mmu-miR-744-5p	1859	928	500	899	1414	1756
mmu-miR-744-3p	59	45	28	52	50	66
mmu-miR-1264-5p	8	6	4	3	6	5
mmu-miR-1264-3p	177	87	39	157	112	117
mmu-miR-3084-3p	118	52	4	15	73	98
mmu-miR-3084-5p	5	3	1	1	2	2
mmu-miR-103-1-5p	0	0	0	1	0	0
mmu-miR-421-5p	2	3	0	0	1	1
mmu-miR-421-3p	1748	696	377	1105	1580	1978
mmu-miR-361-5p	2439	1274	436	1424	1861	2316
mmu-miR-361-3p	1197	835	370	1197	921	1080
mmu-miR-219a-5p	42	61	18	39	36	17
mmu-miR-219a-1-3p	39	27	8	41	42	49
mmu-miR-8114	133	58	30	81	126	119
mmu-miR-185-3p	18	8	8	9	14	19
mmu-miR-185-5p	811	203	100	252	573	755
mmu-miR-676-5p	55	48	44	41	44	45
mmu-miR-676-3p	1866	616	559	487	1357	1698
mmu-miR-664-5p	82	34	31	69	48	71
mmu-miR-664-3p	470	510	187	622	356	549
mmu-miR-127-5p	23	29	11	12	20	4
mmu-miR-127-3p	4952	4327	1230	4342	3464	3037
mmu-miR-1306-3p	15	5	1	3	7	18
mmu-miR-1306-5p	14	0	2	7	3	16
mmu-miR-374b-5p	1311	1186	297	1304	981	1304
mmu-miR-374b-3p	2	0	1	1	0	0
mmu-miR-7052-3p	41	11	7	11	32	24
mmu-miR-8112	457	75	40	114	454	370
mmu-miR-133b-3p	3	2	1	3	0	0
mmu-miR-218-5p	406	911	174	582	338	337
mmu-miR-218-1-3p	46	24	10	30	52	56
mmu-miR-106b-5p	733	743	297	697	479	568
mmu-miR-106b-3p	498	233	158	368	389	430
mmu-miR-674-5p	274	79	48	102	222	289
mmu-miR-674-3p	205	96	27	113	153	187
mmu-miR-7049-5p	5	0	1	1	4	5
mmu-miR-7049-3p	2	0	0	0	0	0
mmu-miR-218-2-3p	0	2	0	1	0	0
mmu-miR-31-5p	2273	629	416	824	1640	2031
mmu-miR-31-3p	31	48	15	39	20	21
mmu-miR-17-5p	748	739	277	739	541	726
mmu-miR-17-3p	226	69	30	54	199	204
mmu-miR-193a-3p	154	295	39	74	95	104
mmu-miR-193a-5p	27	13	5	6	30	30
mmu-miR-448-5p	5	0	1	0	3	0
mmu-miR-448-3p	44	53	39	129	30	41
mmu-miR-3102-5p.2-5p	14	1	4	2	6	9
mmu-miR-3102-3p.2-3p	94	52	21	86	88	66
mmu-miR-3102-3p	288	165	83	218	234	318
mmu-miR-19a-5p	9	5	0	11	0	10
mmu-miR-19a-3p	326	586	142	573	207	227
mmu-miR-362-5p	156	71	28	96	100	121
mmu-miR-362-3p	110	132	34	98	66	66
mmu-miR-7235-3p	12	5	2	3	8	13
mmu-miR-879-5p	862	726	238	587	601	720
mmu-miR-879-3p	32	19	4	30	39	27
mmu-miR-134-3p	0	0	0	1	1	0
mmu-miR-134-5p	37	31	24	51	24	21
mmu-miR-431-5p	17	13	3	13	10	14
mmu-miR-431-3p	1	7	5	0	2	3
mmu-miR-7043-3p	54	11	9	33	38	28
mmu-miR-7043-5p	0	0	0	1	1	0
mmu-miR-215-5p	187	74	57	119	112	96
mmu-miR-215-3p	2	0	2	3	1	1
mmu-miR-350-5p	110	60	28	39	75	99
mmu-miR-350-3p	200	93	41	119	113	218
mmu-miR-136-5p	229	170	48	128	162	151
mmu-miR-136-3p	452	1134	337	965	299	297
mmu-miR-455-5p	94	165	38	184	55	67
mmu-miR-455-3p	965	104	78	173	661	589
mmu-miR-504-5p	2	1	1	0	1	1
mmu-miR-1912-5p	14	33	14	51	14	13
mmu-miR-1912-3p	55	40	13	51	54	33
mmu-miR-490-5p	45	10	5	12	21	34
mmu-miR-490-3p	1778	1402	230	876	942	678
mmu-miR-28c	18	5	0	8	9	25
mmu-miR-128-3p	549	115	59	146	335	469
mmu-miR-3968	904	77	62	153	564	888
mmu-miR-130b-5p	69	16	4	10	67	79
mmu-miR-130b-3p	859	242	41	309	683	987
mmu-miR-7008-3p	26	31	2	30	31	19
mmu-miR-7008-5p	0	0	1	0	0	0
mmu-miR-503-3p	347	145	69	163	238	273
mmu-miR-503-5p	25	22	12	26	23	22
mmu-miR-96-5p	1536	693	214	560	1161	1241
mmu-miR-96-3p	2	2	1	3	0	2
mmu-miR-9769-5p	0	0	0	0	0	1
mmu-miR-9769-3p	3	5	5	2	3	5
mmu-miR-208b-5p	0	0	0	1	0	0
mmu-miR-208b-3p	460	473	156	910	421	404
mmu-miR-101c	23	57	34	38	13	14
mmu-miR-3079-5p	5	2	1	7	7	2
mmu-miR-3079-3p	0	0	0	2	1	3
mmu-miR-363-3p	137	26	2	30	101	123
mmu-miR-363-5p	3	0	0	3	3	1
mmu-miR-1247-5p	211	46	30	108	204	298
mmu-miR-1247-3p	8	1	0	3	4	6
mmu-miR-3083-5p	7	2	1	2	4	4
mmu-miR-3083-3p	3	1	0	0	3	1
mmu-miR-208a-5p	21	5	0	0	12	1
mmu-miR-208a-3p	502	142	31	8	213	21
mmu-miR-3963	1171	151	61	402	563	686
mmu-miR-32-5p	304	317	104	314	191	239
mmu-miR-32-3p	35	14	5	16	27	33
mmu-miR-18a-5p	85	65	14	81	50	62
mmu-miR-18a-3p	416	72	37	109	399	287
mmu-miR-3105-5p	4	2	0	0	0	2
mmu-miR-3105-3p	29	20	5	17	26	20
mmu-miR-8111	39	14	3	25	36	43
mmu-miR-6238	2	0	5	7	2	5
mmu-miR-582-5p	275	426	87	430	224	205
mmu-miR-582-3p	565	378	695	193	388	467
mmu-miR-7073-5p	1	1	0	0	0	2
mmu-miR-376b-5p	76	45	17	39	77	81
mmu-miR-376b-3p	7	6	2	9	9	3
mmu-miR-3471	258	166	17	190	100	114
mmu-miR-6911-5p	2	0	0	0	0	1
mmu-miR-6911-3p	5	4	2	6	11	15
mmu-miR-210-5p	11	10	3	7	16	16
mmu-miR-210-3p	309	333	127	193	204	276
mmu-miR-204-3p	1	0	0	0	0	0
mmu-miR-204-5p	218	175	44	181	97	198
mmu-miR-1927	11	1	1	0	11	16
mmu-miR-7668-5p	4	3	3	2	4	9
mmu-miR-7668-3p	5	0	0	0	1	5
mmu-miR-205-3p	11	2	0	1	2	0
mmu-miR-205-5p	518	209	62	102	130	114
mmu-miR-6390	5	5	6	5	4	3
mmu-miR-3473d	30	34	6	21	23	45
mmu-miR-194-2-3p	4	1	1	2	0	3
mmu-miR-877-5p	148	18	9	36	103	85
mmu-miR-877-3p	92	59	21	63	77	65
mmu-miR-7a-1-3p	131	107	30	89	86	132
mmu-miR-6988-3p	88	24	9	25	80	60
mmu-miR-6988-5p	1	0	0	0	0	0
mmu-miR-300-3p	195	171	60	140	131	122
mmu-miR-300-5p	0	0	0	2	0	0
mmu-miR-7072-3p	1	0	0	0	1	0
mmu-miR-7072-5p	0	0	1	0	0	0
mmu-miR-466h-5p	11	3	2	2	5	8
mmu-miR-466h-3p	12	0	1	3	3	5
mmu-miR-1249-5p	1	0	0	0	0	0
mmu-miR-1249-3p	820	360	156	411	691	644
mmu-miR-29b-1-5p	17	8	3	9	18	20
mmu-miR-669a-5p	29	0	0	5	0	37
mmu-miR-669a-3p	18	32	1	0	9	0
mmu-miR-669o-5p	18	3	2	6	10	17
mmu-miR-669o-3p	2	6	0	3	1	5
mmu-miR-1943-3p	6	1	1	3	7	2
mmu-miR-1943-5p	658	130	110	153	493	560
mmu-miR-6946-5p	1	0	0	1	3	1
mmu-miR-6946-3p	31	11	3	14	25	22
mmu-miR-874-3p	466	230	76	235	397	307
mmu-miR-874-5p	23	7	3	1	24	19
mmu-miR-137-3p	3	2	0	0	0	0
mmu-miR-122-5p	247	54	34	20	137	403
mmu-miR-122-3p	2	1	2	0	0	3
mmu-miR-673-5p	47	54	11	30	30	37
mmu-miR-673-3p	17	6	10	6	10	8
mmu-miR-5100	84	15	9	31	48	69
mmu-miR-7044-5p	0	0	0	1	0	0
mmu-miR-7044-3p	18	12	5	4	10	18
mmu-miR-6516-5p	69	39	9	27	63	83
mmu-miR-6516-3p	3	6	1	7	3	0
mmu-miR-211-5p	210	62	5	40	109	90
mmu-miR-211-3p	3	0	0	0	0	0
mmu-miR-345-5p	257	403	124	324	168	213
mmu-miR-345-3p	525	314	215	161	409	518
mmu-miR-296-5p	17	11	6	9	4	10
mmu-miR-296-3p	5	1	2	3	6	8
mmu-miR-3082-5p	4	0	1	1	1	4
mmu-miR-3082-3p	319	105	64	98	248	207
mmu-miR-3964	18	3	0	23	14	13
mmu-miR-331-5p	57	16	8	4	44	56
mmu-miR-331-3p	68	128	56	114	60	90
mmu-miR-6944-5p	0	1	0	0	0	0
mmu-miR-6944-3p	29	26	11	33	29	20
mmu-miR-708-5p	110	118	21	32	38	44
mmu-miR-708-3p	72	177	21	78	56	37
mmu-miR-434-5p	322	157	50	68	199	199
mmu-miR-434-3p	270	180	75	84	189	244
mmu-miR-212-5p	67	23	9	38	82	100
mmu-miR-212-3p	43	14	6	41	28	61
mmu-miR-132-5p	20	9	3	10	11	13
mmu-miR-132-3p	138	159	91	119	101	184
mmu-miR-184-3p	162	139	55	49	119	140
mmu-miR-33-3p	27	36	10	23	24	30
mmu-miR-33-5p	49	23	12	17	29	35
mmu-miR-700-5p	81	142	65	153	52	64
mmu-miR-700-3p	95	45	16	47	75	84
mmu-miR-139-3p	88	7	2	12	63	45
mmu-miR-139-5p	230	120	24	99	145	204
mmu-miR-379-5p	172	92	57	40	133	131
mmu-miR-379-3p	9	11	7	10	9	7
mmu-miR-669b-5p	19	7	4	10	16	21
mmu-miR-669b-3p	2	0	0	0	0	0
mmu-miR-187-5p	83	22	10	22	65	90
mmu-miR-187-3p	169	99	38	104	94	102
mmu-miR-669p-5p	23	3	5	7	14	29
mmu-miR-669p-3p	1	0	0	0	0	0
mmu-miR-1941-5p	40	4	7	11	23	39
mmu-miR-1941-3p	44	26	9	41	32	45
mmu-miR-3091-5p	0	1	0	0	1	0
mmu-miR-3091-3p	3	1	0	4	1	2
mmu-miR-7068-3p	181	166	57	166	122	145
mmu-miR-8103	81	19	10	21	79	61
mmu-miR-5132-3p	2	2	0	3	0	2
mmu-miR-5132-5p	0	0	1	0	0	0
mmu-miR-128-1-5p	33	16	13	20	17	12
mmu-miR-5124a	7	0	0	0	7	7
mmu-miR-3086-5p	54	48	36	72	40	55
mmu-miR-3086-3p	1	1	0	3	1	2
mmu-miR-7069-3p	2	0	0	0	1	2
mmu-miR-7069-5p	2	0	0	1	1	0
mmu-miR-3569-5p	0	0	0	1	0	0
mmu-miR-3569-3p	2	0	0	0	0	2
mmu-miR-491-5p	20	8	2	6	8	10
mmu-miR-491-3p	0	2	1	4	3	1
mmu-miR-6919-5p	0	2	0	1	0	0
mmu-miR-6919-3p	3	0	0	0	1	1
mmu-miR-1968-5p	35	11	14	8	32	76
mmu-miR-1968-3p	4	1	0	1	5	1
mmu-miR-411-5p	172	172	75	200	113	102
mmu-miR-411-3p	12	18	6	12	6	5
mmu-miR-467c-5p	34	6	2	20	34	45
mmu-miR-467c-3p	2	3	1	3	1	1
mmu-miR-382-5p	22	5	3	6	11	8
mmu-miR-382-3p	3	8	2	4	0	3
mmu-miR-301b-3p	41	15	7	32	22	39
mmu-miR-6989-5p	1	0	0	0	2	2
mmu-miR-6989-3p	26	0	4	5	21	8
mmu-miR-297c-5p	0	0	0	1	2	0
mmu-miR-297c-3p	9	3	1	6	6	3
mmu-miR-297a-5p	6	1	1	2	5	0
mmu-miR-297b-5p	2	1	0	3	5	7
mmu-miR-190a-3p	4	19	3	10	7	12
mmu-miR-190a-5p	98	189	96	159	65	80
mmu-let-7k	67	15	14	17	40	65
mmu-miR-1198-5p	399	223	107	254	275	400
mmu-miR-1198-3p	10	5	1	4	10	3
mmu-miR-7031-5p	0	0	0	0	4	2
mmu-miR-7031-3p	2	0	0	1	0	4
mmu-miR-669c-5p	58	24	13	21	36	51
mmu-miR-669c-3p	1	1	0	2	0	2
mmu-miR-1199-5p	48	10	18	8	23	45
mmu-miR-1199-3p	10	5	2	5	5	7
mmu-miR-709	32	9	2	5	11	28
mmu-miR-3076-5p	1	1	1	0	0	1
mmu-miR-3076-3p	10	2	2	6	13	7
mmu-miR-3057-5p	122	42	45	66	131	138
mmu-miR-3057-3p	3	0	0	2	0	5
mmu-miR-381-3p	186	222	82	62	115	108
mmu-miR-466d-5p	4	2	0	3	4	8
mmu-miR-466d-3p	13	7	0	8	9	13
mmu-miR-378d	9	7	7	15	1	4
mmu-miR-298-5p	74	18	10	16	50	51
mmu-miR-298-3p	0	0	0	1	0	0
mmu-miR-466i-5p	84	24	7	20	29	77
mmu-miR-466i-3p	4	2	0	2	0	5
mmu-miR-500-5p	9	3	2	3	3	10
mmu-miR-500-3p	96	130	65	123	63	91
mmu-miR-7046-3p	9	6	0	7	2	9
mmu-miR-7046-5p	0	0	0	0	0	1
mmu-miR-409-5p	12	8	0	3	6	7
mmu-miR-409-3p	46	63	20	48	25	26
mmu-miR-5107-5p	35	0	0	5	24	24
mmu-miR-5107-3p	27	7	2	9	15	13
mmu-miR-380-3p	5	6	0	2	0	4
mmu-miR-7016-3p	3	0	0	1	1	0
mmu-miR-18b-5p	6	3	2	6	5	4
mmu-miR-18b-3p	22	2	0	3	23	5
mmu-miR-410-3p	109	147	60	56	72	80
mmu-miR-669d-5p	7	2	4	11	3	8
mmu-miR-3060-3p	57	35	14	31	62	62
mmu-miR-505-5p	23	4	4	4	18	19
mmu-miR-505-3p	16	10	4	17	9	10
mmu-miR-1955-5p	58	11	9	12	37	56
mmu-miR-1955-3p	8	6	4	10	7	9
mmu-miR-6926-3p	3	0	0	0	1	1
mmu-miR-6418-3p	34	6	0	5	48	25
mmu-miR-466g	24	6	3	8	7	15
mmu-miR-6963-5p	0	0	0	0	1	0
mmu-miR-6963-3p	7	2	0	1	5	5
mmu-miR-7074-3p	1	0	0	0	0	0
mmu-miR-147-5p	29	27	3	64	24	30
mmu-miR-147-3p	20	11	7	36	9	4
mmu-miR-488-3p	5	3	3	3	3	4
mmu-miR-7226-3p	60	39	23	19	57	39
mmu-miR-3064-5p	3	1	0	4	2	3
mmu-miR-3064-3p	6	3	2	5	2	2
mmu-miR-6935-3p	1	0	0	0	1	1
mmu-miR-6935-5p	1	0	0	0	1	0
mmu-miR-433-3p	22	10	3	3	10	9
mmu-miR-7688-5p	14	9	3	7	13	15
mmu-miR-6952-3p	32	7	5	2	29	21
mmu-miR-6952-5p	3	1	0	3	2	3
mmu-miR-677-5p	33	81	36	42	20	51
mmu-miR-677-3p	3	2	2	0	4	0
mmu-miR-7028-5p	0	0	0	0	1	0
mmu-miR-7028-3p	1	0	0	0	0	0
mmu-miR-467d-5p	17	5	3	8	19	21
mmu-miR-467d-3p	27	8	8	20	7	17
mmu-miR-8097	3	1	0	2	1	3
mmu-miR-499-5p	15	3	2	2	6	5
mmu-miR-6992-5p	1	1	0	1	0	0
mmu-miR-7243-5p	3	0	0	0	0	2
mmu-miR-3074-5p	16	1	2	3	7	25
mmu-miR-3074-1-3p	31	16	1	11	17	15
mmu-miR-5128	11	2	1	3	5	1
mmu-miR-6240	21	148	168	307	11	41
mmu-miR-467a-5p	0	0	4	3	1	8
mmu-miR-6921-3p	7	2	0	1	4	1
mmu-miR-3095-5p	1	0	0	0	0	0
mmu-miR-3095-3p	2	0	1	3	2	2
mmu-miR-1668	87	31	29	25	58	62
mmu-miR-5129-5p	0	3	2	1	1	5
mmu-miR-5129-3p	15	13	2	20	11	14
mmu-miR-672-5p	145	67	55	95	111	126
mmu-miR-672-3p	5	1	3	5	4	3
mmu-miR-1983	7	5	1	7	1	10
mmu-miR-690	72	20	15	56	43	26
mmu-miR-135b-5p	8	4	3	6	2	5
mmu-miR-135b-3p	0	0	0	1	0	0
mmu-miR-9-5p	4	14	5	22	5	5
mmu-miR-9-3p	1	4	0	2	0	0
mmu-miR-5101	15	4	5	4	8	4
mmu-miR-369-5p	1	2	2	1	3	0
mmu-miR-369-3p	21	15	12	18	9	6
mmu-miR-5121	3	1	4	5	4	4
mmu-miR-1947-5p	88	27	21	45	88	87
mmu-miR-1947-3p	2	0	0	0	0	0
mmu-miR-467e-5p	40	22	9	20	31	36
mmu-miR-450a-1-3p	8	11	6	7	4	10
mmu-miR-592-5p	12	2	1	3	6	5
mmu-miR-615-3p	4	5	2	2	4	2
mmu-miR-7224-3p	48	29	17	61	28	40
mmu-miR-6540-5p	15	6	4	10	13	22
mmu-miR-6540-3p	1	1	0	0	0	0
mmu-miR-466c-5p	12	5	0	1	4	1
mmu-miR-466c-3p	16	9	3	12	16	30
mmu-miR-540-3p	11	10	2	1	12	8
mmu-miR-540-5p	22	15	2	2	10	15
mmu-miR-6899-5p	0	1	1	0	0	1
mmu-miR-6899-3p	45	26	13	36	39	43
mmu-miR-1191a	24	15	5	15	6	13
mmu-miR-6971-3p	35	11	13	20	37	29
mmu-miR-3061-5p	15	6	4	7	14	13
mmu-miR-3061-3p	33	12	11	30	30	32
mmu-miR-1195	63	28	8	39	29	42
mmu-miR-190b-5p	48	36	19	31	23	24
mmu-miR-190b-3p	8	2	0	1	8	5
mmu-miR-6991-3p	2	3	0	0	1	0
mmu-miR-6958-3p	1	2	0	3	0	1
mmu-miR-7019-3p	15	4	1	2	9	17
mmu-miR-5619-3p	4	0	0	0	1	2
mmu-miR-3473h-5p	3	3	1	0	0	0
mmu-miR-3109-5p	5	3	1	1	1	2
mmu-miR-3109-3p	28	4	3	4	21	23
mmu-miR-3074-2-3p	0	0	0	0	1	0
mmu-miR-6997-3p	0	0	0	1	0	1
mmu-miR-6997-5p	2	0	0	0	0	1
mmu-miR-138-5p	28	12	3	14	6	6
mmu-miR-138-1-3p	2	1	0	0	7	1
mmu-miR-188-3p	32	15	2	12	22	33
mmu-miR-188-5p	16	31	11	25	18	13
mmu-miR-7646-5p	7	3	1	2	1	0
mmu-miR-344d-3p	12	4	0	0	0	2
mmu-miR-1945	1	1	0	0	1	3
mmu-miR-3473e	5	0	0	0	1	0
mmu-miR-3473b	6	0	2	1	1	4
mmu-miR-7667-5p	4	0	0	0	3	2
mmu-miR-7667-3p	2	0	0	0	2	1
mmu-miR-7061-5p	3	0	0	0	0	0
mmu-miR-7061-3p	2	1	0	0	0	1
mmu-miR-483-3p	1	1	3	3	1	1
mmu-miR-483-5p	3	1	0	0	0	0
mmu-miR-7060-5p	0	0	0	6	0	1
mmu-miR-7060-3p	2	0	0	0	1	1
mmu-miR-3069-5p	1	3	0	5	1	0
mmu-miR-3069-3p	4	7	1	3	2	5
mmu-miR-467b-3p	1	0	0	0	0	0
mmu-miR-467b-5p	4	1	0	2	1	1
mmu-miR-547-3p	9	5	1	7	5	4
mmu-miR-337-5p	34	20	8	12	18	25
mmu-miR-337-3p	24	18	7	12	9	13
mmu-miR-12195-5p	0	0	0	0	0	1
mmu-miR-12195-3p	11	4	2	7	3	8
mmu-miR-12199-3p	10	8	4	10	11	20
mmu-miR-6901-5p	9	4	3	11	8	13
mmu-miR-6901-3p	1	2	2	0	0	3
mmu-miR-6993-3p	1	1	0	1	0	0
mmu-miR-341-3p	20	30	6	6	5	4
mmu-miR-378b	2	5	1	2	2	2
mmu-miR-653-5p	57	114	75	115	53	98
mmu-miR-653-3p	0	1	0	0	0	0
mmu-miR-7015-3p	25	7	6	12	25	20
mmu-miR-7015-5p	0	1	0	0	0	0
mmu-miR-6957-5p	1	0	0	0	1	2
mmu-miR-6957-3p	1	2	0	0	0	1
mmu-miR-145b	2	4	0	3	6	3
mmu-miR-598-3p	52	40	26	98	29	51
mmu-miR-669f-5p	4	0	1	1	5	6
mmu-miR-669f-3p	6	3	1	1	7	11
mmu-miR-704	5	0	1	0	4	2
mmu-miR-1231-5p	0	2	0	0	2	0
mmu-miR-1231-3p	3	0	1	2	3	4
mmu-miR-12194-3p	4	1	0	2	5	3
mmu-miR-1933-5p	0	0	0	0	1	0
mmu-miR-1933-3p	7	2	1	4	6	5
mmu-miR-1291	1	1	0	3	2	4
mmu-miR-7116-5p	1	0	0	0	0	0
mmu-miR-7116-3p	20	10	3	6	8	15
mmu-miR-376c-3p	10	12	6	14	9	16
mmu-miR-1954	5	4	1	2	6	6
mmu-miR-1982-5p	0	0	1	0	0	1
mmu-miR-1982-3p	24	11	4	13	19	17
mmu-miR-3572-3p	9	8	3	13	8	16
mmu-miR-3572-5p	1	0	0	0	0	0
mmu-miR-3472	3	9	0	5	0	2
mmu-miR-5126	9	0	2	0	6	8
mmu-miR-12202-5p	3	0	0	0	1	0
mmu-miR-12202-3p	3	0	0	3	2	0
mmu-miR-12206-5p	3	0	0	3	0	0
mmu-miR-7091-5p	5	1	3	0	2	1
mmu-miR-7091-3p	1	2	0	0	1	3
mmu-miR-6353	1	0	1	0	0	1
mmu-miR-452-5p	20	21	8	19	18	16
mmu-miR-452-3p	0	1	0	0	0	1
mmu-miR-3088-3p	10	4	0	3	4	1
mmu-miR-666-5p	23	5	2	7	10	7
mmu-miR-666-3p	1	1	0	0	0	0
mmu-miR-667-3p	8	9	3	6	6	6
mmu-miR-20b-5p	25	21	0	22	24	15
mmu-miR-20b-3p	1	1	0	0	1	0
mmu-miR-6903-3p	2	0	0	0	0	0
mmu-miR-3547-3p	2	1	0	3	2	6
mmu-miR-466f-5p	0	0	0	1	0	3
mmu-miR-466f-3p	15	1	2	6	14	8
mmu-miR-6539	3	1	3	4	4	3
mmu-miR-3970	0	1	0	0	1	1
mmu-miR-383-5p	11	5	6	3	7	5
mmu-miR-466n-3p	2	2	0	0	1	1
mmu-miR-7b-5p	49	25	27	28	26	18
mmu-miR-7b-3p	0	1	0	0	0	0
mmu-miR-3473c	6	0	0	2	4	3
mmu-miR-329-5p	21	35	7	8	8	12
mmu-miR-329-3p	7	12	4	10	4	2
mmu-miR-1187	8	2	2	1	2	3
mmu-miR-376a-3p	7	3	0	2	8	3
mmu-miR-376a-5p	2	2	0	0	1	1
mmu-miR-6970-5p	4	1	2	0	0	0
mmu-miR-6970-3p	0	0	0	1	0	0
mmu-miR-6914-3p	5	0	0	0	14	15
mmu-miR-1895	26	10	9	8	10	31
mmu-miR-7675-3p	7	1	1	1	1	0
mmu-miR-1949	1	0	0	1	2	1
mmu-miR-669a-3-3p	0	7	0	1	0	2
mmu-miR-466b-5p	1	0	0	0	0	0
mmu-miR-466b-3p	0	0	0	0	1	0
mmu-miR-466a-5p	3	0	0	1	4	0
mmu-miR-466p-5p	1	1	0	0	0	0
mmu-miR-466e-5p	3	0	0	0	2	1
mmu-miR-5114	45	24	6	21	40	43
mmu-miR-12191-3p	4	0	0	6	15	8
mmu-miR-760-5p	0	0	1	0	1	0
mmu-miR-760-3p	14	2	6	2	3	11
mmu-miR-7213-5p	13	1	0	4	8	16
mmu-miR-7213-3p	0	0	0	3	2	0
mmu-miR-106a-5p	10	7	3	11	10	16
mmu-miR-3070-5p	4	0	0	0	0	1
mmu-miR-7010-5p	4	2	3	3	4	6
mmu-miR-7010-3p	0	0	0	0	0	1
mmu-miR-3473a	17	6	0	5	6	14
mmu-miR-5123	3	2	0	1	3	6
mmu-miR-3113-3p	1	0	0	1	0	0
mmu-miR-344-3p	19	15	7	14	18	23
mmu-miR-3098-5p	5	0	0	0	3	0
mmu-miR-3098-3p	5	0	1	2	2	9
mmu-miR-7054-5p	0	1	1	0	0	1
mmu-miR-7054-3p	1	1	0	0	0	0
mmu-miR-6925-5p	5	1	0	0	2	6
mmu-miR-6925-3p	2	0	1	0	0	0
mmu-miR-30f	11	9	4	6	14	9
mmu-miR-195b	2	2	2	2	2	1
mmu-miR-701-5p	1	1	0	1	1	2
mmu-miR-701-3p	1	1	1	1	3	2
mmu-miR-7236-3p	11	9	1	2	8	11
mmu-miR-3066-5p	9	10	6	15	8	9
mmu-miR-3066-3p	0	1	1	1	0	0
mmu-miR-6968-5p	0	0	0	0	0	1
mmu-miR-6968-3p	9	2	1	3	6	7
mmu-miR-299a-3p	13	20	7	6	6	5
mmu-miR-299a-5p	6	19	6	8	2	3
mmu-miR-6996-5p	16	4	1	1	19	10
mmu-miR-6996-3p	0	0	1	2	0	1
mmu-miR-6975-3p	10	1	1	3	7	5
mmu-miR-7689-3p	2	0	0	0	0	3
mmu-miR-7687-5p	2	0	0	0	4	2
mmu-miR-129-5p	2	2	1	2	0	4
mmu-miR-129-2-3p	5	6	3	4	1	6
mmu-miR-1934-5p	7	3	0	4	6	5
mmu-miR-1934-3p	1	0	0	1	0	1
mmu-miR-6906-5p	0	0	0	1	0	0
mmu-miR-6906-3p	6	0	0	1	3	2
mmu-miR-7655-5p	6	6	6	5	7	7
mmu-miR-6994-5p	0	0	0	0	0	1
mmu-miR-6994-3p	3	0	0	4	2	1
mmu-miR-6960-5p	9	4	2	1	8	5
mmu-miR-6415	1	0	0	0	0	0
mmu-miR-6933-3p	1	1	0	1	0	0
mmu-miR-6933-5p	3	2	1	0	1	4
mmu-miR-344d-3-5p	0	0	0	0	2	0
mmu-miR-6940-3p	4	2	3	2	1	0
mmu-miR-489-5p	0	1	0	0	0	0
mmu-miR-489-3p	25	17	9	35	14	31
mmu-miR-196b-5p	20	2	1	3	24	29
mmu-miR-196b-3p	1	0	0	0	0	0
mmu-miR-7219-3p	9	3	2	4	3	4
mmu-miR-1948-5p	4	2	2	4	0	6
mmu-miR-1948-3p	10	2	0	3	10	7
mmu-miR-377-3p	5	9	1	7	13	10
mmu-miR-377-5p	4	1	0	1	0	0
mmu-miR-3058-5p	5	0	1	1	2	3
mmu-miR-3058-3p	6	1	1	3	5	4
mmu-miR-1966-5p	1	0	0	0	1	1
mmu-miR-1966-3p	9	4	3	10	25	26
mmu-miR-7075-5p	0	1	0	0	0	0
mmu-miR-7075-3p	15	6	2	8	18	18
mmu-miR-138-2-3p	1	1	0	0	2	0
mmu-miR-293-5p	2	1	1	1	1	1
mmu-miR-293-3p	3	1	1	0	1	0
mmu-miR-7063-5p	8	1	0	0	1	11
mmu-miR-7063-3p	9	2	1	1	11	4
mmu-miR-6985-3p	19	13	1	9	19	26
mmu-miR-6985-5p	1	0	0	0	0	1
mmu-miR-3094-3p	2	0	0	0	0	0
mmu-miR-1188-5p	2	0	1	0	0	1
mmu-miR-7064-5p	1	0	0	0	0	0
mmu-miR-3083b-5p	0	1	0	0	0	0
mmu-miR-3083b-3p	1	0	0	0	0	0
mmu-miR-346-5p	4	1	1	12	1	2
mmu-miR-7058-3p	8	4	0	2	9	1
mmu-miR-3103-5p	7	1	0	0	3	5
mmu-miR-3103-3p	18	3	4	12	12	8
mmu-miR-3097-5p	2	1	0	4	4	5
mmu-miR-3097-3p	5	3	1	5	2	7
mmu-miR-1903	7	2	1	1	2	1
mmu-miR-7021-5p	0	3	0	1	3	2
mmu-miR-7021-3p	3	0	0	0	3	2
mmu-miR-7215-5p	1	0	0	0	0	0
mmu-miR-7215-3p	1	0	0	0	0	0
mmu-miR-5122	2	0	1	2	14	7
mmu-miR-7079-3p	4	2	0	1	3	6
mmu-miR-3063-3p	1	1	0	0	0	0
mmu-miR-7671-5p	1	0	1	0	3	0
mmu-miR-7671-3p	0	0	1	0	1	0
mmu-miR-1193-5p	1	0	1	0	0	0
mmu-miR-1193-3p	3	2	0	0	0	1
mmu-miR-7662-5p	0	0	0	2	0	0
mmu-miR-7662-3p	4	2	0	1	3	1
mmu-miR-8116	3	0	0	1	9	14
mmu-miR-12193-5p	1	0	0	0	0	0
mmu-miR-12193-3p	2	0	1	0	3	0
mmu-miR-7059-5p	10	1	0	2	5	11
mmu-miR-6948-3p	12	1	2	5	5	6
mmu-miR-6948-5p	0	0	0	1	1	1
mmu-miR-6945-3p	6	3	0	3	3	3
mmu-miR-7004-5p	1	2	0	1	0	0
mmu-miR-7004-3p	0	0	0	0	4	2
mmu-miR-6980-3p	5	3	0	1	4	9
mmu-miR-6980-5p	0	2	0	0	3	0
mmu-miR-487b-5p	0	1	0	0	0	1
mmu-miR-487b-3p	10	4	3	1	9	2
mmu-miR-7094-3p	4	0	0	0	1	1
mmu-miR-294-5p	1	0	0	0	0	0
mmu-miR-5119	2	0	0	0	1	0
mmu-miR-7033-5p	2	2	0	0	0	0
mmu-miR-7025-3p	5	8	3	4	5	9
mmu-miR-7084-5p	2	0	0	2	1	2
mmu-miR-7084-3p	1	0	2	1	1	2
mmu-miR-6395	3	0	2	0	0	0
mmu-miR-7237-3p	3	6	6	2	2	1
mmu-miR-3475-3p	2	1	0	1	0	3
mmu-miR-3089-5p	1	1	1	0	0	0
mmu-miR-3089-3p	5	6	0	2	3	3
mmu-miR-6964-3p	6	0	2	1	2	5
mmu-miR-6955-5p	3	2	0	4	2	0
mmu-miR-6955-3p	2	0	1	2	1	1
mmu-miR-7065-5p	1	1	0	1	0	0
mmu-miR-7065-3p	0	0	0	1	1	1
mmu-miR-5103	2	1	0	3	3	3
mmu-miR-129-1-3p	1	3	0	0	0	0
mmu-miR-7082-5p	0	0	0	0	1	0
mmu-miR-7082-3p	1	0	0	1	0	1
mmu-miR-6360	1	0	0	0	0	0
mmu-miR-201-5p	8	7	1	10	3	5
mmu-miR-5113	5	1	4	4	5	4
mmu-miR-485-3p	5	1	2	7	3	5
mmu-miR-485-5p	6	1	2	7	7	7
mmu-miR-8096	1	1	0	0	1	0
mmu-miR-5627-5p	1	0	0	0	0	0
mmu-miR-5627-3p	2	5	0	5	1	3
mmu-miR-8118	3	0	2	5	1	4
mmu-miR-466q	0	2	0	1	1	2
mmu-miR-7070-3p	6	0	0	1	1	1
mmu-miR-3073b-3p	1	2	0	0	1	0
mmu-miR-7035-5p	0	0	0	0	1	0
mmu-miR-7035-3p	4	1	0	0	3	1
mmu-miR-6986-5p	3	2	1	0	6	5
mmu-miR-7653-5p	0	0	1	0	0	1
mmu-miR-7653-3p	5	0	1	0	0	4
mmu-miR-7042-5p	1	0	1	0	1	3
mmu-miR-7042-3p	7	2	0	2	9	2
mmu-miR-216a-3p	0	0	0	0	1	1
mmu-miR-216a-5p	1	0	0	0	0	0
mmu-miR-6953-3p	3	0	1	3	4	3
mmu-miR-12189-3p	1	0	0	0	0	0
mmu-miR-6896-5p	3	1	1	0	1	0
mmu-miR-344b-3p	0	0	0	1	0	0
mmu-miR-344b-5p	1	0	0	0	0	0
mmu-miR-669e-5p	1	1	0	0	0	0
mmu-miR-669e-3p	1	0	0	0	0	0
mmu-miR-5134-3p	1	0	0	0	0	2
mmu-miR-706	3	2	0	0	0	1
mmu-miR-3065-5p	4	2	0	1	1	2
mmu-miR-3065-3p	0	0	0	1	1	0
mmu-miR-761	1	0	0	0	0	0
mmu-miR-6934-3p	1	1	1	0	1	0
mmu-miR-6934-5p	1	0	0	0	0	2
mmu-miR-3087-5p	0	0	0	0	1	2
mmu-miR-3087-3p	5	2	4	4	1	2
mmu-miR-6981-5p	1	0	1	0	1	0
mmu-miR-6981-3p	11	2	2	2	6	10
mmu-miR-6979-3p	6	1	1	2	1	0
mmu-miR-8094	12	1	2	17	14	11
mmu-miR-3969	1	0	0	0	0	0
mmu-miR-551b-5p	0	0	0	0	1	0
mmu-miR-551b-3p	2	4	1	1	4	3
mmu-miR-668-3p	11	6	3	5	9	18
mmu-miR-1950	1	1	0	1	0	0
mmu-miR-7023-3p	3	1	0	2	1	1
mmu-miR-6962-3p	0	0	0	0	1	0
mmu-miR-6962-5p	1	0	0	0	0	0
mmu-miR-6367	1	0	0	0	0	0
mmu-miR-669m-5p	1	0	0	0	0	0
mmu-miR-669m-3p	1	1	1	0	0	0
mmu-miR-3473f	5	2	2	2	0	2
mmu-miR-3108-5p	3	0	0	0	2	0
mmu-miR-3108-3p	1	0	0	0	0	0
mmu-miR-7649-3p	5	4	0	0	1	1
mmu-miR-6995-5p	1	0	0	0	1	0
mmu-miR-6995-3p	2	0	0	1	1	0
mmu-miR-6897-5p	3	0	0	0	1	0
mmu-miR-6897-3p	1	0	0	0	0	0
mmu-miR-292b-5p	2	0	0	0	2	1
mmu-miR-6916-5p	2	0	0	3	1	4
mmu-miR-6916-3p	0	0	1	0	0	0
mmu-miR-7017-5p	1	1	0	0	1	2
mmu-miR-7017-3p	4	0	0	0	0	0
mmu-miR-6905-5p	1	0	0	0	0	0
mmu-miR-6959-5p	2	1	1	0	3	0
mmu-miR-6959-3p	2	0	0	3	0	1
mmu-miR-802-5p	3	2	1	0	3	4
mmu-miR-802-3p	1	0	0	0	0	0
mmu-miR-6998-5p	0	0	1	0	1	1
mmu-miR-6998-3p	1	0	0	0	0	0
mmu-miR-1258-5p	1	1	0	2	0	1
mmu-miR-1258-3p	0	0	0	1	0	0
mmu-miR-7076-3p	2	0	0	0	0	0
mmu-miR-470-5p	3	4	2	2	0	0
mmu-miR-6978-3p	2	4	0	3	3	1
mmu-miR-6978-5p	1	0	0	0	0	0
mmu-miR-3967	1	0	0	1	1	0
mmu-miR-7047-3p	2	0	0	0	0	0
mmu-miR-5104	3	0	0	0	1	1
mmu-miR-6954-5p	0	0	0	0	0	1
mmu-miR-6954-3p	1	0	0	1	0	2
mmu-miR-873a-5p	1	1	0	0	1	0
mmu-miR-873a-3p	0	2	0	0	2	0
mmu-miR-370-5p	1	1	0	0	0	1
mmu-miR-370-3p	2	3	0	0	5	5
mmu-miR-7036b-5p	1	3	1	0	0	0
mmu-miR-7036b-3p	0	0	0	0	0	1
mmu-miR-3960	8	2	0	2	3	2
mmu-miR-3099-3p	3	0	0	1	0	2
mmu-miR-1930-5p	2	1	0	0	0	1
mmu-miR-1930-3p	1	1	0	0	0	0
mmu-miR-5120	10	6	1	2	3	1
mmu-miR-698-3p	1	0	0	0	0	0
mmu-miR-7009-3p	0	0	0	0	0	1
mmu-miR-7009-5p	1	0	0	1	0	0
mmu-miR-496a-3p	3	16	4	17	0	3
mmu-miR-466m-3p	0	0	0	0	1	0
mmu-miR-6909-3p	2	0	0	0	0	0
mmu-miR-6909-5p	0	1	0	0	1	1
mmu-miR-6244	1	0	0	0	0	0
mmu-miR-3473g	4	2	0	2	1	4
mmu-miR-9768-5p	1	0	0	0	0	0
mmu-miR-9768-3p	1	0	0	0	0	0
mmu-miR-6922-3p	2	2	0	1	5	2
mmu-miR-6922-5p	2	1	0	0	0	0
mmu-miR-7039-3p	2	0	0	1	1	1
mmu-miR-3154	1	0	0	1	2	1
mmu-miR-5108	1	0	0	0	1	2
mmu-miR-1938	2	0	0	0	0	0
mmu-miR-6939-3p	2	0	0	0	1	1
mmu-miR-7659-5p	3	0	0	0	0	0
mmu-miR-7081-5p	1	0	0	0	0	0
mmu-miR-7081-3p	0	1	0	0	0	0
mmu-miR-679-5p	2	4	1	0	2	4
mmu-miR-494-3p	2	3	0	2	2	3
mmu-miR-219c-5p	4	0	0	0	2	2
mmu-miR-219c-3p	3	6	2	3	6	5
mmu-miR-12178-3p	3	0	0	0	7	6
mmu-miR-770-5p	0	0	0	0	1	0
mmu-miR-770-3p	1	0	0	0	0	0
mmu-miR-7012-5p	2	0	1	0	0	0
mmu-miR-154-3p	3	0	0	1	1	2
mmu-miR-154-5p	5	13	1	0	9	6
mmu-miR-6976-3p	1	1	0	0	2	5
mmu-miR-6976-5p	1	0	0	1	0	0
mmu-miR-1970	3	0	0	0	0	0
mmu-miR-495-3p	5	11	5	2	0	4
mmu-miR-2137	1	0	0	2	2	2
mmu-miR-466k	1	1	0	0	1	0
mmu-miR-8095	1	0	0	0	0	0
mmu-miR-135a-5p	6	10	0	1	3	1
mmu-miR-135a-1-3p	2	2	1	0	0	0
mmu-miR-7013-5p	3	0	0	0	3	0
mmu-miR-217-5p	1	0	0	0	3	0
mmu-miR-217-3p	0	0	1	0	0	0
mmu-miR-1960	6	1	2	1	5	3
mmu-miR-7022-3p	2	1	0	0	1	0
mmu-miR-3071-3p	1	0	0	0	0	0
mmu-miR-6541	3	2	2	2	1	3
mmu-miR-871-5p	1	1	0	1	0	0
mmu-miR-871-3p	0	9	2	9	0	1
mmu-miR-6538	1	2	2	3	1	2
mmu-miR-935	1	0	0	3	0	0
mmu-miR-412-5p	1	1	0	0	1	0
mmu-miR-412-3p	0	0	1	0	0	0
mmu-miR-1b-3p	4	3	2	0	5	2
mmu-miR-8105	2	1	0	0	3	1
mmu-miR-7045-3p	0	1	0	0	0	0
mmu-miR-7045-5p	2	6	2	9	0	0
mmu-miR-1956	1	2	3	1	2	2
mmu-miR-1224-5p	1	0	0	0	0	0
mmu-miR-1224-3p	1	0	1	2	0	0
mmu-miR-3080-3p	1	0	0	0	1	0
mmu-miR-12201-5p	0	0	0	0	0	1
mmu-miR-12201-3p	1	1	0	1	5	4
mmu-miR-206-3p	2	1	1	1	0	0
mmu-miR-135a-2-3p	0	0	0	0	1	0
mmu-miR-6239	1	0	1	0	1	1
mmu-miR-1969	1	0	0	0	1	2
mmu-miR-7230-3p	1	0	0	0	0	0
mmu-miR-1190	1	0	0	0	0	0
mmu-miR-7092-5p	0	1	0	0	1	0
mmu-miR-7092-3p	2	2	0	0	2	1
mmu-miR-203b-3p	1	13	2	1	1	1
mmu-miR-694	3	1	0	1	1	1
mmu-miR-7006-3p	5	2	0	1	5	2
mmu-miR-8101	1	0	0	0	1	2
mmu-miR-6368	2	0	0	0	0	0
mmu-miR-5617-5p	1	0	0	0	0	0
mmu-miR-1932	1	0	1	2	0	1
mmu-miR-5624-5p	1	0	4	0	1	1
mmu-miR-5624-3p	2	0	0	0	0	0
mmu-miR-344f-3p	1	0	0	0	0	0
mmu-miR-5620-3p	2	0	0	0	1	0
mmu-miR-5620-5p	0	0	1	0	0	0
mmu-miR-7083-3p	2	2	0	2	1	0
mmu-miR-7083-5p	3	4	0	1	2	5
mmu-miR-295-3p	4	4	2	1	2	7
mmu-miR-7658-3p	3	1	0	0	3	2
mmu-miR-6913-3p	3	3	1	3	6	3
mmu-miR-5615-5p	1	0	1	2	0	0
mmu-miR-5615-3p	0	1	0	0	0	0
mmu-miR-5616-5p	1	0	0	0	0	0
mmu-miR-3961	1	1	0	0	0	0
mmu-miR-7067-3p	0	2	0	1	3	2
mmu-miR-7067-5p	1	0	0	0	0	0
mmu-miR-1936	1	0	0	0	0	1
mmu-miR-7681-5p	1	0	0	0	0	0
mmu-miR-12182-3p	1	0	1	0	2	0
mmu-miR-5116	3	0	0	3	1	2
mmu-miR-7117-3p	0	1	0	0	0	0
mmu-miR-7117-5p	2	0	0	0	0	1
mmu-miR-7036a-3p	1	3	0	1	0	1
mmu-miR-7036a-5p	0	0	0	0	0	1
mmu-miR-3966	1	0	0	0	0	0
mmu-miR-1953	1	2	0	1	2	4
mmu-miR-6715-5p	1	0	0	0	0	0
mmu-miR-344h-5p	1	0	0	0	0	0
mmu-miR-344e-5p	1	0	0	0	0	0
mmu-miR-344e-3p	0	0	0	0	1	0
mmu-miR-7032-3p	1	2	0	0	1	2
mmu-miR-7032-5p	0	0	0	0	1	0
mmu-miR-219a-2-3p	0	1	0	0	0	0
mmu-miR-3081-3p	1	1	5	0	8	4
mmu-miR-3962	1	0	0	1	0	0
mmu-miR-12181-5p	1	0	0	1	0	0
mmu-miR-665-3p	1	2	1	1	0	1
mmu-miR-3077-5p	0	0	0	0	1	0
mmu-miR-3077-3p	2	0	0	0	2	1
mmu-miR-7037-3p	1	0	0	0	0	0
mmu-miR-7037-5p	0	0	0	0	1	0
mmu-miR-3110-5p	1	0	0	3	0	1
mmu-miR-6927-3p	1	0	0	0	1	0
mmu-miR-8120	2	2	1	0	1	3
mmu-miR-12205-5p	1	0	1	2	0	3
mmu-miR-7062-3p	0	0	0	0	1	0
mmu-miR-7062-5p	1	0	0	0	0	0
mmu-miR-6932-3p	1	0	0	1	0	0
mmu-miR-6932-5p	2	0	1	1	4	3
mmu-miR-1946a	2	3	0	2	0	1
mmu-miR-7669-5p	1	1	0	2	3	0
mmu-miR-7669-3p	1	0	0	0	0	1
mmu-miR-6942-5p	1	0	0	0	0	3
mmu-miR-7674-5p	0	1	0	0	0	1
mmu-miR-7674-3p	1	0	1	2	1	1
mmu-miR-7086-5p	0	0	0	0	1	1
mmu-miR-7086-3p	1	1	0	0	0	0
mmu-miR-6400	1	0	0	0	0	0
mmu-miR-5621-3p	1	0	0	0	3	3
mmu-miR-6936-5p	2	0	1	0	0	0
mmu-miR-6936-3p	0	0	0	0	1	0
mmu-miR-6394	1	0	0	0	0	0
mmu-miR-3474	1	1	0	0	2	4
mmu-miR-384-5p	2	1	0	1	4	0
mmu-miR-384-3p	1	3	0	0	0	1
mmu-miR-6929-3p	1	0	0	0	0	1
mmu-miR-669l-5p	4	3	0	0	5	11
mmu-miR-325-3p	1	0	0	1	0	1
mmu-miR-202-5p	1	0	0	0	0	0
mmu-miR-467f	1	1	0	0	0	0
mmu-miR-3552	3	2	1	2	3	2
mmu-miR-6380	3	1	1	0	1	1
mmu-miR-344i	1	0	0	0	1	0
mmu-miR-6984-3p	2	2	1	0	2	2
mmu-miR-7211-5p	2	0	0	0	0	0
mmu-miR-7211-3p	0	0	0	0	1	0
mmu-miR-5623-5p	1	0	0	0	0	0
mmu-miR-7007-3p	1	1	0	0	0	1
mmu-miR-7007-5p	0	0	0	0	0	1
mmu-miR-7038-3p	0	0	0	0	3	1
mmu-miR-7038-5p	1	1	0	0	0	0
mmu-miR-1271-5p	0	0	0	0	0	1
mmu-miR-1271-3p	1	1	0	0	0	1
mmu-miR-1931	0	0	0	0	0	2
mmu-miR-12188-5p	1	3	0	2	2	0
mmu-miR-8107	1	0	1	0	0	0
mmu-miR-6915-5p	1	0	0	0	0	0
mmu-miR-6915-3p	1	0	0	0	1	3
mmu-miR-21c	1	1	1	1	1	1
mmu-miR-7040-5p	1	0	0	0	1	1
mmu-miR-7080-3p	1	0	0	0	0	0
mmu-miR-6961-5p	0	0	0	0	2	5
mmu-miR-6961-3p	1	0	0	0	0	1
mmu-miR-7115-5p	0	1	0	0	0	0
mmu-miR-7115-3p	1	0	0	0	0	0
mmu-miR-7650-5p	1	0	0	0	0	0
mmu-miR-7029-3p	1	0	0	0	0	0
mmu-miR-7029-5p	0	0	0	0	0	1
mmu-miR-7011-5p	0	2	0	0	0	0
mmu-miR-7011-3p	1	1	0	0	0	1
mmu-miR-3078-5p	1	1	0	0	1	0
mmu-miR-702-3p	1	0	0	0	0	1
mmu-miR-291a-3p	1	0	0	1	0	0
mmu-miR-7647-5p	1	0	1	1	0	0
mmu-miR-7647-3p	0	0	0	0	0	1
mmu-miR-7048-5p	1	0	1	0	0	0
mmu-miR-7048-3p	0	1	0	1	4	2
mmu-miR-693-3p	1	0	3	3	2	2
mmu-miR-1961	1	0	0	0	1	2
mmu-miR-196a-5p	1	0	2	0	0	1
mmu-miR-196a-2-3p	0	1	0	0	0	0
mmu-miR-6912-3p	0	0	1	0	0	0
mmu-miR-6912-5p	1	1	0	1	0	0
mmu-miR-6537-3p	1	0	0	0	1	0
mmu-miR-7087-3p	1	0	0	0	0	1
mmu-miR-6344	1	0	0	0	0	0
mmu-miR-7684-5p	1	0	0	0	0	0
mmu-miR-3085-3p	0	1	0	0	0	0
mmu-miR-7661-3p	0	1	0	1	1	2
mmu-miR-8098	0	1	0	2	0	0
mmu-miR-741-3p	0	1	0	0	1	0
mmu-miR-6908-3p	0	1	0	0	1	1
mmu-miR-7651-5p	0	1	0	0	2	2
mmu-miR-3062-5p	0	2	0	1	0	0
mmu-miR-6363	0	0	0	0	1	1
mmu-miR-6399	0	2	0	0	0	0
mmu-miR-684	0	1	0	0	0	0
mmu-miR-7679-5p	0	1	0	0	0	0
mmu-miR-7679-3p	0	0	0	1	0	0
mmu-miR-196a-1-3p	0	1	0	0	0	0
mmu-miR-7026-5p	0	0	1	0	0	1
mmu-miR-7026-3p	0	1	0	0	0	2
mmu-miR-3059-5p	0	1	2	0	1	0
mmu-miR-6983-3p	0	1	1	0	0	3
mmu-miR-6983-5p	0	1	0	1	1	1
mmu-miR-6969-5p	0	1	0	0	0	0
mmu-miR-7089-3p	0	1	1	1	1	0
mmu-miR-7089-5p	0	0	0	0	2	1
mmu-miR-7093-3p	0	3	1	1	1	2
mmu-miR-758-3p	0	1	0	3	1	0
mmu-miR-6236	0	5	6	3	0	0
mmu-miR-7018-3p	0	4	2	0	2	2
mmu-miR-6930-5p	0	1	0	0	0	1
mmu-miR-6974-3p	0	1	0	0	0	0
mmu-miR-291b-3p	0	1	0	0	0	0
mmu-miR-12198-3p	0	1	0	0	0	0
mmu-miR-463-5p	0	1	0	0	0	0
mmu-miR-7239-5p	0	1	0	0	0	0
mmu-miR-292a-5p	0	2	1	0	0	0
mmu-miR-292a-3p	0	0	0	0	0	2
mmu-miR-539-3p	0	1	0	0	0	0
mmu-miR-6977-3p	0	1	0	0	0	1
mmu-miR-449b	0	3	0	0	1	1
mmu-miR-12197-3p	0	1	0	0	0	0
mmu-miR-743a-5p	0	1	0	0	0	0
mmu-miR-7077-3p	0	1	0	0	1	0
mmu-miR-1958	0	1	0	0	1	0
mmu-miR-6335	0	1	0	0	0	1
mmu-miR-3101-5p	0	1	0	2	1	0
mmu-miR-12203-3p	0	1	0	0	0	0
mmu-miR-6357	0	1	0	0	0	0
mmu-miR-7654-5p	0	1	0	0	0	0
mmu-miR-1970c-5p	0	0	0	1	0	0
mmu-miR-1970c-3p	0	2	1	0	0	2
mmu-miR-6972-3p	0	1	0	0	1	0
mmu-miR-344c-3p	0	1	0	0	0	0
mmu-miR-6937-5p	0	1	2	2	0	1
mmu-miR-6937-3p	0	2	0	0	0	0
mmu-miR-7683-5p	0	2	0	0	0	0
mmu-miR-465a-3p	0	1	0	1	0	0
mmu-miR-465b-5p	0	0	0	2	0	0
mmu-miR-697	0	1	0	1	0	0
mmu-miR-7057-3p	0	2	0	1	2	0
mmu-miR-7050-3p	0	1	0	0	0	0
mmu-miR-7050-5p	0	0	0	0	0	1
mmu-miR-7055-3p	0	1	0	0	0	0
mmu-miR-6397	0	1	0	0	0	0
mmu-miR-124-3p	0	1	0	0	1	0
mmu-miR-6990-5p	0	2	0	0	1	2
mmu-miR-6990-3p	0	1	0	1	1	2
mmu-miR-7034-3p	0	1	0	0	0	0
mmu-miR-465c-5p	0	1	0	0	0	0
mmu-miR-219b-3p	0	1	0	1	1	0
mmu-miR-7682-3p	0	1	0	0	0	0
mmu-miR-8108	0	1	1	0	0	0
mmu-miR-7231-5p	0	1	1	0	0	0
mmu-miR-544-5p	0	0	0	1	0	0
mmu-miR-544-3p	0	1	0	0	0	1
mmu-miR-7090-3p	0	1	0	1	3	3
mmu-miR-8113	0	1	0	0	0	1
mmu-miR-6943-5p	0	0	1	0	1	0
mmu-miR-6943-3p	0	0	1	1	1	2
mmu-miR-12180-3p	0	0	2	0	0	0
mmu-miR-7670-3p	0	0	1	0	4	1
mmu-miR-467g	0	0	1	0	0	0
mmu-miR-881-5p	0	0	0	1	0	0
mmu-miR-881-3p	0	0	3	1	0	0
mmu-miR-876-5p	0	0	1	0	0	0
mmu-miR-7027-5p	0	0	0	0	1	0
mmu-miR-7027-3p	0	0	1	2	0	0
mmu-miR-8092	0	0	1	1	0	0
mmu-miR-6967-3p	0	0	0	1	0	2
mmu-miR-6967-5p	0	0	1	0	0	0
mmu-miR-6928-3p	0	0	1	2	1	1
mmu-miR-6898-3p	0	0	1	0	0	0
mmu-miR-5125	0	0	1	0	1	0
mmu-miR-1893	0	0	1	1	1	0
mmu-miR-7232-5p	0	0	1	0	0	0
mmu-miR-7232-3p	0	0	0	0	0	1
mmu-miR-7227-3p	0	0	1	0	0	0
mmu-miR-6385	0	0	1	0	0	0
mmu-miR-767	0	0	1	0	0	1
mmu-miR-6481	0	0	0	156	0	0
mmu-miR-7225-5p	0	0	0	1	0	0
mmu-miR-7041-3p	0	0	0	0	1	0
mmu-miR-7041-5p	0	0	0	1	0	1
mmu-miR-7657-3p	0	0	0	1	0	0
mmu-miR-323-3p	0	0	0	1	0	1
mmu-miR-7085-3p	0	0	0	1	2	1
mmu-miR-7085-5p	0	0	0	0	0	1
mmu-miR-670-5p	0	0	0	0	0	1
mmu-miR-670-3p	0	0	0	1	0	0
mmu-miR-7677-3p	0	0	0	2	1	2
mmu-miR-6956-3p	0	0	0	4	1	2
mmu-miR-6956-5p	0	0	0	1	0	1
mmu-miR-126b-3p	0	0	0	1	0	0
mmu-miR-7666-5p	0	0	0	2	0	0
mmu-miR-7664-5p	0	0	0	1	1	1
mmu-miR-7664-3p	0	0	0	1	0	0
mmu-miR-6938-3p	0	0	0	0	1	0
mmu-miR-6938-5p	0	0	0	1	0	0
mmu-miR-1192	0	0	0	1	0	0
mmu-miR-5136	0	0	0	1	0	0
mmu-miR-493-5p	0	0	0	1	3	0
mmu-miR-493-3p	0	0	0	1	1	0
mmu-miR-7673-5p	0	0	0	0	1	0
mmu-miR-7673-3p	0	0	0	1	0	0
mmu-miR-3620-5p	0	0	0	1	0	0
mmu-miR-3620-3p	0	0	0	0	0	1
mmu-miR-6375	0	0	0	1	0	0
mmu-miR-5106	0	0	0	1	0	0
mmu-miR-1894-5p	0	0	0	1	0	0
mmu-miR-6999-3p	0	0	0	1	0	0
mmu-miR-7005-3p	0	0	0	1	1	1
mmu-miR-12187-3p	0	0	0	1	0	0
mmu-miR-497b	0	0	0	1	0	0
mmu-miR-7678-3p	0	0	0	2	0	0
mmu-miR-466l-3p	0	0	0	1	0	0
mmu-miR-6947-3p	0	0	0	1	0	0
mmu-miR-3100-3p	0	0	0	1	1	1
mmu-miR-873b	0	0	0	1	0	0
mmu-miR-743b-5p	0	0	0	1	0	0
mmu-miR-7024-3p	0	0	0	1	0	0
mmu-miR-7024-5p	0	0	0	0	1	1
mmu-miR-692	0	0	0	2	1	0
mmu-miR-7665-3p	0	0	0	1	0	0
mmu-miR-6918-5p	0	0	0	1	0	1
mmu-miR-374c-3p	0	0	0	0	0	1
mmu-miR-12185-3p	0	0	0	1	0	0
mmu-miR-6951-5p	0	0	0	2	1	2
mmu-miR-207	0	0	0	1	1	1
mmu-miR-7118-3p	0	0	0	0	1	1
mmu-miR-7233-5p	0	0	0	0	1	0
mmu-miR-6973a-3p	0	0	0	0	4	2
mmu-miR-1929-5p	0	0	0	0	1	0
mmu-miR-3112-5p	0	0	0	0	3	0
mmu-miR-12200-5p	0	0	0	0	1	0
mmu-miR-12204-5p	0	0	0	0	1	0
mmu-miR-12184-5p	0	0	0	0	2	0
mmu-miR-12184-3p	0	0	0	0	1	0
mmu-miR-7053-5p	0	0	0	0	1	0
mmu-miR-7053-3p	0	0	0	0	1	0
mmu-miR-7000-3p	0	0	0	0	1	0
mmu-miR-7680-5p	0	0	0	0	1	0
mmu-miR-7240-5p	0	0	0	0	1	0
mmu-miR-6413	0	0	0	0	1	0
mmu-miR-7685-5p	0	0	0	0	1	0
mmu-miR-8106	0	0	0	0	1	2
mmu-miR-5131	0	0	0	0	1	0
mmu-miR-216c-5p	0	0	0	0	1	0
mmu-miR-3067-3p	0	0	0	0	1	0
mmu-miR-5130	0	0	0	0	1	0
mmu-miR-7234-5p	0	0	0	0	1	0
mmu-miR-6931-3p	0	0	0	0	1	1
mmu-miR-880-3p	0	0	0	0	1	0
mmu-miR-6904-3p	0	0	0	0	1	0
mmu-miR-6904-5p	0	0	0	0	1	0
mmu-miR-5046	0	0	0	0	2	1
mmu-miR-703	0	0	0	0	1	0
mmu-miR-742-5p	0	0	0	0	1	0
mmu-miR-711	0	0	0	0	1	0
mmu-miR-7003-3p	0	0	0	0	1	0
mmu-miR-1971	0	0	0	0	1	0
mmu-miR-467h	0	0	0	0	1	0
mmu-miR-804	0	0	0	0	1	0
mmu-miR-719	0	0	0	0	1	0
mmu-miR-7014-3p	0	0	0	0	1	0
mmu-miR-5626-3p	0	0	0	0	1	0
mmu-miR-6950-3p	0	0	0	0	1	2
mmu-miR-6416-5p	0	0	0	0	1	0
mmu-miR-7656-5p	0	0	0	0	1	0
mmu-miR-7001-5p	0	0	0	0	0	2
mmu-miR-6917-3p	0	0	0	0	0	1
mmu-miR-6346	0	0	0	0	0	1
mmu-miR-883b-5p	0	0	0	0	0	1
mmu-miR-5622-5p	0	0	0	0	0	2
mmu-miR-3072-3p	0	0	0	0	0	2
mmu-miR-1928	0	0	0	0	0	1
mmu-miR-7214-5p	0	0	0	0	0	1
mmu-miR-8117	0	0	0	0	0	2
mmu-miR-7078-5p	0	0	0	0	0	1
mmu-miR-6966-3p	0	0	0	0	0	2
mmu-miR-7030-3p	0	0	0	0	0	1
mmu-miR-1963	0	0	0	0	0	1
mmu-miR-7216-3p	0	0	0	0	0	1
mmu-miR-7071-5p	0	0	0	0	0	1
mmu-miR-6358	0	0	0	0	0	1
mmu-miR-669k-5p	0	0	0	0	0	2
mmu-miR-6900-5p	0	0	0	0	0	1
mmu-miR-599	0	0	0	0	0	1
mmu-miR-669h-5p	0	0	0	0	0	2
mmu-miR-3073a-3p	0	0	0	0	0	1
mmu-miR-691	0	0	0	0	0	1
mmu-miR-8090	0	0	0	0	0	2
mmu-miR-7648-3p	0	0	0	0	0	1
mmu-miR-7051-5p	0	0	0	0	0	1
mmu-miR-5112	0	0	0	0	0	1
mmu-miR-6546-5p	0	0	0	0	0	1
mmu-miR-3104-3p	0	0	0	0	0	1
